,text
0,"Through it all, Jason Momoa... tosses off coyly bluff one-liners with understated humor that goes to waste in this bloated and sludgy movie."
1,"Veteran cinematographer Don Burgess's widescreen images beguile, and Bill Brzeski's production design impresses mightily, but next time, someone please give Momoa and company some memorable dialogue."
2,A thoroughly entertaining ride.
3,"But oh, those action sequences: this is what the Tron sequel should have looked and sounded like."
4,"Had this movie arrived as recently as two years ago, it might have been heralded as a higher-end superhero movie. Things have changed, however, in both the DCEU and the MCU."
5,"The bright spots (Momoa, that octopus) can be difficult to really relish amid the oceans of exposition and a typically pulverizing, overelaborate screenplay."
6,"This film is everything, but most of all it's a deliberate confection. It's instinctively and immediately silly."
7,The action sequences are just so gleefully bonkers that one can't help but get swept up in it.
8,If you're willing to surrender to what [James] Wan has created in the depths of his CGI ocean then you're potentially in for a delirious ride of entertaining lunacy.
9,"Aquaman was a film that could have been great, but fell flat. The amazing CGI did not make up for the cheesey jokes and what felt like a dumbed down script."
10,Splash meets Game of Thrones in this thoroughly entertaining slice of submersible superheroics.
11,Another lump of coal in the DC Extended Universe stocking. Unnecessarily loud and horribly written.
12,"After wallowing in darkness for far too long, DC embraces some relatively lighter fun in its latest superhero adventure, Aquaman."
13,"Once in a while, Momoa lets out a gut laugh or barbaric yawp that cements him as that rare thing, a king you want to have a beer with. A king and a fool -- a Falstaff with a six-pack."
14,"Aquaman is not a flawlessly constructed film but takes the DCEU in a welcome direction, enthralling with stunning visuals and grounding itself in humanity."
15,"Somehow, James Wan manages to pull it off, creating a film that not only refuses to apologize for adhering to its roots, but fully embraces the inherent absurdity that comes from trying to bring these characters to life in a realistic setting."
16,Aquaman is forgettable and average.
17,"Hardcore fans of Peter David's take on the character may enjoy this movie... for the rest of the world, James Wan's adaptation is cringy and barely watchable. [Full review in Spanish]"
18,"As many similarities it has with other properties, Aquaman has this infectious confidence that makes it difficult not to like."
19,The film's simple-mindedness makes it work.
20,...could have used more octopus percussionists.
21,"While ""Aquaman"" does manage to have a little more going on when it comes to its narrative and characters than most other entries in the DCEU, it still suffers from numerous other problems, including a repetitive structure and an uninspired climax."
22,"Nothing about this movie works. It is way too obvious, it's got cheesy special effects, it feels like a 1980's film with the jokes, and it's trying too hard."
23,"The best way to define it is like ""the Schrödinger movie"": a film that is at the same time between the best and the worst. [Full Review in Spanish]"
24,One of DC's first genuinely fun and entertaining films. [Full Review in Spanish]
25,"This film knows exactly what kind of film it is, right down to Wan showing off Momoa's on-screen smolder by playing a snippet of rockin' metal whenever he enters the scene."
26,"One indeed comes away from Aquaman interested in what further aquatic adventures may yet be in store, with or without any of his Justice League teammates by his side."
27,"Aquaman does nothing to subvert or expand its genre, but as superhero movies go, this is one of those that's worth watching for the sheer pleasure of it."
28,Aquaman is a success. The film makes the most out of its fine cast and psychedelic imagery and remembers to have some fun along with the world building.
29,Aquaman shows that someone at DC finally learned the most important lesson of superhero films: no one wants to spend over two hours in a theater with a bunch of characters they wouldn't go to get beers with.
30,"With Aquaman, the character, being one of the rare highlights of Justice League, it's reassuring to see Aquaman, the movie, build upon the half-human, half-Atlantean's momentum."
31,"DC have doubled down after the muted reaction to Justice League and thrown everything at the wall, and most of it sticks."
32,"Throughout, Aquaman maintains a level of eye-popping visuals and crazy spectacle that always keeps things interesting."
33,"It's a straightforward and pretty undemanding plot, stretched unnecessarily over two hours and 23 minutes, and the only depth the film has is the ocean."
34,"Not only sets the DC Films universe back on course, but it also introduces a new bona fide movie star in Jason Mamoa."
35,"Aquaman is a goofy, fun time if you don't think too hard."
36,Aquaman is an ambitious film but one that isn't afraid of being campy while being committed as an action-packed underwater adventure.
37,Quite possibly the worst comic book movie ever made...
38,"Like much of the movie, it doesn't really make sense but you just go with the flow and enjoy the ride."
39,"Plot-wise, the result is a hot, foamy mess, my friends, but a mess that washed over me like a tidal wave."
40,"There are a lot of structural problems in this movie, some things that are a little too long...but it's also a very fun movie to watch, and it exceeded all of my expectations."
41,"It's definitely worth the watch, and I do think that the best way to experience this movie would be on the biggest screen possible. I don't think that 3D would be necessary either."
42,It's a hoot.
43,"It's a fun movie, a little long, but the pacing of the action is actually pretty good..."
44,"Action, romance and adventure: It's all here in 'Aquaman.'"
45,"Aquaman has to rely on its visual wonder, as the script is rather rough-shod with some of the worst dialogue I can remember from these capes and tights exercises"
46,It's certainly more entertaining and competent than most of the previous DCEU films but that makes its silly missteps and bloated plot all the more frustrating.
47,"Aquaman may be the movie Arthur Curry's alter-ego deserves, an epic spectacle of ludicrous joy that's as dreadfully terrible as it is thrilling."
48,"It's not the greatest superhero film, but it's not the worst, and everything it has to offer has been done better."
49,"If Aquaman breezes past philosophical dilemmas to get right to the mayhem, at least Wan and company commit to said mayhem 100 percent."
50,Its infrequent shots of fun aren't worth the headache.
51,Too much going on; too little of it matters.
52,"With the game cast, a charismatic lead performance by Jason Mamoa, the electrifying visuals and the infectiously fun tone, Aquaman is a cinematic wave you will want to catch."
53,It's a step in the right direction [for Warner Bros. and the DC Extended Universe.] There's just a few kinks to be worked out before the inevitable sequel.
54,[Jason Momoa] makes the movie really fun to watch.
55,"I like Aquaman. I'm not saying it's a great movie or that it's the savior of the DC cinematic universe, but it is a lot of fun."
56,"All in all it's not great, but it's not terrible. Better than Thor 2, I will say that, but I feel like this is one of those movies I'll forget the plot of."
57,Aquaman appears to have everything except rhythm or a clear vision. [Full Review in Spanish]
58,"With big battles and complex lore, it clearly wants to be an underwater Lord of the Rings, but instead ends up closer to Phantom Menace territory, with some tonally incoherent splashes of Fast and Furious."
59,"Hollywood has given us the greatest, goofiest holiday gift in a long time."
60,a serviceable entry that is worth dipping one's toes back into the DC cinematic waters
61,"Overall, it's not top-notch quality, but a goofy film with a goofy protagonist, a visually stunning world and fun action sequences."
62,"Aquaman's faults are very marked, but its virtues are impressive and manages to create an entertaining experience. [Full Review in Spanish]"
63,There were some cringe-worthy acting moments in this movie...that's due to the script more so than the actors themselves.
64,"Cheesy and ridiculous, but also a surprising amount of fun."
65,"Kinda fun, mostly due to Momoa's charisma and presence, and the underlying sense of levity. Aquaman doesn't suck any more, but he definitely needs a better vehicle than this."
66,A fast-paced free-for-all with fantastic special effects and a solid story about a troubled young man who finds himself the last hope for two worlds.
67,"...naturally overlong, overblown and sopping wet with CG effects."
68,Aquaman is fun. It's a lot of fun! Especially if you are willing to shut your brain off and enjoy the movie on the level it is intended.
69,What follows is a straightforward superhero adventure - but it is all heightened by a couple of standout factors.
70,Aquaman's script is plodding and lacking the emotional weight or character development it needs to draw the viewer in
71,"After the sombre slogs of Batman v Superman: Dawn of Justice and Justice League, it's refreshing to see a hero that doesn't take himself so seriously."
72,"Momoa, Kidman, Wilson and others are there to service the script, even when it gets cheesy, and it does get cheesy indeed, but the film's warmheartedness and clarity of purpose win out in the end."
73,"Aquaman is dumb and loud and really dumb and too long and dumb but also wonderfully creative and shameless; it's both the superhero film we need, and the one we deserve."
74,"Momoa was terrific in the role, and even though it's peculiar that the DCEU is doing things in reverse, we've finally arrived at his time to shine in a solo film."
75,"Aquaman actually breaks the dour DC mold and delivers a gonzo, highly inventive piece of entertainment that has a surprisingly fresh vision overseen by director James Wan."
76,"Aquaman, as directed by James Wan and reconceived by Warners executives chasing after Marvel's jackpot, is all about copycat desperation -- and shrillness."
77,"A fish-folk tale making a spectacle of itself... mindless and muddled with glimmers of grandeur. In truth, Aquaman's appeal is strictly tied to Momoa's enthusiasm: it's infectiously sexy."
78,This action movie has a fair amount of humor in it. Jason Momoa seems to embody the right combination of imposing physique and jovial good nature to pull this off.
79,"Aquaman is far too long, constantly undercutting its charm in service to derivative action sequences that lose all appeal by the third act."
80,A film that luxuriates in all of the absolute dumbest nonsense of superhero comics.
81,"Jason Momoa is perfectly cast as the DC action hero but the movie is not as good as he is. Too long, too many repetitive fight scenes, and just a general dragginess to the whole thing."
82,"When Dolph Lundgren riding a giant seahorse is the least crazy thing in a movie, you know it's taking you to some outrageous places."
83,Aquaman is filled with incredible sequences. [Full Review in Spanish]
84,The special-effects (especially in the all-important underwater environment) never quite pack the wow-factor expected from a massive $225 million production.
85,"[James] Wan definitely took the opportunity to lean into the campiness and Momoa's innate sense of humor, and that's not necessarily a bad thing."
86,"Momoa is a hugely talented comic actor, and he brings a playfulness and enthusiasm to this film which keeps it bubbling along despite - or even as a response to - the tiredness and predictability of the plotting."
87,Aquaman offers two and a quarter hours of pure and simple escape. [Full review in Spanish]
88,The director knows what he has in hand and makes the most of it. [Full review in Spanish]
89,"Two and a half hours literally submerged in a giant fish tank where, except for common sense, everything floats. [Full Review in Spanish]"
90,But the real star of Aquaman is its director. [Full review in Spanish]
91,"I do not have a single reason to recommend Aquaman or its Atlantic or oceanic din, despite its good intentions to denounce the seas' ecological disorder [caused by] human beings. [Full review in Spanish]"
92,"Aquaman is rough around the edges but nevertheless an enjoyably silly ride that unabashedly embraces the cheesiness and weirdness of its world and runs -- er, swims -- with it at full speed."
93,"Offers something that suddenly seems revolutionary -- a superhero movie for... comic book fans. Nearly every exaggerated, Day-Glo frame feels like it was pulled from a hand-drawn panel."
94,"While  Wonder Woman  reveled in the intimacy of Themyscira,  Aquaman  and director James Wan paints the largest picture possible."
95,"It's campy and miles over the top, but fun in its loopy wouldn't-it-be-cool-to-breathe-under-water way."
96,"See it on the big screen for a fun, beautiful, underwater ride. Just don't expect too much in terms of story and acting."
97,"Aquaman is super fun when it embraces its silliness-there's an octopus that plays the drums! There's an army of cranky crab-men!-but by the end, it just feels bloated and squishy."
98,"It may not be coherent, but as far as messes go, Aquaman is certainly one of Hollywood's more watchable ones."
99,"Entertainment value limited to humor and big visual mastery, ""Aquaman"" does mark forward progress for the DC universe."
100,"As the equivalent of a Jason Momoa pinup calendar, Aquaman rates four stars. As a superhero film, this soggy enterprise merits decidedly less."
101,"A superhero origin story with an aquatic Avatar, Star Wars war and Indiana Jones treasure-hunt adventure rolled into one. It makes a seaworthy splash amidst all the superhero fares. A swimmingly rollicking, action-packed fantasy adventure."
102,"The fix is easy: Mo Momoa, Fewer Problems."
103,"A movie where budding romance, rising palace intrigue, and swash-buckling adventure take a back seat to the quiet glee of watching a team of gifted visual effects artists recreate the aesthetic of a Lisa Frank trapper keeper on a giant IMAX screen."
104,"With charismatic leads and some sublime visuals that overpower the ridiculous, Aquaman is DC's second good movie and first real statement piece since 2013."
105,"Aquaman is an underwater spectacle that wholeheartedly embraces its comic book roots, from the costumes to the cheesiness."
106,"Any excitement audiences expected from director James Wan, who has helped reinvigorate the horror genre with The Conjuring series, will wonder if perhaps his success is limited to blood baths and jump scares."
107,"If there was one film to sum up the hit-and-mostly-miss nature of the DCEU, it's Aquaman."
108,"Exciting, visually stunning underwater lore..."
109,One of the most wildly imaginative and purely fun blockbusters of the year.
110,"If the series is going to fully recover from Zack Snyder's early assault, it will have to better marry brains with brawn, resisting the false choice of Wan's salty blow out."
111,It's such a mess not even a fine performance by Jason Momoa as the shirtless and trident wielding good-ol'-superhero can rescue it from the bottom of the sea.
112,Through it all Momoa's muscle ripple as the camera objectifies his beauty in a way that is usually restricted to women.
113,"Take one cliché from every comic book movie of the past decade, put them in a blender, then throw that blender into the ocean. Boom. You've got yourself an Aquaman movie."
114,"Hunky, self-deprecating Jason Momoa is more of an Aqua Dude buoyed by a riotous deluge of dazzling visuals that refresh the DC universe."
115,"We have another movie about a biracial hero coming to terms with his place in the world, a superhero film that enthusiastically embraces its more ludicrous tropes, and a sprawling epic that makes the movies of the DCEU worth watching again."
116,"Aquaman dares to be its own beast. And with a charismatic hero at its center to bridge the divide, DC remembers playfulness can actually be a boon."
117,"Aquaman is goofy and messy and sprawling, hyperactive and jokey ... but it isn't bleak. It is unabashedly itself, and by not taking itself so seriously, it allows room for some actual fun."
118,"Ultimately, like much of the DCEU, Aquaman just can't make things work. While there's a definite sense of humor behind the film, it doesn't take things far enough."
119,"Director James Wan is not concerned with shoehorning his film into the greater DCEU, which gives him the freedom to make a film that rolls Aquaman's origin story and an exciting plot into a movie that surpasses most of the studio's other efforts."
120,"Sorry Charlie, 'Aquaman' is a blast."
121,"Aquaman is so unapologetically over-the-top, its madness is undeniably entertaining."
122,"Generating some modest thrills with minimal genuine suspense, the film dives deep visually while emotionally remaining on the surface."
123,"A refreshing, fast-moving, visually inventive adventure that actually has some heart at the heart of all the epic battle scenes...though Aquaman honours superhero movie conventions it largely avoids that stale formulaic feel we're often forced to endure."
124,One just has to throw up one's fins and give in to the ridiculousness.
125,"Aquaman breaks the mould. It's an authentically light-hearted brand of rubbish, taking a tongue-in-cheek delight in its own absurdity."
126,"Aquaman gives Warner Bros. another base hit for the DCEU, but it might have been better served by making it a Mera-centric film with Aquaman as a supporting player."
127,"It's wildly uneven, tonally all over the map, and clogs the screen with special effects that range from pretty great to pretty bad. (Full Content Review for Parents - Violence, Profanity, etc. - also Available)"
128,"In making the first DC superhero film in a long time to aspire to anything like levity, Wan finds a way to catalyze what might have been yet another dust-dry origin story."
129,"As brain-dead fun, this movie is smarter than you think."
130,"The world-building here is definitely the best of any non-Wonder Woman DCEU film, the action sequences are first-rate, and unlike in Zack Snyder's Superman films, there's actually sunlight."
131,"All in all, it amounts to the most campy DC outing since Joel Schumacher helmed a couple of Batman movies in the '90s. That's not a recommendation."
132,"There's plenty of visual invention on display, but the eye can't totally silence a question from the mind: How much underwater spectacle does an Aquaman movie need before we start to drown in it?"
133,There are so many unnecessary CGI blowups cluttering the movie that Mera's chemistry with Arthur doesn't get the oxygen it needs to ignite the love affair Aquaman wants us to believe in.
134,"Aquaman isn't all dumb fighting and arguing among sea-guys. The movie's biggest selling points are its affable, bear-hug spirit and its lavish, loopy visuals."
135,Beautifully silly and tons of fun.
136,There are parts of Aquaman that are so wonderfully strange that it's astonishing to see them in a franchise blockbuster.
137,It's all eye candy for the viewer. The production designers have outdone themselves.
138,Not all comic book characters have unsolvable mommy issues and sometimes embracing the cheese is a relief.
139,"The costuming is on point and the visuals of the film are amazing. Atlantis, in particular, feels like an underwater Pandora and is a feast for the eyes. Where the wheels start falling off is continuity, scriptwriting and use of characters."
140,"Aquaman is the king of the seas, just put your brain on pause and let the movie wash over you."
141,This movie is a theme park ride... while it's fun it has really no big emotional impact.
142,It's the world of Exposition.
143,"This time the origin story is under the sea in a fight for dynasty, but Aquaman is unable to disembark from the kitsch weight that is characteristically DC. [Full Review in Spanish]"
144,"There are some impressive battle sequences but a few too many moments of poor CGI, making it feel like you are watching a cartoon or someone playing a video game at times."
145,"Even graced with the charming company of Momoa and Nicole Kidman, who is having a blast playing his high-kicking, otherworldly mother, the timing and tone of this movie is consistently off."
146,"While its stunning visuals and underwater combat make it a vast improvement over many of the other DCEU films, an overcrowded story and campy dialogue make it far more exhausting than exciting."
147,"The screenplay must have had the line ""suddenly, they are interrupted by an explosion"" copied and pasted randomly several times throughout."
148,"DC Comics' oceanic superhero gets his own movie, but star Jason Momoa isn't enough of a screen presence to carry the weight."
149,Either the best bad movie or the worst good movie of 2018.
150,"Momoa, while amiable, is like a handsome stuntman. He and Heard cannot carry the film. Derivative action. Creatures from menu at Red Lobster."
151,"Because it is entertaining, ""Aquaman"" can rest comfortably as the second best film in the DCEU."
152,"Wan's descent into comic book fantasia is close to incredible, even its frequent missteps overflowing in an infectious giddy fervor that's close to wonderful."
153,"With the world the way it's going, it's not surprising people would rather watch a buffed guy swim with dolphins. But with so many resources spent on it, this is one underwater adventure that dries out fast."
154,It was only about 20 minutes into Aquaman that I heard the unmistakable sound of a movie taking on water... Titanic didn't go down this fast.
155,Is there anything hugely wrong with Aquaman? Not really. Is this a missed opportunity? Yes.
156,Aquaman works because it isn't laughing at itself-it's both joyously whimsical and confident in its own sea-worthiness.
157,"I can recommend Aquaman as a fun couple of hours in the theatre. It isn't going to re-write cinema or anything, but I do think it keeps DC in the running for being able to produce an enjoyable movie that entertains fans and casual watchers alike."
158,"There aren't enough drumming octopi to make this movie memorable, an observation I thought I'd never have to make."
159,"Take a dehumidifier to ""Aquaman,"" and after all the water evaporates, what's left is a garden-variety superhero movie."
160,"Just plain fun, and manages to establish the franchise as a solid pillar to stand alongside Batman, Superman and Wonder Woman."
161,"While DCEU heroes like Henry Cavill's Superman and Ben Affleck's Batman were unbearably solemn, it is easy to see that Momoa is having a blast in the lead role."
162,"You lift, Dude Bro? Cuz this ship is sinking..."
163,"Only Julie Andrews voicing a sea monster, a CGI octopus playing eight drums at the same time, and Roy Orbison's ""She's a Mystery to Me,"" which backs a video-like tribute to Curry's blooming love interest (Amber Heard), gurgle up anything memorable."
164,"CGI action fans will be awestruck by the special effects which dominate Aquaman, a must-see in 3-D."
165,"The underwater world is CGI at its most smothering-your eyes cry out for air, for tangibility. Everything is weightless and yet oppressive, like a sheet tangled around a drowning human body."
166,"For some it might be an acquired taste, but it succeeds by pairing simplistic narrative ambitions with an authentically wild visual experience."
167,"Sure, it's memorable, but it's far too unwieldy to be effective."
168,"It's predictable yet fun; it's a worthy hero origin, but being that it's this good for a hero so heavily chided for so long, it feels like even more of an accomplishment."
169,"As superhero origin stories go, it's actually an improvement over most of the movies based on DC comics."
170,"...it's a more memorable movie than most of the lesser Marvel films, and thus, DC takes another step toward righting the ship."
171,"Aquaman is not really a bad movie by DC's standards, but it is the weirdest thing they've made in recent years by a country mile - and not always in a good way."
172,"The film's hyperkinetic nature makes it impossible to be less than entertained. But because Aquaman is always go, go, go, there's not much room for character development."
173,"Halfway through the waterlogged kookiness that is Aquaman, I half expected the title character to announce that he lived in a pineapple under the sea."
174,"It's a Saturday morning cartoon with an insane budget. The visual effects are stunning, but there are a lot of narrative and pacing issues...the movie saves itself continuously with phenomenal action sequences."
175,"I think the movie is fun. For some reason, some people can't accept it...when can ""fun"" not be an acceptable way to describe a movie?"
176,"It brings across that feeling of how deep, dark and mysterious the sea is."
177,"There was no theme, ultimately, but the music did help move the movie along..."
178,Even Arthur seems to know this is all 'find the maguffin and save the world' but the film can't have that much fun with it. The screenwriters have to play through the typical save the world/fulfill your destiny plot with predictable twists.
179,"The latest movie from the DC Universe is an embarrassing shamble that is highlighted by clunky dialogue, characters who constantly shout their dialogue and hackneyed CGI special effects that look as if interns created them."
180,"Like the title character, the movie is nice to look but does itself a disservice by speaking."
181,"[Aquaman's] delightful silliness does point to what these movies should have been doing all along: standing alone, rather than trying to reconcile the weird worlds of its various heroes for premature team-ups."
182,"[A]s soon as [James] Wan's able to free the beast at ... the film's midway point, Aquaman realizes its potential as a show-stopping blockbuster oddity."
183,"While Aquaman is one of the better DC films, it is still fairly uneven. It gives us a glimpse at a whole new mythos and makes the world of Atlantis feel ancient, creating a fantasy story that offers something different for DC fans"
184,When you're riding a damn shark into war and there's an octopus playing drums and also Nicole Kidman is there? I wouldn't say no.
185,A fantastic display of Big Trident Energy that's more than happy to attempt beating you into submission.
186,The wow factor is gone - it's a bubbly undersea yawn.
187,"Aquaman mostly ignores establishing, let alone developing or evolving, its eponymous superhero in any meaningful way."
188,A colorfully over-the-top comic book adventure that overcomes tonal stumbles and some iffy CG with pure charisma and fun.
189,One of the most enjoyable movies in the so-called DC Universe...its cheeky sense of humor and striking visuals make it a better-than-average example of the genre.
190,"None of it makes a ripple of sense, even when blown up to IMAX 3D size."
191,"Momoa might nail the everyman end of the spectrum, with copious beer guzzling and manly hair flipping, but he doesn't invest this dude with much regal leadership potential."
192,"Like the Star Wars prequels, like Avatar, it's a movie with tons of problems, but it also contains images that made me catch my breath - gorgeous and even numinous sights I will remember forever."
193,"Big in every way , but fortunately not ALL wet thanks to a lively Jason Momoa and some terrific underwater visual effects."
194,It swims more than it sinks.
195,"Wan has a great visual eye or, at very least, a master's degree in CGI."
196,"James Wan's Aquaman has way too much going on. It's all three Lord of the Rings underwater, with a grand finale giant fish war that's like the largest tureen of bouillabaisse ever cooked."
197,"A strong, effective story that makes the Aquaman character feel like a genuinely big deal... A triumph. Go and see this big 'n' loud as soon as you possibly can."
198,It is far too silly to be taken seriously and far too plodding to work as some kind of oddball oddity. It never sinks to the depths (sorry) of a complete misfire... but it just never clicks.
199,The underwater action-adventure picks the most over-the-top elements of James Wan's directorial style and mixes it with cartoonish CGI and 80s comic-book madness for a laughably bad end result.
200,"It took a while, but the DC Extended Universe finally has embraced the inherent silliness of superheroes."
201,"Check your brain at the door, and you should mostly enjoy its 143 minutes."
202,"For all its wild spectacle and cartoon cleverness, this is a quietly subversive movie, and an evolutionary step forward for the genre."
203,"[Jason] Momoa's made for this sort of over-the-top action role and if we can't have him back romancing Khaleesi and leading the Dothraki, then an Aquaman outing will just have to suffice."
204,"Visually spectacular with an exquisite aqua colour palette, the film is an inventive and immersive underwater fantasy firmly anchored by its larger than life star, Jason Momoa."
205,"""Aquaman"" is weird and corny and fun, but it would have been more fun if the weirdness and corniness had been dialed up to 11."
206,"Aquaman is the increasingly rare superhero movie that's also a star vehicle, as well as being one hell of a triumph for its director."
207,"It's as splashy, action-packed and utterly bonkers as you'd expect a story about a fishy fella who can save the world would be."
208,"What ultimately holds it together is that this film is self-aware about its silliness, to the point that it is often sublime."
209,"The periodic bursts of creativity and weirdness can't fully hide the fact that this superhero epic doesn't offer anything new. It's mostly fun, but could have been way better."
210,"You're just waiting for the wild final act, when Wan fully embraces the metal promises of this Aquaman concept, and we get to witness Arthur fighting fishmonsters and Mera straddling an Orca as she rides into a psychedelic subaquatic battle."
211,"... from beginning to end, Aquaman is big dumb fun. It doesn't dare take itself seriously, and it's a better movie for it."
212,It looks as if we've finally got what we've long asked for: a superhero with the looks and attitude of a forgiving bouncer in a Venice Beach heavy metal bar.
213,"Not even an up-for-anything Jason Momoa can save Aquaman from being a joke. Still, the fun is a relief after all the recent DCEU superhero gloom. Any fish epic that finds time to show us an octopus playing bongos gets a pass in our book."
214,"Whatever the case, Aquaman falls into an uncomfortable try-hard dead zone that leaves it in better shape than, say, Batman v. Superman or Suicide Squad, but just shy of the gleefully anarchic predecessors... like Jupiter Ascending."
215,"At times, the plot feels like the 12 Labors of Hercules, with a couple of extra labors thrown in just for the heck of it."
216,"The saving grace of director James Wan's great-looking and reasonably entertaining but also meandering and sometimes truly ridiculous Aquaman is that everyone from screenwriters through the talented cast seems to get the sheer, waterlogged lunacy..."
217,"...so utterly entertaining, wickedly inventive, and insanely paced that it comes spinning into cinemas like a breath of fresh ocean air."
218,"This movie is really entertaining -- a lot of fun! But it's also ""a lot,"" period."
219,Aquaman is so exquisitely tailored to and fitted around the outsized personality and impressive form of Jason Momoa that it's almost impossible to distinguish star from vehicle from character.
220,"If Aquaman has anything going for it, it's the fact that it fully embraces just how ridiculous it is."
221,"It's just two and a half years of - sorry, two and a half hours - of oceanic screen savers and hair that won't stop undulating so we know when we're underwater."
222,"It seems director James Wan had one overarching goal in making ""Aquaman."" His prime directive? Crush the audience into submission."
223,"Playing like a modern-day parody of '80s fantasy films like Clash of the Titans, Aquaman embraces the camp, the zany, and the weird."
224,Wan swings for the fences in crafting arguably the most ambitious comic book film we've seen on the big screen yet.
225,"A big dumb acid-trip of a super-hero movie - relentless, noisy, entertaining nonsense, with trippy sight gags like a drum-playing octopus and a wedding dress made of jellyfish."
226,"While Momoa is just fine as the titular ""Aquaman,"" [the] screenplay features far too little humor and far too much origin story - by the time Orm's visiting those remaining undersea realms, they feel like jammed in afterthoughts."
227,"It's big and splashy, a visual feast with real stakes, but also with an earnestness it wears proudly on its sleeve."
228,"Released fifteen years ago, this flick would have been a good enough romp to pass the time. Now, however, with the advent of so many incredible superhero ventures, Aquaman just feels stagnant."
229,"Obviously, there are some negatives here. Still, AQUAMAN is a hard movie not to recommend. It is often funny, has a good heart, and its star proves incredibly endearing."
230,"[Momoa] clearly knows he cannot take the subject matter too seriously, and there is always that wink, smirk and devil-may-care attitude that makes him rather charming."
231,"James Wan has thrown everything he can think of on the screen, but the best special effect in this extravaganza is Jason Momoa's hair."
232,"The film is indeed a little stronger in story and character than some of its predecessors in the DCEU have been, but it still has a long list of problems all its own to contend with."
233,"Is it too long? Yeah, probably. Does it contradict some of the things we learned about Aquaman in the Justice League movie? Nothing important. The elements that work far outweigh the ones that don't."
234,"A visual and audio symphony by James Wan, which takes VFX storytelling - and the DCEU - to a whole new level. This movie has to be seen to be believed!"
235,Another disappointing entry in the DC Comics cinematic universe.
236,To use a cliche - because this movie loves them - it's just crazy enough to work.
237,"Aquaman is a hard concept to buy into, but when this much thought and care has gone into its construction, it's easy to get caught up in the wonderment of it all without asking too many questions."
238,Aquaman promises to bring hope to the DC universe. [Full review in Spanish]
239,"Royalty is merely dignified status. Heroes are revered legends. Cue the ""why not both"" gif and you've got Aquaman."
240,"Love Momoa -- but two hours and twenty-three minutes is plenty of time to contemplate why Warners cannot manage ""the Marvel touch."""
241,"Momoa is a triumph in this joyously spectacular tale of myth and modernity; its hero so endearing it's easy to ignore the clunkiness of the dialogue and a villain treading water until next time. The salt water gets everywhere, I even found some in my eye."
242,"It's good that Aquaman is so action packed and full of visual distractions that it doesn't leave you any time to reflect because once you stop to pause, the plot really sinks."
243,"There is the occasional cool visual and clever world-building detail, like jellyfish couture and eye-popping underwater physics, but ""Aquaman"" never fully commits to its lunacy."
244,Aquaman is a visually entertaining superhero film that is sure to entertain the masses despite its flaws.
245,"When it's not tediously predictable in its clichés, its complete lack of narrative or thematic daring, and its colorless meathead hero, it's a mess of incoherent action and noisy psychedelic chaos."
246,"[Aquaman[ has seven seas' worth of the simpler kind of wonder, the razzle-dazzle imaginative kind."
247,"At times, though, it's ludicrous even for kids' stuff, and its undersea make-believe means we face an even heavier battering from CGI than comic-book movies usually deliver."
248,It left me weary and water-logged. Blub-blub.
249,A spirited pulp-adventure that should make doubters take this fishy hero seriously.
250,"""Aquaman"" is pure camp, wildly entertaining and an eye-popping spectacle. You have to admire the effort, scope and sheer audacity of everyone involved."
251,"The character engagement is minimal and Wan doesn't make enough use of the charismatic Jason Momoa in the titular role, however there's a certain allure to the weird and wild places the film is willing to go on its bloated voyage."
252,"As deeply entertaining as Aquaman proves to be, its full potential hasn't even begun to break the surface."
253,"Superhero stories aren't just about fighting, but the examination of self. When Aquaman remembers this, it's a sight to behold."
254,"""Aquaman the film isn't as deep as the ocean, but Aquaman the man is just as captivating."""
255,An overstuffed B picture which stretches its fun too thin.
256,Aquaman - for the DC Universe - is better than expected. But if you understand the cinematic inconsistencies within the franchise then you know that's not a complement.
257,"The film isn't totally unenjoyable, but it isn't particularly coherent either."
258,"At times spectacularly stupid, at other times just plain spectacular, Aquaman is Thor by way of the Fast and the Furious franchise."
259,"The film is a treat to behold whenever it dives into the ocean as Wan embraces the absurdity at every turn, wearing the inherent goofiness as a badge of honour."
260,"It's neither the worst nor the best superhero film of the year, but it feels small compared to efforts like 'Infinity War' or 'Spider-verse'. [Full review in Spanish]"
261,"When you start worrying in a superhero universe about the mechanics of how it works, it means that something isn't clicking."
262,"I'm not saying Aquaman is good. But it is extremely watchable, totally insane good time."
263,"But that did not justify a film that does not go either up or down, but floats desperately in a languid ocean so shallow that floating in it is clearly useless, unnecessary, a vile waste of energy. [Full Review in Spanish]"
264,"It's 2018, and I bought an Aquaman movie...it's Momoa or bust...the more I think about it, the more I like it."
265,"There are a lot of things that work. The writing isn't the best, though and there are a lot of repetitive shots...just barely, it works."
266,"Sadly, it's a crazy amalgam of subpar storytelling, non-stop action and constantly swirling camera work. Motion sickness ahoy!"
267,Aquaman is simply too over-stuffed and over-long.
268,"This is a competent enough origin story, but its oddball nature means that it's unintentionally hilarious at times."
269,"People will be very cross that I don't ""get"" what was trying to be done, or that I didn't catch the comic references - but you know what? Get in the sea."
270,"There is plenty here to admire and enjoy. Too much, really."
271,"I didn't hate Aquaman, though at close to two-and-a-half hours it was beginning to outstay its welcome when the credits finally rolled."
272,"Director James Wan (Insidious, The Conjuring, Saw) has brought a very particular vision to the project and it's undoubtedly a brazenly idiosyncratic take on a superhero movie."
273,"Aquaman is a colorful, action-packed spectacle with a somewhat feeble plot. Jason Momoa gives our hero a sardonic smile and punishing physical presence."
274,The film's real heroes are the SFX wizards and the production design team. They have really surpassed themselves creating fantastic underwater realms and making them teem with even more fantastical creatures.
275,"It's equal parts Game of Thrones and Indiana Jones; like Black Panther told from Killmonger's perspective. It isn't as polished as Wonder Woman, but neither is it as putrid as Batman v Superman: Dawn of Justice."
276,"Not only it's surprisingly fun, but also visually ambitious. [Full review in Portuguese]"
277,"Whilst Aquaman is far from perfect, it still delivers an entertaining, vibrant ride and Momoa shows us what DC really stands for - Damn Cool."
278,"Go on, dive in."
279,"There are no answers, because none are deemed necessary."
280,"However, beyond the exuberant visual display to give life to the civilization of Atlantis and to develop the spectacular underwater battles, [James Wan's] contribution in Aquaman is disappointing. [Full Review in Spanish]"
281,"With ups and downs between the fantastic and the absurd, Aquaman is plainly a fish out of water. [Full Review in Spanish]"
282,"It has very little to call its own and in its quest to join the greatest hits, it ends up imitating some good hits without creating anything original. [Full Review in Spanish]"
283,Director James Wan manages to make the film be unlike anything else in the genre. [Full Review in Spanish]
284,"In short, Aquaman has tons of basic dialogues, a finite plot... and battles in hundreds of liters of water. [Full review in Spanish]"
285,Underwater origin story has lots of comic book action.
286,"Like the story, the lines, the performances and the design, Aquaman is part camp, part kitsch, but all crap."
287,"Mercifully the scale is reduced to a more human size for the last action sequence which allows Momoa and Wilson to show off their posing and trident skills, which are considerable. The film is sure to be a rich source of desktop backgrounds."
288,"Aquaman, it's worth repeating, is gorgeous, the set-pieces across the various kingdoms of the underwater realm examples of artists allowed to not just hew close to the messed-up source but indulge in their own inspirations as well."
289,"Not perfect and a little long but fun, chaotic, an full of action, humor, adventure and a carisma-filled cast that enjoys itself as much as it wants the audience to enjoy it [Full review in Spanish]"
290,A fascinating and admirable journey that includes almost every element of the superhero genre you can think of. - [Full review in Spanish]
291,"Jason Momoa shines in a lighter-hearted role, and filmmaker James Wan fully embraces the plot's increasingly ridiculous gyrations."
292,"The DC Comics aesthetic has never been more accurately portrayed on screen, so it has that going for it. Narratively, though, it's still kind of a mess. [Full Review in Spanish]"
293,"It avoids being sheepish about its more preposterous concepts, instead revelling in its comic book goofiness for a rollicking B movie adventure."
294,"Bold, ambitious, visually stunning, and wonderfully unique, James Wan's Aquaman is one of the best comic book films of the year."
295,"Aquaman is an adventure without an anchoring character or idea, and suffers from the plodding stolidness of its lead actors."
296,"It's still style over substance a lot of the time, but that style bears a real love for the source material, and that's what should be at the heart of every superhero film. Well, that and Jason Momoa's abs."
297,"An epic adventure that takes audiences up in the air and down to the depths, offering myth, muscle, and pure big screen scale."
298,"It's just a fun, unchallenging adventure movie - perfect for the Christmas season."
299,"Aquaman is a step toward restoring equilibrium, creating a sprawling undersea world that most closely resembles the Thor franchise in terms of scope, majesty and happily, humor."
300,Aquaman is such an eyeball-scald and an eardrum-shiv it makes me long for the relative excellence of Justice League.
301,"Wan manages to marry Arthurian fantasy and swashbuckling adventure with camp in Aquaman, a film that feels a little like a miracle in Warner Bros.' catalogue of superhero movies"
302,"Jason Momoa is an excellent Aquaman and the world of Atlantis looks like something out of ""Avatar."" But there are some things that feel too cartoonish, some jokes don't quite land, and the film continues to make some mistakes of past DC entries."
303,Director James Wan keeps things moving but seems a little out of his depth when fishing for laughs.
304,Aquaman is a flawed but thoroughly entertaining adventure movie and certainly one of the strongest instalments so far in the inconsistent Worlds of DC franchise.
305,James Wan knows how to have fun with absurd material without making fun of it.
306,"It had a few stumbles, but as a whole, it is an awesome action-packed adventure."
307,"What DC's Aquaman movie lacks in refinement, it makes up for with action spectacle and a whole lot of fun personality from Momoa's Arthur Curry."
308,"Not since ""Superman: The Movie"" have I seen a DC comic book movie wear its heart on its sleeve, unveiling every single element of the Aquaman lore with sheer unabashed excitement and enthusiasm."
309,"[Aquaman] wasn't for me, but I admire a lot about this movie."
310,"A superhero movie with the scope of an epic but the spirit of a mischievous boy, ""Aquaman"" is a goofy, uneven adventure that proudly sticks to its loopy vision even if it doesn't quite work."
311,"I won't front like I didn't enjoy some elements of the film, but as a whole? It felt like I was watching a film based on what worked in a number of superhero flicks over the last few years."
312,"Jason Momoa's surf-bro superhero is a welcome addition to a ponderous genre, but his movie as a whole is waterlogged."
313,"It's 20,0000 leagues over the top!"
314,"With fun, nonstop action, Wan's stylistic direction, and strong charismatic performances (especially by Momoa), ""Aquaman"" brilliantly solidifies that the DCEU is here to stay."
315,"[A] nonstop rollercoaster ride of heart-pounding action, eye-popping visual spectacle, and all-around crowd-pleasing blockbuster entertainment that is insanely enjoyable to watch."
316,Aquaman contains a one-on-one gladiator-style battle underwater and surrounded by lava. An octopus is also on the drums hyping up the fight. That's not even the craziest image in this aquatic adventure
317,"Bloated and overcooked, yes those two things are possible, the film somehow succeeds in its own zany weird way. Aquaman should be seen on the biggest screen possible with the least pretentiousness given."
318,"The real appeal of Aquaman comes down to director James Wan, who goes full bore with all the Silver Age pulp the source material has to offer."
319,"A fun, exciting, imaginative, occasionally silly but undoubtedly epic adventure that establishes an incredibly rich new cinematic world."
320,Aquaman works as well as it does because director James Wan gives us a story in which we find ourselves wanting to tag along for the fun.
321,"Like with so many movies tasked with introducing unseen worlds and great reams of brand-new mythology, Wan's contribution to the DCEU offers a busy, overpowering deluge of information even if he conjures some stunning, operatic imagery along the way."
322,"A star turn for Momoa, who leads the ridiculousness of this anarchic, campy superhero outing with serious energy and charm. Another promising move for the DCEU."
323,"It's certainly fun to watch, and I spent most of it giggling with glee and/or dismay at how crazy it all was. But it also feels like wasted potential."
324,"Rich and retro, Aquaman is a higher form of adventure hokum. It is made to silence people who grew up saying, ""They don't make films like that any more."""
325,"James Wan has absolutely no sense of taste, but he has a grand sense of scale, which he leverages throughout the ludicrously insane, but fun, Aquaman to great effect."
326,Swims into cinemas on a high tide of stunning CGI and waves of superhero comic book action.
327,"It feels like a step in the right direction for the DCEU. What's more, its hero's former 'joke character' status is kept well at bay."
328,"Take away Momoa's steady presence, and you're looking at an overstuffed mess that provides entertainment purely in an OMG-this-is-a-disaster kind of way."
329,"This is a let-down: a laborious, slow-moving and dripping wet film, barnacle-encrusted with solemnity and with a ripply-underwater production design that looks like a giant version of the kitschy items that you put in fish-tanks."
330,"Notwithstanding the inevitable formulaic dialogue and a superabundance of boilerplate superhero action sequences, ""Aquaman"" turns out to be, almost despite itself, an engaging undersea extravaganza."
331,"Wan weaves comedy, sci-fi, high fantasy, and action into something that constantly surprises. Jam-packed with brilliant action, spectacular visuals, and likable characters, Aquaman is never afraid to have fun, which makes it a bright spark in 2018."
332,"Aquaman needs its smirking, beer-loving, roadie-looking, Chippendale-chested hero -- not to save the day, but to remind us that this is stuff is about as goofy as it gets."
333,"Aquaman's as formulaic, excessively thrashy, and mommy-obsessed as any other entry in the DCEU, but its visual imagination is genuinely exciting and transportive, and dare I say, fun."
334,James Wan has created something that feels fresh and new in a genre that is beginning to feel very tired and formulaic.
335,"There's a knowing silliness to Aquaman that helps gloss over its sometimes-shaky CG and over-complicated mythology, and a willingness to go for broke that keeps us guessing about what we'll witness next."
336,I would watch Arthur Curry splash around throwing punches twenty times rather than return to a color-drained and depressing cityscape where the hero is sad and mad.
337,"Should I cheer? Should I laugh? Is everyone okay? Aquaman is one strange movie, but certainly a fun one."
338,"Aquaman is a well blended smoothie of 1980s fare, which often works to its advantage but sometimes results in clumsy and clunky moments."
339,It's just H2-OK.
340,"Despite the nagging flaw that is Aquaman's hyper-extended plot, the movie delivers in its action sequences and its bright visuals."
341,"It might suffer from a patchwork script, a lack of sincere characterization, and tonal shifts that are more chaotic than any shark-on-whale battle, but damn if it doesn't look pretty."
342,"Its unapologetic ridiculousness is exactly why it's so delightful, bucking so many of the rules set for the genre in the last decade."
343,Wan has taken a seemingly impossible task and imbued it with clarity and personality.
344,"Watching this movie is like spending two hours and 27 minutes staring at a gigantic aquarium full of digital sea creatures and actors on wires, pretending to swim."
345,"Often divertingly colorful and busy to a fault, Aquaman seems to dare us to mock the world of comics' most risible superhero."
346,"[James Wan's] conjured an intriguing world, but populated that world with dramatic cotton candy and silly characters, including a hero who's unsure if he wants to make us laugh or feel - and winds up doing neither."
347,"In a better world, ""Aquaman"" would excel at delivering an ecological message to the masses. But all the fish in the sea can't salvage a movie that refuses to go more than surface deep."
348,"The majority of the time the action set pieces seem quite arbitrary... This saddles the overlong film with a ponderous, grinding feel, one driven by a sense of obligation more than the glee of inspiration."
349,"For all its sporadic wackiness and wonder, on balance Aquaman still comes out a bore. But they've given it a heroic shake."
350,"Welcome to Aquaman, where you won't have a clue what's going on, but you won't be able to look away either."
351,"It is rousing fare, made with enough conviction for it to get away with its moments of extreme kitsch silliness."
352,"Even with its flaws and struggles with originality, Aquaman is reminiscent of the early Marvel movies in its storytelling, best when taking wild swings instead of being an earnest superhero jam."
353,"Aquaman swims more often than it sinks, buoyed by stunning visuals and an inherently compelling world that should be further developed beyond this origin film."
354,"This is grandiose, big-budget entertainment at its most self-aware, and even when it swings and misses, it's still a sight to behold."
355,"This really is the quintessential 21st century popcorn movie. Almost every shot has CGI surrounding the actors, it has a diverse cast, and there's enough action in it that you'll never feel bored."
356,The glee that director James Wan clearly has playing in the world of Aquaman is infectious. He's made a movie for both types of 10-year-olds: literal kids and those who are 10 at heart.
357,"Somehow manages to be the perfect blend of Star Wars, Lord of the Rings and even a little Indiana Jones, yet still manages to be its very own thing."
358,"Sitting through Aquaman I had that feeling that I was watching a bad movie, but by the time the end credits rolled I had to accept the fact that I was consistently entertained and never bored by James Wan's crazy blockbuster."
359,"""...a candy-colored underwater world that has humor and heart...If you can accept that people ride giant seahorses into battle, you are going to have a blast at this film."""
