,text
0,"At stake, as ever, is the fate of the universe. Why must it always be the universe? What's wrong with the fate of Hackensack? Doesn't anyone care what happens to South Dakota, or Denmark, or Peru?"
1,"The insubstantiality of the film isn't due to the infinite yet flimsy malleability of C.G.I. gimmickry but, instead, to the dispersion of its drama throughout the many cinematic installations set in the Marvel Cinematic Universe."
2,"Never has the ""Marvel Cinematic Universe"" seemed like more of a universe, in ways both good and bad. Infinity War-the title is almost too apt-is far from a perfect movie, but it is probably close to the best movie it could have been."
3,"Some of the sequences are undeniably thrilling but, at about 2-1/2 hours, overkill sets in early."
4,"""Avengers: Infinity War"" isn't just a gussied-up mediocrity being widely mistaken for a good movie. It's also, at least arguably, a dangerous movie for anyone who cares about the future of American cinema."
5,"Maybe the quips and the punch-ups are there because they have to be, what with the film's steady parade of failure and even death. Plans fail. Character fails. Even sacrifices fail. It's not exactly refreshing, but it is bracing, and even gratifying."
6,"Wildly disparate persons and their widely disparate worlds are thrown together in a potpourri of cinema that will thrill you if you're a Marvel fan, and probably leave you less exuberant if you're not."
7,The story happens largely in the absence of any narrative structure.
8,"Avengers: Infinity War will rip your heart out over and over, but you will beg for more. With a cast this big, it could have easily been a mess - but it was anything but."
9,"A huge, monumental feature that will at once please, torture, frustrate, and delight its dedicated fanbase"
10,"This is the kind of film that comic book fans have spent their entire lives dreaming about, one that breathes life into events that heretofore could only have existed on the page, or in the imagination."
11,The directors demonstrate how to juggle disparate segments while maintaining an emotional thread.
12,One thing that positively separates Avengers: Infinity War from other MCU films is that our villain Thanos is a real threat...it truly felt like anything could happen.
13,Infinity War is fun and does a nice job of mixing all the tones from these characters' other films. It's peak superhero entertainment.
14,"If you are a fan of the Marvel Cinematic Universe, you will want to watch this movie with like-minded fans."
15,I'm not the greatest fan when it comes to comic book movies but this one feels so epic and ambitious it's hard not to become engaged with its story. [Full review in Spanish].
16,"It's a mostly-thrilling roller coaster ride for Marvel fans, though I wouldn't say it's my favorite in the MCU canon. Some parts are overlong and some went by way too fast."
17,"If you're a MCU fan, watch it. If you're a comics fan, watch it. If you love action, watch it."
18,It's still mostly a good movie with a lot of fun scenes. They do a good job balancing all the characters but I did not like the ending
19,"A triumph for Marvel, Disney and blockbuster filmmaking. By fusing the best parts of the 18 movies behind it, the sum is considerably greater."
20,Infinity War highlights just how dude-centric the MCU has been for 10 years.
21,Infinity War truly felt like a perfect culmination of the whole MCU [Marvel Cinematic Universe].
22,"Directors Joe and Anthony Russo have already demonstrated their ability to keep a lot of superhero plates spinning, but they take their talent to a whole new level here, somehow finding a moment for every character to shine."
23,"While the movie has all of the humor and wit that have become Marvel's trademark, this is also the darkest and most devastating onscreen offering they've ever given us."
24,"Personally, I think that most people will either like this movie or love it."
25,"It manages to give the audience a full gamut of emotions, from rage to heartbreak."
26,"In the end, the plot of the film was still the same familiar Marvel clichés, just shown from a new perspective."
27,"Wall-to-wall action, a well-developed lead villain, and some legitimately funny moments, as a celebration of 10 years of the MCU, this is a real blast."
28,"Infinity War works on a visual, narrative and emotional level."
29,"Avengers: Infinity War wasn't merely a film, it was an event-my usual cinema was jam-packed with eager fans, buzzing with excitement. The most astonishing moment of this entire experience was the weight of leaving the cinema in a heavy silence."
30,"We have such feels when we watch Infinity War because Marvel has earned our emotions. They built these characters, they developed our connection to them and we've seen them struggle with heroics to always come out on the right side."
31,"[Avengers: Infinity War] is a humongous film, just like its villain, and thoroughly enjoyable."
32,The MCU has arrived at one hell of a climax.
33,"[It's] a gargantuan circus tent and functions roughly the same; maybe you don't like every act in the circus, but the ones that you do are worth the admission alone."
34,"Infinity War es la película más grande que Marvel Studios ha puesto a nuestro alcance, pero con casi veinte películas que le preceden, hay una pequeña sensación de que el MCU nos ha dado todo lo que tenía para ofrecer."
35,"If you take away only one thing from this review, make it this: you will not be disappointed with this movie."
36,"Filled with emotion, thrilling action, great character dynamics, dark themes, and an incredible ending, Avengers: Infinity War is simply one of the best Marvel films to date."
37,"Marvel's 10-year plan to get viewers invested in its flawlessly cast roster of geniuses, weirdos, misfits, and monsters has actually worked, finally paying some real emotional dividends."
38,"Now in their nineteenth endeavor, the Joe and Anthony Russo-directed Avengers: Infinity War, Marvel Studios demonstrates, not with a bang but with a whisper, that they are mighty."
39,"It seems every MCU film has been increasingly bolder; none are as trusting that audiences, wherever it goes, will follow as this is."
40,"The emotional stakes are raised in this exciting Marvel entry, which manages to balance all of its storylines remarkably well."
41,"But if you've been a fan of even a small handful of the previous Marvel films, there's little chance that you won't feel satisfied with this. And by 'satisfied', we mean shaken to the core."
42,Infinity War is a worthy entry into the franchise and it encapsulates all the best aspects of the Marvel Cinematic Universe--which is mainly the character interactions.
43,Infinity War manages to live up to an insane amount of hype. These characters are just so fun to watch together on screen that I hope it never ends.
44,"""Avengers: Infinity War"" just has so many characters to deal with that it struggles to feel like anything truly special other than fluffy entertainment."
45,"Fantastic fun, though with so many superheroes jostling for position it's hard to delve deep even in 2.5 hours. There are plenty of jokes, some hilarious, some endearingly clunky. Brolin imbues Thanos with remarkable depth."
46,"For those who have been waiting for this culmination of Marvel's efforts for the past decade, Avengers: Infinity War will be a strong experience."
47,"The defining chapter in the next step of the world's biggest film series, Avengers: Infinity War has to be seen on the big screen in order to be truly appreciated."
48,"It's still incomplete and next year's follow-up may change everything, but at the moment, it appears Marvel's ambitious opus, ten years in the making, has been worth the build-up."
49,Infinity Wars just doesn't have a lot of style to call its own
50,"Infinity War is not just trash, but it turns age-old questions of faith into trash -- and does it for fun. Maybe the best word for that is: pathetic."
51,"Audaciously epic and stirringly entertaining, it's a devastating, historic spectacle (emphasis on devastating)."
52,Infinity War is a very fun movie that rarely stops to take a breath.
53,It is a monument to everything Marvel Studios has accomplished to this point whilst also eschewing many of the expectations and clichés it helped build about the genre.
54,"Short version: Very good, better than the second, not as good as the first, not as good as Guardians of The Galaxy 2 or Black Panther more recently."
55,"Avengers: Infinity War is like a Thanksgiving feast for Marvel fans. It's the characters we love in action together on a scale we've never seen before. But as a complete experience in and of itself, it just isn't."
56,Infinity War is not a bad movie by any stretch of the imagination...but it comes off more as the crossover story arc you need instead of the one you really want
57,The culmination of the Marvel Cinematic Universe's first 10 years will wreck you emotionally.
58,Avengers: Infinity War is the most Marvel movie that Marvel has ever Marveled.
59,...the pseudo-TV episode Infinity War just builds upon its 18 predecessors only to burn them all to the ground to make us Tune In Next Time.
60,A spectacle that leaves the audience breathless.
61,"That the film holds together as well as it does, and provides some truly fan-destroying shocks along the way, is nothing short of miraculous."
62,An overstuffed but ultimately satisfying chapter in the ever-expanding Marvel world.
63,"It's emotional, it's grim, it's fun and it's big - Avengers 4 has an awful lot to live up to, but for now, just bask in the excellence of Infinity War."
64,"The 19th film in Marvel's ongoing series is, by a wide stretch, its most challenging."
65,"The culmination of ten years of groundwork. A master plan unlike any other. Everything has led to this moment, and what a moment it ends up being."
66,"Although burdened with enough scale that can minimize the meaning of ""scale,"" Infinity War rarely buckles when there are a million ways that it could. Now that's a marvelous show!"
67,"Now does ""Infinity War"" have a plethora of CGI excess overload? You betcha. But does it uniquely blend the characters and fittingly award them proper screen time without becoming a convoluted mess? Yes."
68,"The emotions are high, everything has weight, and the action and laughs are nonstop."
69,This imbued Infinity War with a heart that many of the other films lack. Perhaps most visible is the way in which parenthood and love comes roaring into the MCU.
70,"While Hindi viewers will be able to follow the vastness of the Marvel universe and enjoy the movie for the big ticket spectacle that it is, we wish the voice cast was kept constant in all the Avenger Hindi dubs."
71,"This movie is definitely a ""Part 1,"" so final review is reserved for when Part 2 is over, BUT- so much good stuff! (Except the romance. Stop forcing it in, MCU.)"
72,"This movie is phenomenal, and it ends in such a poetically beautiful way."
73,A tremendously satisfying piece of gargantuan blockbuster cinema that delivers as many shocks as it does thrills.
74,[Marvel] pulls it off. This does feel like 10 years of storytelling and it feels like these are characters that you have watched go through things and watched them grow.
75,"It's very well paced, it's very well balanced in terms of how it deals with the cahracters, but man is it action-packed!"
76,It lived up to all the hype.
77,"Colorful, goofy, funky and with heart...best authentic comic book I've ever seen, with a payoff that's extraordinary."
78,"Infinity War didn't wear me down in the way that Age of Ultron did, it didn't give me the high of the first Avengers either. Like I said, manage expectations and you'll be just fine."
79,There was only one choice to ensure the sheer logistics didn't leave [us] with nothing more than the chaotic flailing of explosions and one-liners: make Thanos the star.
80,Infinity War tackles some big ideas and makes some brave choices that may cause you to reassess the entire Marvel franchise.
81,"You do feel the weight of a little too much going on, but at the end of the day, the movie never breaks under that. Easily the best villain the MCU has ever had."
82,... Infinity War is an exhilarating and shocking ride.
83,Epic.
84,Given the monumental task that these filmmakers had they still managed to tell an entertaining story.
85,"The film's risk comes from the inherent need to 'balance' a myriad of characters' storylines, yet the story itself is nothing more than those same MCU building blocks."
86,There is a sense of relief that one has that Avengers: Infinity War proved to be a really good movie that doesn't waste any of the goodwill built up over the past 10 years.
87,"Visually exhilarating, with moments of gasp-inducing turns, Infinity War is the great, almost operatic showdown fans have been anticipating with every new title."
88,"It's powerful, it's draining, it's fantastically harrowing."
89,"Whatever your opinion of Marvel and their box office domination, there is no denying that Infinity War is an endlessly entertaining that will leave some in a far more fragile emotional state than they perhaps expected."
90,Possibly the greatest - and most ambitious - superhero movie to date.
91,"[Chris] Evans has stepped up from being a relatively unknown performer to establish himself as not only the heart, but the backbone of the Marvel Cinematic Universe."
92,"It's something you have to see to believe, and once you see it, you still won't believe it."
93,"I suppose it's par for the course, for what is the Marvel Borg collective if not a celebration of uniformity? Excuse me for asking this comic book-based ""Emperor's New Clothes"" to aim higher."
94,Avengers: Infinity War is like binge-watching a 22-episode TV series all in one sitting.
95,"The film is engaging, entertaining, and dark enough for me to get a kick out of the reveling evil on screen."
96,What is surprising about Infinity War when you watch it a second time on VOD is how much of the film endures because of the character development across the entire Marvel Cinematic Universe.
97,"With all of the noise, the explosions and the distractions, this ends up being a film about Thanos. And that's a good thing."
98,"[The directors and writers] have delivered an action-packed spectacle, filled with the great characters that the fans have come to know and love, ultimately resulting in a grand epic that is nothing short of compelling and entertaining."
99,Less easily justified are a handful of crucially puzzling decisions made by several of the protagonists with regard to those Stones not yet in Thanos' grasp.
100,Infinity War is an absolute achievement on a logistical level and as daring as any comic book movie has a right to be.
101,There are too many characters in this movie for anyone to really summarize it in a cohesive manner.
102,A misstep that sets up an overly predictable follow-up where repercussions are inconsequential.
103,"Despite the crowding and the abundance of story, the Russos offered up something that was relatively easy to follow, because all of the various strands of the story laid out over the last ten years were tossed aside for a simple and basic plot."
104,"When they cross the line into noncomic violence and torture with me, I'm done being amused."
105,"To a certain extent, the film manages to redeem the worst Marvel films that have been made in the last 10 years... [Full review in Spanish]"
106,"The missing heroes will appear and the Marvel Cinematic Universe will continue to live, kicking and producing movies until the cash register stops ringing. This is the business."
107,Death looms in every scene.
108,"The variety of the action, combined with the intense music score from Alan Silvestri, should keep you alert for the full duration."
109,"There's an overwhelming nature to the Marvel factory's narrative, but it manages to combine these characters and genres without losing a sense of adventure. [Full Review in Spanish]"
110,"The movie feels consequential and delivers emotional heft, not to mention laughs galore."
111,"This isn't film, this is manufacturing. [Full Review in Spanish]"
112,"That feeling - the abruptness of the ending, the ""left in the lurch"" lack of satisfaction - is certainly the most bold and brazen risk-taking the MCU has dared try in the last decade."
113,"Amidst an ocean of strong performances is a movie that is exciting, exhilarating, tragic, hilariously funny at times, and deadly serious."
114,"Shockingly short on memorable images, with most scenes composed in the banal shot-reverse-shot coverage familiar from episodic television."
115,"Infinity War succeeds in sweeping you into a grand adventure and reminding you why you love these characters, but it doesn't solve the narrative problems that haunt Marvel."
116,"'Infinity War' isn't a life-altering experience that changes the language of film, but it is an ass-kicking popcorn superhero flick that delivers the spectacle fans have waited years for."
117,"If a movie can be defined by the strength of its villain, Avengers Infinity War is a giant. Towering over the spectacle is Josh Brolin's evil despot Thanos, whose striking capture motion performance and physicality comes close to stealing the film."
118,A minor improvement over Avengers: Age of Ultron...
119,[The Russos] have succeeded... [Full review in Spanish]
120,"An impossibly coherent, soulful take on an entire galaxy's worth of superheroes."
121,"This is 'Avengers: Disassemble', a dark but deliberate film that, despite some flaws, is easily the best group flick that Marvel has yet produced."
122,"The directing duo of the Russo brothers have proven time and again that they are wonderful weavers of character interaction, and they use that as their glue to hold this massive cinematic attempt together."
123,My goodness this is fun.
124,"As a longtime detester of the MCU machine, I must admit that it brought me some joy."
125,Not only is it incomplete despite a running time of 149 minutes... but its action would be meaningless to anyone who hasn't seen a good many previous Marvel pictures.
126,It's as good as can be with an overcrowded character stew.
127,"Everything that has been said about this film, perhaps this year's most anticipated movie, is true."
128,"In truth, Avengers: Infinity Wars works best as the first part of something much bigger... [Full Review in Spanish]"
129,"The danger is real, the humor is spot on and the action is fantastic... [Full Review in Spanish]"
130,"For better or worse, Avengers: Infinity War is a blast."
131,The rebel Goonie grows up and brings on the Apocalypse.
132,"Succeeds as a multi-layered, multi-character and emotionally resounding superhero opera."
133,The story is energetic enough to sustain so many big characters. And the Russo brothers do a decent job juggling them all.
134,"There is plenty of time for huge superhero battles, though, and for the geek-out moments that fans will go crazy for."
135,"Too many characters, too much plot, too much everything"
136,"""Avengers: Infinity War"" is a thrilling, nearly overwhelming cinematic experience that serves as a satisfying culmination of all that's come before it."
137,"Like any culmination of a long-running series, there's purpose and emotion as this blockbuster intertwines its many strands, provides a gripping payoff and paves - as always - another path forward."
138,"This is a big film with big implications for the series, and for that it should be praised."
139,"Infinity War is entertaining and by no means a disappointment, but it's otherwise kind of empty."
140,Avengers: Infinity War has trouble fitting in so many characters and giving them proper emotional moments as well as the fireworks in its 149 minute run time.
141,"Almost 20 movies in, maybe someone should have realized that it wasn't going to be possible to continue topping the previous installments."
142,"The conclusion of Infinity War is so shocking because it doesn't feel like a cliffhanger, more like a drastic wiping clean of the slate before the whole cycle starts again, with whatever reversal of fortune or comprehensive reboot it may be."
143,"The title of this movie should be 'Avengers: Infinity War Part One,' because that is what it is. It is not a movie that stands on its own. It is a leaning monolith that would fall flat without 'Part Two' to lean against."
144,"An exhausting barrel roll of a narrative, functioning less as a complete story and more as a frenetic series finale."
145,"While the MCU still hasn't gotten the formula quite right for true villainy, they have certainly mastered the equation for entertaining banter & epic superhero moments."
146,"This is why I find the movie's belief that it's doing something experimental and unprecedented more than uncomfortable: Infinity War gambles dangerously with the way people process real deaths, never mind fictional ones."
147,"For a movie with a ridiculously unwieldy cast, Infinity War is surprisingly comprehensible and fun."
148,"""Avengers: Infinity War"" is bold, bombastic, and likely to bum a lot of people out."
149,"It all amounts to heaps of superhero, everything-and-the-kitchen-sink, asinine spectacle."
150,Avengers: Infinity War has taken all of the elements that have made past films in the Marvel Cinematic Universe work and given them a shot of steroids.
151,"Avengers: Infinity Wars is clearly a superhero flick for everybody. At times this works, and at times its excessiveness works a little bit against itself."
152,"Infinity War is a sobering reminder that even the biggest, strongest communities sometimes face adversity that results in sacrifice, uncertainty, and loss."
153,The movie deserves to be full of itself.
154,How long are we going to have to start enduring jokes about -- or from -- the 80's? [Full Review in Spanish]
155,Wow! [Infinity War] has left me on quite a cliffhanger. [Full Review in Spanish]
156,"Aside from a few frames of Thanos laboring on his feelings, there is no other commentary other than the idea of sacrifice. {Full Review in Spanish]"
157,"A two-and-a-half-hour thrillride, with plenty of action, laughs and potential for tearing-up, directing duo Anthony and Joe Russo have done an amazing job of shoehorning Marvel's myriad of superheroes into a coherent tale."
158,"The action is clear, entertaining and sufficiently varied. It holds on the tension constantly and the sense of urgency is never gone. [Full Review in Spanish]"
159,A spectacular display of monotony.
160,"It is no longer enough for one superhero to fight a single villain while dealing with his own personal problems, apocalypse must now enter into it."
161,"Avengers: Infinity War begins to close the portal to Marvel Studios' three phases in an extravagant fashion, combining the star power of several successful franchises to create an enviable ensemble"
162,"Joe and Anthony Russo's film is like an over-egged birthday cake, edible in patches but spoilt by too many competing ingredients."
163,"The film-making ambition is a joy to behold, the delivery impressive and, as for the spine-tingling ending, well it's close to genius."
164,"It's non stop, great fun and doesn't feel too long."
165,"It may still move at hectic speed from one gargantuan punch-up to the next, but - under the direction of Joe and Anthony Russo - it's well paced for the sort of extravaganza it is. The all-star parade never becomes a pile-up."
166,"Faced with such brilliant results, there is no alternative but to look forward to how the story will continue... [Full review in Spanish]"
167,The chemistry between Robert Downey Jr. and Benedict Cumberbatch is perfect... [Full review in Spanish]
168,A bloated-yet-breezy blockbuster.
169,"All-in-all, Avengers: Infinity War is a pretty big success. It's rather incredible that these guys were able to cram so much into one epic-sized film and have it turn out this well."
170,"For fans, this is the pay-off you've been waiting for, which is saying something. It's the most epic MCU film to date."
171,The major concession is that the film's organic structure and its resistance to showcase one indestructible character adds much-needed spontaneity to Marvel Studios' ageing formula.
172,"Avengers: Infinity War is more than just a great superhero movie. The emotional impact on the audience, the artistry, and the brilliant storytelling are so astonishingly good, that it is simply a great film. Period."
173,"The movie equivalent of a theme park ride. Has highs, lows, excitement and an ending to make sure you wanna go on it again... after you've regained your breath. [Full review in Spanish]"
174,"This chaotic but surprisingly nimble instalment, directed by Anthony and Joe Russo, brings together an eye-popping ensemble cast of A-listers (imagine the table read!) and pushes them into playful new configurations."
175,Thanos is given tremendous emotional depth and development but the rest of the vast superhero pantheon appear to have been given two hours of busy work.
176,... witnessing the selfless struggle of it all unfolding has both the necessary epic feel of a summer blockbuster infused with all the heart fans have come to expect from Marvel - 'nuff said.
177,"One has to treat the culmination of 10 years of Marvel movies as a season finale, or at least the first part of a season finale. It's not really a movie in its own right."
178,"If some pacing issues and the occasional bloat prevent it from quite reaching the upper echelons of the MCU, there's still more than enough here to keep viewers sated, saturated, and salivating over what's certain to be a poignant and potent Part Deux."
179,"Feels more like several movies squished together like a cinematic panini. Still, it's easy to be swept along by Banner's Hulkus Interruptus condition that frustrates him mightily."
180,Nothing is solved as fighters on both sides die and that's the end of the story. ...So what's left?
181,"While this is a massive comic-book spectacle, what's most amazing is how - after filing for Chapter 11 bankruptcy in 1996 - Marvel, led by Kevin Feige, now dominates the global box-office."
182,"It is a massive spectacle full of fun character moments, impressive action sequences and a real sense of stakes."
183,"This is an epic tale sheathed in spandex, a super heroic soap opera. The Russos know how to deliver the bang, but also when to lay back."
184,"The film plays like an ""event book"" reads"
185,"It's fine, but you wonder how they can expect you to care about an earth-shattering conclusion when the previous two hours (and 18 movies) were all about these magic stones that can undo anything."
186,"This blockbuster leaves you wildly curious about the sequel, even if you are not an Avengers fanatic."
187,Has twists that keep you hooked and make you gasp. The MCU will never be the same again.
188,"As it is, everything feels like a bait and switch."
189,"Avengers: Infinity War isn't a perfect film, but it's probably exactly what it wants to be."
190,"This is probably the best, if not second best, movie in the MCU...this movie makes some bold, heavy choices."
191,My default feeling throughout was numbness bordering on fatigue.
192,"Thanks to Thanos, Infinity War is much more than a two-part blockbuster, and for the first time in a long time, we can't easily anticipate more of the same, because the road ahead for superheroes is murky, complicated, and terrifying."
193,This is a wildly entertaining movie but one that leaves too many unanswered questions.
194,"Enjoyable but empty, Avengers: Infinity War embodies the humdrum side of the MCU."
195,It's freakishly big. It encompasses dozens of characters. It has a million moving parts. So the good news about Avengers is that this culmination of a 10-year story loop is relatively coherent.
196,"All-all-all, Infinity War is a film that surpasses most superhero films in terms of vision, scale, grandeur and execution."
197,"Too long, too dark, too confusing - and it should state up front it is part one of a ""to be continued"" movie. The humor helps you endure the overrunning length."
198,"How does art land in the world? Genre filmmaking at its best provides topical spark, often beyond the will of its creators."
199,"Everyone shows up in this film, there is not a single weak performance to speak of."
200,"As expected, Avengers: Infinity War has one of the most sensational and complicated group of action scenes in the MCU so far. This is, after all, the big fight."
201,But that all goes to show that Infinity War is the kind of film that reels you in and you become emotionally invested. I'll definitely be watching again.
202,"Clocking in at more than two-and-a-half hours, Infinity War never drags. Having multiple characters and storylines to cut back and forth between helps build a sense of pace."
203,"The Russo Brothers have confectioned a film whose frenetic pacing can fatigue Marvel skeptics, but will cause joyous anxiety for loyal fans. [Full Review in Spanish]"
204,"Avengers: Infinity War is relentless action and entertainment, packed with super-heroes, super-heroines, superpowers and a super cliffhanger."
205,This is a movie for hardcore fans... [Full review in Spanish]
206,"After seeing Infinity War, I wasn't sure if I'd see it again but after thinking about it a bit longer, I do feel I could get more out of a second viewing."
207,"""Avengers: Infinity War"" is a super movie - gigantic, but with an undeniable, powerful, humanity."
208,"Infinity War is a treat, and a welcome addition to the now-decade-old Avengers series. Already, we can't wait for the next one."
209,"Infinity War is an achievement unparalleled in movie history, the culmination of 10 years, 19 movies and comic book stories going back to 1941 when Captain America was originally created by Jack Kirby."
210,[Infinity War] delivers on its promises without exceeding itself and also drops various surprises to various characters that we have seen grow throughout the last decade. [Full Review in Spanish]
211,"Despite its weak book end, ""Infinity War"" is a great adaptation and stellar crossover..."
212,"Although I know that I disliked Avengers: Infinity War long before it arrived at its long-overdue climax, that sequence is the part that I disliked the most."
213,It's an infinity all right. The definition of overkill.
214,"So much happens, getting bored is physically impossible. [Full Review in Spanish]"
215,"Our superheroes are on the tightrope, but in the end, they are a group of extraordinary people who will fight the battle that we cannot fight. [Full review in Spanish]"
216,"This jumping backwards and forwards from too many plot threads sometimes dissipates the tension and over-complicates everything. Fortunately, the contractually-impossible cast is mostly in strong form."
217,"It's ironic that one of Marvel's darkest films is also one of its most fun, with the character banter and personality clashes that have made so many Marvel movies memorable in full abundance."
218,"Whether the wit fizzes or flops, a Marvel movie will always live or die by its action set-pieces. And in this latest adventure, they are truly spectacular..."
219,"For a movie with dozens of superheroes battling in half a dozen war-torn worlds, Marvel's penultimate epic is remarkably orderly."
220,"Intense violence, strong messages in shocking Marvel epic."
221,"On the surface Avengers: Infinity War feels like the usual winning formula. But as the film unfolds you realise it is a monumental undertaking, gradually emerging as the War And Peace of superhero movies."
222,"Slightly above average for an MCU movie, though more of a triumph of continuity than of entertainment or filmmaking."
223,There's just too much of this thing.
224,What prevents Avengers: Infinity War from being as entertaining as some of its predecessors is that there aren't many small moments that make the explosions and CGI monsters more meaningful.
225,Infinity War feels about as emotionally empty as a child slamming action figures together.
226,"Thanos is an idiot, but neither he nor the filmmakers know this."
227,"Avengers: Infinity War is almost unwieldy, but as always, the strength of this deep cast and their ability to balance serious stakes and snarky humor gets it right."
228,"It lifts, inspires and stings in a raw way that studio blockbusters rarely manage."
229,"Given that the plot motor is Thanos's worry that the universe is overpopulated, sly self-awareness is shown as the filmmakers embrace drastic solutions to the problems of braiding multiple franchises into one."
230,An impressive feat simply because of the discipline and skill required to deliver so much in such a comparatively tight package.
231,"The movie is packed with fun banter and set pieces, but it's not really about anything, and the ending falls flat."
232,"Infinity War gets by with a witty first hour and the starry appeal of the cast, but the gears really grind near the finish."
233,"Fans will likely find Infinity War satisfactory. As narrative filmmaking, however, it's a disaster: a bloated monstrosity that smothers to death its most intriguing aspects."
234,"All I know is that Marvel has lived up to its reputation for daring its filmmakers to break boundaries, and trusting its audience to go along for the ride. I don't think fans will be disappointed."
235,"Avengers: Infinity War is everything you wanted and more - it's the end of the beginning of the end, an ambitious spectacle that confidently juggles character moments between the most epic action Marvel has ever attempted."
236,"Thankfully, this $300 million entry into the Marvel comic-book movie universe is one of the better films pumped out by Marvel Studios and certainly makes up for the tornado of dung that was Avengers: Age of Ultron."
237,"A totally different beast: darker, riskier, and more brutal. [Full review in Spanish]"
238,A disenchanting rain of colors that spans 150 minutes that will continue for years to come. [Full review in Spanish]
239,"Ten years of Marvel superheroism culminates in a battle for the universe itself. Exhausting, bitterly humorous, and gripped in a stunning finality, it's almost too much to take in, yet somehow not enough."
240,The outcome satisfyingly tops the trip and resonates long after you leave the theater. [Full Review in Spanish]
241,"Because so much is purposefully unresolved and so little is actually decided, I just can't say I enjoyed watching Infinity War all that much."
242,I had a lot of fun with the action and amusing banter and did not mind being inundated with CGI or the 2+ hour run time.
243,"While these films have been flooding the market, you've got to hand it to uber-producer Kevin Feige whose grand design comes into sharper and sharper focus."
244,"If you thought Marvel was flagging after ten years of relentless action, Infinity War Part 1 suggests they haven't even got started."
245,"It's a rollercoaster ride that leaves you breathless, invested and eventually panting for more. Marvel's Cinematic Universe really is something to savour and hold up as special."
246,"It's a long but slight, expansive but restricted, and busy but straightforward contradiction of a movie."
247,The fact is that in Infinity War... everyone has their moment and meshes perfectly with the whole. [Full review in Spanish]
248,"It's stunning to realize that their attempts to do so are the most emotionally affecting things in the whole of the perfectly-named Infinity War: people valiantly, desperately trying to evoke humanity in the midst of a machine that makes that impossible."
249,"The Russos, while tipping their hat to these individual filmmakers who put their unique stamp on each of their own films, elevate their own art and skilfully weave a story that seems cohesive and resonant, physically and emotionally."
250,"The equivalent of a bad one-night stand with a very weak climax that you wish would've ended much, much sooner."
251,"But on the whole, Infinity War is what fans have been clamoring for - an action movie that puts everyone under one cinematic roof, that pits all of the good guys against the ultimate big bad for all of the marbles in the universe."
252,"Over the last decade, the Marvel movies have shown us they can be more - weirder, funnier, more eccentric, even more politically loaded than simple adventure stories. This one feels like a step backward."
253,"Expect to be mightily entertained by this offering that expertly mixes action and comedy before segueing into something that sort of reaches for Shakespearean levels. (Full Content Review for Parents - Violence, Profanity, etc. - also Available)"
254,The [Russo] brothers clearly know what clicks and to keep things moving.
255,"By the time Infinity War draws to its enigmatic whopper of a close, even viewers feeling burned out by the guys-in-long-underwear genre will find themselves eager for the sequel. Is it next summer yet?"
256,"Yes, I want to see the next Marvel movie. But I long for popcorn movies like the last couple of Mission: Impossible installments, in which, after two-plus hours of ridiculously entertaining action, the mission actually is accomplished."
257,"This is a movie that needs the other 18 to exist before it. Otherwise, we'd know very little about these characters, their concerns, and why we should care for them."
258,"If Infinity War were the Second World War, I'd go all Churchill and declare that this is not even the beginning of the end. But it is definitely the end of the beginning."
259,'Epic' doesn't even begin to describe this mind-exploding spectacle.
260,"Infinity War is, in short, an astonishing and impossible achievement."
261,"It's the sense that everything has been building to this moment and now, as the fun truly begins, there's nothing left to do but sit back and revel in the spectacle of it all."
262,There's a lot to meditate on in this breathlessly told comic book adventure film.
263,A film that's overlong and overstuffed but somehow avoids being a chore to watch.
264,"There's a lot going on in Infinity War, including actual suffering, sacrifice and real emotions, most of which won't sink in until the end credits roll."
265,"...as much a fantastic amusement park ride as a cinematic experience, with an engaging cast doing an incredible job of not getting lost in the proceedings."
266,"Intriguing, but virtually devoid of suspense. Funny, but pressing too hard for laughs. Monotonous, but not boring...Still, the ambitious Infinity War should be mandatory viewing for serious Marvel movie fans."
267,"There is whip-smart warfront humor to lighten the mood but, most importantly, in bleak times on and off the screen, they give us something vital: hope."
268,"Infinity War's place in the Avengers saga is much like that of the middle chapters in the Lord of the Rings and Star Wars: It's chief purpose is to leave you hungry for next summer's finale. And that much, it does."
269,"After uneven start, ""Infinity War"" finishes with a bang."
270,"For Marvel fans preparing to see the grim, thrilling ""Avengers: Infinity War"" for the first time, only one piece of advice will do: brace yourselves."
271,#MINDBLOWN
272,You know all that Infinity War hype? It lives up to it. And then some.
273,"Relentless, entertaining and more than a touch surprising, yet starved of substance and likely to leave many feeling shortchanged."
274,"It's crowded, busy and noisy--and if you're a Marvel fan, pretty close to heaven."
275,Avengers: Infinity War does the impossible. It tops all previous 19 Marvel movies while continuing to redefine the action genre.
276,"For all the blockbuster spectacle on display, the film ends up in a place that's unexpectedly poetic and poignant, proving that even a movie of this size still has the ability to surprise - and more to the point: tell a good story."
277,"For those less schooled in all the backstories, Infinity War scatterguns enough laughs, thrilling digital effects and exhilarating chaos to compensate for any confusion."
278,"After 2.5 hours of watching superheroes battle dark forces, I'm exhausted. And elated."
279,"There are some decent laughs before things turn serious, and the deft timing that has always been one of the sneakier pleasures of this multi-chapter behemoth is in evidence as heroes collide in attitude and physique."
280,"Infinity War inherits plenty of the problems endemic to crossovers: the privileging of quantity over quality, of spectacle over story, and of the shock value of major changes to the status quo over just about everything else."
281,"Equal parts exciting and exhausting, the film's resonant emotional crux and solid supervillain are unfortunately outweighed by an overwhelming amount of ambition and scope."
282,"Infinity War is a dark and satisfying superhero flick, full of death, if you're into that sort of thing."
283,"Hail, hail --- the gang's all here! ""Avengers: Infinity War"" is totally thrilling, hilarious and vastly entertaining!"
284,"The reported budget of about $300 million should, in all likelihood, look like a bargain when the final returns are tallied."
285,"The scope of the movie is massive. Yet, it feels intimate because, through the previous Marvel movies, we have become emotionally invested in many of these characters."
286,"Infinity War certainly isn't totally perfect, but it's a damn fun time that rises to its challenge."
287,"""Infinity War"" isn't concerned with endings, but as set-ups go, it's a humdinger, going apocalyptic while still retaining familiar beats of humor, heart, and body-smashing confrontations."
288,"In some sense, this is every Marvel movie combined. So if the first installment of the two-part culmination of all that effort seems a bit loaded, I'd say other critics need to put their nitpicky hats away. This is for the fans, and they have earned it."
289,Avengers: Infinity War changes everything... maybe.
290,"Beyond the Earth's atmosphere, in places both old and new, we get to witness some of the most beautiful and awe inspiring images the directors (and the entire MCU) have delivered to date."
291,"It's intended to knock your socks off and, in the end, it finally attains a stirring, if slightly morose, grandeur."
292,The final moments of Infinity War are haunting and impactful and mysterious.
293,...a business play forcing us to make yet another down payment on our collective Marvel mortgage.
294,"Be prepared to sweat, cry, and clench your armrest because Avengers: Infinity War is one hell of a ride."
295,"If the Marvel Cinematic Universe aims to reshape popular entertainment, it needs to move beyond climax after climax with unremarkable, repetitive violence."
296,Watching Infinity War is like riding the most exhausting Six Flags roller coaster in existence three times consecutively
297,"It's a little unwieldy, there are slow patches and the odd misstep, there are so many characters that your favourite might feel hard done by, and it is definitely Part 1... but the fact is that Infinity War is pretty damn thrilling."
298,The flavors of this multi-movie sundae blend beautifully.
299,Marvel betrays the richness of its comic books in pursuit of the bedazzlement of the modern blockbuster movie; leaving us undernourished but entertained.
300,"If you've felt we're nearing superhero exhaustion, Marvel just went and changed the rules leaving you begging for more - proving yet again that they are the real masters of this game."
301,"Somehow nearly every story that's been started in this cinematic universe gets serviced. That's no small feat for a series that centers on more than a dozen different characters, and yet still manages to make every one of them count."
302,"This movie almost, but not quite seamlessly, brings together the disparate strands of a decade's worth of Marvel/Disney movies."
303,This is Marvel doing the absolute best version of the formula it's been criticised for overusing. They've blown it right up and now need to throw out that formula for good.
304,"It's not exactly a crowded mess, but a tricky ending to this mad, mad, mad universe -- complete with all the requisite players -- will keep 'em coming back for more."
305,A celebration of mediocrity on a scale the cinema has never seen before. Avengers: Infinity War isn't a movie: it's advertising and brand management
306,"Ten years ago this month, the Marvel universe was launched with the fresh, lively, relatively easygoing ""Iron Man."" It seems more like 100."
307,"Maybe ""Deadpool 2"" will be better..."
308,"Never boring, visually impressive, but ultimately rather depressing and unsatisfying, Infinity War will leave you wanting more. But not necessarily in the best way."
309,"It took us 19 movies over a span of 11 years to finally reach this destination. The end result? ""Infinity War"" is just too much of everything."
310,"It's too much. Too many characters, too much action, too much everything. It's a superhero surplus with too many heroes and not enough screen. It's Infinity overload."
311,Sitting through its 2 hours and 30 minutes is like gorging on tapas: You wind up both overstuffed and unsatisfied.
312,"Even by Marvel's own standards of serviceable mediocrity, Infinity War fails."
313,"Not even the threat of universal annihilation, it seems, will keep this assembly line from chugging ahead with its signature polished, mechanized efficiency."
314,"There's no pacing in Avengers: Infinity War. It's all sensation and no pulse. Everything is big, all of the time."
315,"Marvel's Avengers: Infinity War -- an overstuffed sausage of summer entertainment -- is the Ocean's Thirteen of spandexed heroism, if you can imagine a version of that movie with two times as many Brad Pitts and no poker dealers."
316,"The noisy, bloated spectacles of combat were surely the most expensive parts of the movie, but the money seems less like an imaginative tool than a substitute for genuine imagination."
317,"Throughout the film, rapidity of dialogue and drama is mistaken for actual rhythm, of which directors Anthony and Joe Russo have one mode: pedal-to-the-metal pandemonium."
318,"Love or loathe the genre, when I see a film this ambitious actually hitting its targets AND managing to stay human and accessible, I can't help but be extraordinarily impressed."
319,"The best Marvel film ever-the most complete, the most emotional, and the most thrilling."
320,"An adrenaline rush of a film laced with bombastic action, thrilling setpieces and a level of satisfaction that's the cumulation of a decade-long journey."
321,"Only now could the MCU arrive at a place where bluffs can be irrefutably called and gauntlets, real or metaphorical, can be thrown down. With audacity and thoughtfulness, ""Infinity War"" upends the comparative breeziness of all that came before it."
322,"It's effective at being all the things it needs to be, even if that necessity is the thing that holds it back the most."
323,"""Avengers: Infinity War"" is almost three hours of non-stop action on multiple battlefields leading to a conclusion that will forever change the Marvel cinematic universe."
324,This movie isn't actually about the Avengers. It's about Thanos.
325,"There is a fissure between critics and audiences, which I can admit. The movie is critic-proof. 'Avengers: Infinity War' is superhero porn, strictly for the fans, while 'Black Panther' was undeniably excellent, transcending the comic book fan base."
326,"Infinity War is so gargantuan in scope, it almost becomes too much to digest. The smaller moments that have made the Marvel Cinematic Universe so enjoyable are lost in the spectacle."
327,"The high doesn't last, but it's dizzying all the same."
328,"AVENGERS: INFINITY WAR is nearly spread too thin by its massive amount of plot and characters. It redeems itself by being full of surprises and foreboding; focusing on the heroes' relationships and real peril in fierce, unrestrained action."
329,"Expectations surpassed. An ambitious, exhilarating and deeply satisfying culmination to a decade of great Marvel films. Thanos now reigns as the best villain of the MCU. Period. [Full review in Spanish]"
330,"It somehow meets every single impossible expectation you have for it. To be fair, it's only because you're stupid."
331,"Epic in scope and a stunning achievement in blockbuster cinema, Marvel's Avengers: Infinity War is a thrilling superhero extravaganza that will make you laugh, gasp and cry."
332,The stakes have never been higher with the release of Marvel Studios' Avengers: Infinity War.
333,"I'm breaking my rating scale for this one as this is the kind of crazy ambitious film that should be impossible to make this captivating, spectacular and memorable."
334,"It is a bold undertaking, to readjust what is expected of the MCU/Avengers formula, and there are moments when the sheer scale and momentum match the narrative ambition"
335,"Easily the best Marvel movie ever made, this is also shaping up to be one of the great blockbusters of the 21st-century."
336,Ten years of Marvel movies all culminate in  Avengers: Infinity War. Was it worth the wait? Yes and no.
337,"The exorbitant action scenes hit all the necessary crowd-pleasing buttons at regular intervals, but for a movie with infinite potential...it's possible to feel they banked on a rather narrow algorithm."
338,"Be sure to stick around, empty popcorn bag in hand, for the post-credits scene, which left me wanting another sequel. Preferably tomorrow."
339,At times it feels like the Fellowship of the Infinity Stones.
340,"...an epic romp across the breadth if the Marvel Cinematic Universe with all the action, comedy, pageantry, and sturm und drangyou could hope for."
341,"... Unafraid, even eager to take the story and characters in dark, surprising new directions."
342,"Trust me -- if you've enjoyed any aspect of the last 10 years in the Marvel Cinematic Universe, Infinity War will have something for you, and a lot of that is down to how it manages its stable of superheroes."
343,It should never have been this good.
344,"The Marvel Cinematic Universe's newest entry is its biggest, most ambitious piece of storytelling in the studio's 10 years of existence and the minute you exit the theatre, you'll be lining up at the box office to buy another ticket. It's that good."
345,Avengers: Infinity War succeeds in eliciting the emotional responses that Marvel has worked on building up over the last ten years.
346,"A deeply satisfying tale of pathos and wit that manages to credibly link dozens of characters, multiple narrative threads and innumerable arguments, stretching from the first Iron Man a decade ago to Black Panther mere weeks ago."
347,"Just when it looks as if all hope is smothered under the heavy weight of fan expectations [and] a reported $300 million budget, it comes roaring to life with a wake-'em-up battle on the fields of Wakanda and a quietly spectacular, sobering ending."
348,"Buckle up, folks, because this is the movie Marvel has been building toward for a decade, and it's astonishing."
349,"A culmination without being a finale, Avengers: Infinity War is an impressive achievement in blockbuster movie-making. But there's no denying that, expectation-wise, the MCU is starting to look a little bit like a victim of its own success."
350,"This movie completely, utterly, belongs to Josh Brolin's warmongering villain Thanos."
351,"Marvel has set an amazing stage for Avengers: Infinity War, and my only real question walking into the theater was, ""How can they possibly bring all of this together in a way that works as an actual movie?"" You'll be shocked how well they pull it off."
352,All the past decade's Marvel movies have been heading toward this showdown. Turns out the payoff was worth the wait.
353,"If only the film were better modulated, or perhaps longer, or more elegantly shaped, or ... well, it's hard to say exactly what's wrong here."
354,"Avengers: Infinity War delivers an exciting culmination of the MCU, though it's overstuffed and suffers from certain typical Marvel movie problems."
355,"[T]he most ambitious, most audacious, most mindblowing superhero film ever produced... THIS is why the superhero genre exists."
356,"This is a knockout sci-fi movie that travels around the universe and back, and not only does it capture the vastness of that but it's also perhaps the most beautiful, colorful film Marvel has released to date."
357,"In a cinematic world stuffed with big-budget movies, Infinity War is a genuine blockbuster."
358,A wildly ambitious and incredibly successful exercise in long-form cinematic storytelling.
359,"Part of what makes Infinity War thrilling is the way it weaves its various narrative strands into a seamless whole-or, at least, as close to seamless as one might reasonably hope."
360,"After 10 years of lean, threadbare, Lilliputian tales, Marvel Studios has, thank heavens, finally decided to go big."
361,The Russo brothers have clearly never learned the concept that less is more. They've used the premise of an Avengers reunion to put on a fireworks explosion of action and laughs (those roguish Guardians!) that won't quit.
362,"""Infinity War"" is big, blustery and brave, taking viewers to places that they may not be used to going."
363,"Thanos as an overall villain is menacing, powerful and with a purpose. He believes his mission is the right mission, no matter how heinous it may be."
364,This is definitely a fun movie. But it doesn't make for a great movie.
365,"It's overlong, overcrowded and over here. But it gives everyone a go on the tricycle and propels each to dramatic (if not exactly fresh) catastrophes."
366,Infinity War is a wildly ambitious and entertaining ride in which good old fashioned team work just about carries the day.
367,"Here, the special-ness comes from the pleasure of seeing all these larger-than-life personalities smashed together into one supersized adventure."
368,"It's not perfect, but it goes to a place most tentpole movies wouldn't dream of, while retaining the scale, excitement, and humour you've come to demand from an MCU movie."
369,"I fell short of loving this movie, but I liked it a lot...the humor to me was the highlight of the movie."
370,"Marvel has solved their third-act problem and villain problem and then some. However prepared you feel, you are not ready for Thanos. But then, neither are our heroes."
371,The Russo brothers are the true superpower of the Marvel universe. [Full review in Spanish]
372,The cliffhanger climax of Infinity War left the audience at my screening in a state that I can only describe with the most tired of critical clichés: They were stunned.
373,"Even as the movie forces audiences to submit to so many cataclysmic events, the directors manage to direct the cascading mayhem to a unique kind of cliffhanger."
374,The one over-riding joy that continually propels Infinity War to better things stems from watching the movie come alive as so many disparate elements react to one another.
375,"What lies beyond it, I'm sure we'll know soon enough. For now, I'm enjoying Marvel's version of denouement-excessive and inevitable."
376,"You shouldn't be able to care about that many people at once. And yet, Avengers: Infinity War more than pulls it off."
377,"Infinity War, by design, feels like one half of a completed puzzle, with the other pieces strewn about waiting to be put together."
378,Welcome to the ultimate superhero extravaganza.
379,"If you've been solidly along for the Marvel ride up to this point, you'll enjoy this leg of the journey even if it hasn't yet reached the terminal."
380,"Overall, however, Infinity War lands the vast majority of the emotional beats it's reaching for, which is why we're here anyway."
381,"Making good on Nick Fury's promise from 10 years ago, Infinity War is fun, thrilling, and emotional."
382,You're gonna want to watch the next one the second this one ends. The final minutes proves just how good Marvel has been at building this universe over the past decade. [Full Review in Spanish]
383,An exhilarating and heart-aching cinematic event.
384,"A movie that mostly gets it right - and isn't afraid to go for truly dramatic moments, or remind us that even superheroes can be mortal."
385,"The It's a Mad,Mad,Mad,Mad World of superhero movies It happens to be both an all-star cast and an all-star roster of superheroes,since the superheroes are what made most of the actors A-list stars.We get to see all these stars put on a big show for us."
386,"Marvel has pulled off all sorts of cinematic flavors in its 10-year legacy, from heist films and political thrillers to space operas and fantasy epics. Now it boasts a full-fledged Shakespearean tragedy."
387,What saves Infinity War from being just another bloated supergroup tour - and what will end up being the thing that blows fans' minds to dust - is the film's final stretch.
388,"The action is great and there is much good humor, but this is clearly the appetizer for next year's big finish."
389,"It's a unique, exceptional achievement that somehow leaves you both fully satisfied and desperate for more."
390,"This story may be on its last legs, but as table-setting for an even bigger threat, Infinity War daringly leaves more questions in the air. The way this world ends looks to be not with a bang, but a whimper."
391,"It's just a supremely watchable film, utterly confident in its self-created malleable mythology. And confident also in the note of apocalyptic darkness. I know it's silly. And yet I can't help looking forward to the next supersized episode of mayhem."
392,"What ""Infinity War"" accomplishes, with surprising ease, is complete immersion in this elaborate world, reflecting how deft Marvel has been in assembling it."
393,"Avengers: Infinity War cares a bit too much about being ""Part 1"" and holding enough development for ""Part 2,"" but MCU fans should see their 10-year buildup expectations met - not exceeded, but met."
394,"For the first time in a while, I can't wait to see what happens next."
395,"It pays off the emotional investment movie audiences have been making in these characters for years, sometimes in genuinely heart-wrenching ways."
396,"This isn't just the biggest superhero movie ever, this is the biggest movie of all time...From the get-go you're thrown right in with no time to waste and not a second is - the two and half hours fly by."
397,Avengers: Infinity War just might be the dorkiest movie ever made.
398,"Marvel's triumph is not that we are loyal audiences, not even loyal fans. We are slaves."
399,"This is, ultimately, a jaw-dropping game-changer."
400,A textbook team-up movie.
401,A superhero-space-opera that will knock you off your feet and quite possibly bring a lump to your throat.
402,"If, for decades, the metaphor for propulsive blockbuster filmmaking was the ""ride,"" then watching ""Avengers: Infinity War"" is like going to a theme park and taking three spins on every ride there."
403,"If you're a fan of these characters and you're invested in their fates, there are plenty of thrills. But you better be really invested."
404,"I've been writing about Infinity War for the better part of a year, but I was not prepared for what it had in store. I stared at it slack-jawed for the last ten minutes, astonished at the places where Marvel took this film."
405,"With so many ingredients to stir into this overflowing pot, you have to hand it to the two experienced teams of Marvel collaborators who had a feel for how to pull this magnum opus off."
406,"The symbiosis of good versus evil is the pillar of its existence and measures up to a deeply felt extravaganza for the superhero senses. In many aspects, this is a remarkable film and the best that the MCU has offered yet."
407,Rewarding and audacious in ways the franchise has never been before and isn't likely to be again. It's a movie that is not screwing around.
408,"L'apothéose de 10 ans de Marvel Cinematic Universe - ou du moins, la première partie. [Full review in French]"
409,"After 10 years of investment in this series and these characters, boy does Infinity War knock the wind out of you. Humor, sky high stakes and a truly overwhelming amount of emotion."
410,Marvel lays it all on the table for their latest super nova'd blockbuster Avengers Infinity War and then ruthlessly wipes it off clean.
411,"There's just too much of it. A victim of its own success, there are just too many appealing characters here to stuff into one story."
412,Infinity War contains just about everybody...as if the sheer volume of Marvel characters would give the movie dramatic force. The opposite occurs.
413,"Overstuffed but underwhelming, 'Infinity War' is burdened with too many characters, too many battles, and an ending that is meant to shock but is obviously a cheap trick."
414,"Stunning action sequences, especially the climactic battle that rivals the immense Battle of Helms Deep in The Lord Of The Rings: The Two Towers."
415,"The mood shifts from one-liners to kitchen sink drama to downright bleak throughout, without ever jarring greatly. Surprise is the Russo's main weapon here. We never know what's coming next."
416,"[Chris] Pratt jumps from blustery to goofy to vulnerable to insecure to funny with ease, as he trades barbs with Thor and his own sidekicks. Dude has charisma to spare."
417,"""Infinity War"" isn't just a proper sequel to that film; it's also the towering peak all these Marvel movies have been building to."
418,"""Avengers: Infinity War"" is a successful tuneup for a tumultuous, significant chapter in the continuing Marvel Cinematic Universe that will alter the trajectory of the franchise as it enters its second decade."
419,"Thanos packs a heck of a punch in ""Infinity War"" - he pretty much punches everyone. It's the emotion behind those punches that will surprise you."
420,"Some characters were used well, others were in support, and then some were just there because the contract said so...there's a lot happening, a lot of jumping around...but a decade of set up for an epic buildup I personally loved."
421,Infinity War is going to please most people. It has some very shocking elements and a few disappointing elements...but this is a blast of a Marvel movie.
422,"[Spoiler-free review:] Marvel's superhero movies may not run the risk of being called 'elegant,' but they're sure as hell sturdy, well-built popcorn flicks that send audiences out unequivocally satisfied."
423,"It's true that darkness permeates Avengers: Infinity War, but it's also a masterfully crafted popcorn movie."
424,Avengers: Infinity War is epic in a way that has been often aspired to but never fully grasped when it comes to the translation from comic book panel to the Big Screen.
425,"It's the epitome of a summer blockbuster. The explosive action is practically nonstop, breaking only occasionally for jokes and a touch of romance - though without ever breaking its grim, apocalyptic tone."
426,"A glorious, shocking, edge-of-the-seat adventure that boasts one of Marvel's best-ever villains ... perfectly played by Brolin and mesmerising from the first frame until the last."
427,"For critics who have spent much of the 21st century sniffing at the rise of the Marvel Comics Universe, it is probably time to admit that when the films are this good, they deserve every last beaming member of their audience."
428,Avengers: Infinity War knows what it wants to be and goes about pursuing that goal with relentless intensity.
429,"What's on screen now, however, is table-setting for events to come, a groaning board of superheroes, a superabundance of undifferentiated superpowers, and an ending that's more exciting than anything that precedes it."
