,text
0,"What you will be getting when you walk into an inevitably overstuffed movie theater is something singular that reflects our age in a way that none of the MCU films that preceded it have-indeed, very few Hollywood spectacles ever have."
1,"What's missing from ""Endgame"" is the free play of imagination, the liberation of speculation, the meandering paths and loose ends that start in logic and lead to wonder."
2,"The MCU will go on and on, but this chapter - and the American pragmatism vs. American ideals bromance that drove it - have well and truly come to their ""Excelsior! Nuff said!"" moment."
3,Endgame consists almost entirely of the downtime scenes that were always secretly everyone's favorite parts of these movies anyway.
4,"There are horror movies and political dramas with premises less nightmarish than the one in ""Avengers: Endgame... This is an interesting approach for a superhero film to take."
5,"You can easily duck out during the middle hour, do some shopping, and slip back into your seat for the climax. You won't have missed a thing."
6,"Game over man, game over!"
7,"Endgame is a celebration of everything that's gone before, stuffed with callbacks and unexpected and unlikely cameos that will reward hardcore fans in spades."
8,"The Endgame's plot is not exactly innovative, and the structure is uneven, but its sense of humor is an authentic triumph. [Full Review in Spanish]"
9,"Amusing, engrossing, exhilarating, visually spectacular, fast paced, and fairly breezy for a movie that is three hours in length..."
10,"No sequence is a better analog for the pic's ups and downs than its climactic, supersized fight scene, one that amazes one moment and baffles the next."
11,"It's hard to deny that the Infinity Saga has been an incredibly singular achievement, and Endgame is the finale it has always deserved."
12,Maybe it's the best ... That the children enjoy their party. [Full review in Spanish]
13,"Endgame is not exactly an inspired finish, but it's certainly true to Marvel form, an extensive extravaganza armed with an intuitive grasp of its audience's needs and desires."
14,The end feels quite as it should feel. And the ultimate clash is as epic as we thought it would be. [Full review in Spanish].
15,"With a spectacularly unjustified running time of 182 minutes, the film finds room to pack in just about every kind of tonality that a Marvel movie has ever trafficked in."
16,"With plenty of surprises and the right mix between comedy and drama, Avengers: Endgame lives up to its hype"
17,"They created a tone within this universe that was set and to-the-point...they made that turn, and they landed it, masterfully."
18,One of the best movies I've ever seen. One of the best payoffs...I was not disappointed.
19,"So, much to my surprise, I liked this, even at three hours."
20,"Mind-blowing and nail-biting doesn't begin to describe it as the biggest assemblage of Avengers we have seen approach endgame, to provide the perfect send-off for the billions of fans worldwide who have been with them all the way."
21,what I found most impressive about Endgame is how is just as often strikes notes of grace as it does moments of hectic violence
22,"The main takeaway of Avengers: Endgame is the presumption that the half that remained may listen to their better angels. Forget time travel, the real fairy-tale lays here."
23,"It's revealing that after 22 movies packed with action and fantasy, the franchise chose to end its narrative with a small moment of intimacy and sweetness. [Full review in Portuguese]"
24,"Yes, it's long, but it's rare to find a three-hour film that moves with the velocity of ""Endgame."" It's certainly a winner."
25,"The MCU pictures have always stressed that neither the destination nor the journey are as important as the connections we make along the way. As this is already the most lucrative series ever, clearly that message has struck a chord with millions."
26,"I've already seen it twice, and I want to see it again...a lot of good moments, just great stuff. Thank you, Marvel, and everyone who worked on these movies."
27,"Where Endgame fails its female characters by devaluing them, it forgets its characters of color entirely."
28,"Afterwards, your belly will be full of superhero goodness."
29,"Is it the best superhero movie ever made? In the words of Balki Bartokomous, ""Don't be ridiculous."" (The plotholes are prominent enough to make me consider dropping the rating a half-star.) Nevertheless, this ranks among the upper echelons of the MCU."
30,"An expansive story, a large and unwieldy universe, plenty of knowing callbacks, the willing suspension of disbelief-and a setup for the next one..."
31,"The directors have created a virtual nesting doll of homages which will be appreciated by the most hardcore of fans, but still have value for less devoted fans."
32,"According to Buddhist/Taoist teachings, smaller-particle dimensions are where the heavens are actually located. This is one of the many reasons why ""Avengers"" movies are tales, that by definition, have to be about gods."
33,"Avengers: Endgame is, in every way, Loki deficient. Otherwise, it's a pretty darn good movie."
34,"Avengers: Endgame is a satisfying, expertly made sequel in the franchise and combines with Infinity War to create the MCU's best, most compelling storytelling."
35,"One Avengers movie to bind them, and in the darkness rule them all."
36,"Endgame stands out as one of the most detailed, satisfying conclusions to a chapter in a long-running franchise."
37,"There's a lot of fun to be had with this blockbuster behemoth, especially for those who have avidly followed the franchise."
38,"These broad-appeal movies have to please a lot of people just enough to keep us invested, and this one gets the job done."
39,An emotional journey that doesn't waste a minute. [Full Review in Spanish]
40,All the necessary heroes get the right amount of screen time and for every laugh there are other things happening to balance it all out.
41,To see Endgame with a crowd is to remember what moviegoing once was and still can be: a group experience of grief and joy. It's a reason to assemble.
42,"It would be nearly unfathomable to have spent more than 20 preceding films with these characters and not feel anything at the end of the sometimes tedious, mostly satisfying Avengers: Endgame."
43,Endgame succeeds in offering its fans a very real sense of closure. And that's no small feat.
44,"A miraculous blend of grief and humor. Big, bold, brash, then sneakily meta. I am only starting to get my head around the emotional and creative right-hook of it. A fitting end (for now) to the MCU."
45,Avengers: Endgame is a beautifully-constructed piece of popcorn cinema ... anyone who has given their time to this world will find it to be a rewarding and effective payoff.
46,"Incredibly, the film completes a feat no one believed Marvel would be able to pull off 10 years ago-create a long-running arc of stories that spanned a catalog of films, and end it in a profoundly satisfying way."
47,The word epic gets thrown around so much that we've forgotten what it actually means. This movie is here to remind you.
48,"A spectacular, once-in-a-lifetime epic. Avengers, dismissed."
49,"Some of the smarmy humour falls flat on its face, while other parts are surprisingly dark. All the same, you couldn't deny its sheer value for money."
50,As epic as you would expect and more. [Full review in Spanish]
51,The film designs its moments wel. [Full review in Spanish]
52,"""Endgame"" is a paltry attempt to introduce true catastrophe and finality into its franchise when compared with more fearless and ground breaking epics."
53,"The Marvel Cinematic Universe, up to this point, comes to an end with an installment that easily ranks among the best in the series..."
54,It is an escalator to nowhere rather than a definitive endgame.
55,"It dares to wrestle with big, existential issues, confront some surprisingly grown up questions and take enormous narrative risks."
56,Everything works. [Full review in Spanish]
57,"Despite the comic-book origins of the tale, the stakes feel real, with some powerful moments of sacrifice, and a few wistful reunions."
58,Chris Hemsworth walks off with the 3-hour cameo extravaganza. The talking rodent comes in second. Doesn't anybody deserve to die?
59,"A perfect companion piece to Avengers: Infinity War, yet strong enough to stand alone as one of the best superhero films ever made."
60,The 3-hour culmination of 22 chapters in the Marvel Cinematic Universe is worth going back in time and watching again.
61,"Thus comes to an end, 21 films and 11 years later, the most lucrative franchise in the history of cinema... There are notable ups and downs in [this] long journey, and the conclusion is no exception. [Full review in Spanish]"
62,"The titanic effort of all the actors, producers, directors and crew of all these films to pull off such a satisfying product is something worthy of praise. [Full review in Spanish]"
63,"If, like me, you've seen all 21 films that precede it, you won't begrudge it a single second. Definitely worth assembling for."
64,"That final hour is a good final hour. Thanos is still, in my opinion, an excellent villain."
65,What perhaps makes Endgame so special is that everyone involved -- including the very talented cast -- seem to understand that this is the first time where the story feels more like a conclusion than a continuation.
66,"Looking better than ever with characters you've spent over a decade with, Avengers: Endgame manages to find an incredible balance between gut-wrenching character moments and truly fantastic action sequences."
67,"A wonderful surprise, filling almost each and every minute with excitement, drama, humor and visually interesting and entertaining intrigue."
68,Avengers: Endgame represents a remarkable achievement.
69,No one can dispute the Russo Brothers's competence in directing. [Full Review in Spanish]
70,A ten year journey ends in the most ambitious and emotive film to date. [Full Review in Spanish]
71,Endgame's true feat is how it flawlessly subverts our expectations without feeling like betrayal.
72,"Frigga has one of the funniest lines in the whole movie: ""Son, eat more vegetables."" Indeed, it is not terrible eat junk food from time to time, but we must eat healthier. The same goes for cinema. Endgame is junk food. The healthier cinema is elsewhere."
73,A satisfying end to an era and worthy of its size and hype
74,Avengers: Endgame will have fans singing its praises - and they should.
75,"Triumphs through the strength of its storytelling, characters arcs, and visual spectacle. A perfectly imperfect epic of an ending - a closure of an era, a continuance and beginning of the next generation of superheroes."
76,The only complaint about Avengers: Endgame is that it raises the bar so high that there may well never be a superhero movie to match it.
77,"[As] a finale to the MCU we've known since 2008's Iron Man, Avengers: Endgame is an exciting, fitting, substantial, almost miraculously eloquent closer."
78,Avengers: Endgame is a very real achievement and one that even serial dislikers of the MCU should pay grudging respect.
79,Avengers: Endgame is as much a trip down MCU memory lane as it is the final chapter to a story that changed cinema forever.
80,"Whatever your feelings about Disney's Borg-like assimilation of all entertainment, Endgame's synthesis of 22 movies' worth of characters/plot is nothing short of remarkable."
81,We won't talk about the technobabble inelegantly cited in a bid to hold it all together - the equivalent of taking out an airplane's jackscrews and replacing them with chewing gum.
82,You'll never see a victory lap look quite as awesome as this one.
83,"This is an emotionally-satisfying conclusion to this grand venture, featuring many moments that tug at the heartstrings, plenty of chuckles, and, of course, more action than anyone could ever want in a film."
84,Avengers: Endgame is a spectacular conclusion to the Marvel Cinematic Universe's first era.
85,"[T]he Russo brothers defy expectations and give fans a movie they didn't anticipate, but will be grateful to have."
86,"Emotional heft combines with a sweeping sense of the epic, often within the same scene."
87,"""Avengers Endgame"" at its best-illustrates the qualities of being a true hero-all while Marvel's greatest cinematic hits are warmly and entertainingly revisited!"
88,"The final battle is giddily cathartic, but the catharsis arises from prioritising character development over plot and spectacle. This, I imagine, will be the Avengers' legacy."
89,"This three-hour super-hero team-up is an action-packed, yet nostalgic, long goodbye - with no sly post-credit teasers."
90,"A high-octane spectacular filled with surprises, twists and action sequences that are pure mayhem. The film's conceit is as large as its scale."
91,Avengers Endgame is a bittersweet love letter to Marvel fans that ushers in a satisfying amount of closure.
92,"So many characters and so much going on that I got worried Marvel would run out of characters and have to borrow a few from DC Comics. Fun flick, too long but fun."
93,These films are essentially a bottle and a warm blanket in the thunderstorm of life. AVENGERS: ENDGAME pays complete fan service to our favorite moments.
94,"I was enthralled with the production. The costumes, makeup, set designs, sound, special and visual effects, stunts and Cinematography (Trent Opaloch) made this a fun and exciting movie"
95,...a brilliant close to a chapter of filmmaking we will likely never see again in our lifetime.
96,"Endgame is a summer camp goodbye-sad for the friends we won't see again, but happy for the time we got to spend together. Endgame makes sure it was time spent well."
97,"You will come for the characters & Story, get caught up in their journey, get excited about the action & leave with uncontained satisfaction. A laugh, a tear a cheer. A cinematic Marvel & the crown jewel of the Universe. A Must See! four out of 4 reels"
98,"Despite early pacing struggles, Avengers: Endgame delivers on its promise to bring childhood dreams to life, with more than enough heart to spare."
99,"Overall, the fourth and final-not-final Avengers movie is full of emotion, much more than its predecessors, and rife with well-earned resolutions."
100,It's an epic franchise finale that cuts straight to the heart of what it means to rise from the ashes of defeat.
101,"The Russo brothers, writers and cast really outdid themselves with this one, and this is evident in the witty script, multiple plot twists and scenes that will have you erupting in laughter or holding your breath."
102,"The epic adventure has now come to its grand conclusion, with the 22nd film, Avengers: Endgame, and it should satisfy all fans of the series."
103,"It's fun to see all these character threads unravel, and knit up, as the movie waddles toward its big but indifferent climax of Avengers versus Thanos."
104,"'Endgame' is more than a movie, it is an emotional event - a reward for loyalty, as well as a promise of new things to come."
105,It feels like a curtain closing...there was an elegance in the way they moved toward conclusion. No fan is going to watch and feel short-changed.
106,"...A wonderful, rousing payoff in the context of the big battle and as wildly inspiring imagery."
107,Avengers: Endgame makes you keenly aware of the passage of this time.
108,"Emotionally satisfying, with lots of surprises...it wasn't just a good comic-book movie, just a good Marvel movie, but a genuinely full-stop good movie."
109,Very much worth the wait. That's all I need to say.
110,"Superhero adventures are the predominant films of our time, and this one easily stands as the most significant."
111,"It's fun. You're not watching Shakespeare, remember...these guys have really done something with the superhero movie."
112,"A movie with just so many great parts to it. I guarantee later, if part of it comes on, you'll stick around to watch the whole thing."
113,A rousing finale. Epic in scale and in heart.
114,There's a lot of research to do. But it's fun homework.
115,"If you're a fan of these movies, I think you're going to be satisfied. It's a satisfying ending to this phase."
116,"The Avengers as we know them will never reassemble and, in their wake, superhero movies will never be the same again."
117,"At its outset, Endgame is a dour bit of rockism-a testament to the power of earnest storytelling."
118,"The film has Marvel bending, breaking their own rules. It's a bold move and should hopefully pay off."
119,"Kudos to directors Anthony and Joe Russo just for keeping things organized, let alone coherent, which they also manage."
120,There is lots to love here: the way Downey balances acerbic wit and heartfelt feeling. The way Ruffalo somehow manages to invest Hulk/Banner with warmth. Evans' all-American sincerity.
121,"Thank goodness for some fine ol' trademark, avenging humor saving the day and carrying us through much of the weltschmerz with almost a full two hours remaining in this really big show."
122,"A sobering, galvanizing tribute to the sprawling franchise and especially the superheroes who anchor it."
123,"Suffice to say that Endgame lives up to its promise as a gratifying, if bittersweet goodbye to modern cinema's biggest superheroes."
124,"For the non-fans, the film's explanatory tone might come across as a speed breaker at times, but for the fans, the same invokes hope and excitement, leading to constant gasps and howls."
125,t's really long; three hours long. There is a bit too much time travel. But overall it's just the kind of extravaganza you'd expect.
126,"Endgame is hugely ambitious, ridiculous, over-the-top superhero filmmaking and I loved it."
127,"Endgame feels like a victory lap. It is a means of catharsis and a release for fans who have held their breath, awaiting the fate of their favourite heroes."
128,"Avengers: Endgame will alternately make you shed tears, giddy at the possibilities, excited for what's coming, whoop when you witness it, and nostalgic for the MCU past."
129,"It's overdone and bombastic. A fitting end, in other words, to a franchise cycle of insatiable commercial ambition...and thundering creative swagger."
130,"""Avengers: Endgame"" is a classy end to a collection of films, but also one that makes the future of new Marvel movies look so bright that you can't help but smile."
131,"Avengers: Endgame succeeds in delivering both the epic scope such a finale demands, and the personal touches that have made the whole franchise so winning."
132,Avengers: Endgame is a cinematic achievement unlike any other. And it is a gift... a thank you to those fans who have taken the journey.
133,"Proud postures alternate with callbacks and climaxes and sniffly tear-tugs and lots of that wacky, weightless Marvel verbal humor... telegraphic jolts of joy for those who [ingested] the prior 2,299 minutes of the ""Universe"" entire."
134,"A somewhat disjointed by satisfying conclusion to the first generation of Marvel films, filled with dashing spectacle and quiet character moments."
135,Talk about a curtain call.
136,"'Avengers: Endgame' is a well executed story that centers its characters and their journeys, while providing some of the best action sequences the MCU has ever had."
137,Endgame is not flawless... But goddamn if it still isn't great.
138,"This is fan service elevated into an art form, transcending winking self-aggrandisement to become something of a reflection on the past eleven years, a chugging, tooting, spectacular train of a franchise, careering indefinitely forward."
139,"Not terrible, sometimes fun, long, dark, dim and predictable."
140,"In other words, without a diversity of voices, what are doubtless good intentions feel like paternalistic tokenism. It wouldn't be as frustrating if the solution weren't obvious."
141,"Spoiler-filled review: Endgame begins and ends with quiet, intimate moments. And it's that sense of intimacy that makes this galaxy-spanning blockbuster such a triumph."
142,Avengers: Endgame culminates the MCU with a swan song that celebrates its rich history and provides a heartfelt conclusion 22 films in the making.
143,"Endgame's three-hour length suggests profundity, but each bout of knuckle-busting between the specially gifted vigilantes and the demonic Thanos either panders or, at best, is merely redundant."
144,"In producing a film as affecting and carefully crafted as this, Marvel is bestowing upon their audience the fulfilling sense that their love of these stories isn't just childish, escapist nerdism."
145,"Faithful to its core, dense and rich, nostalgic and yet new, it reaches far and succeeds with all the elements the fans will love."
146,Purposeful chaos with a sleek finesse.
147,"Avengers: Endgame should make a lot of people happy for about three hours and one minute, solid. It's all that audiences could have possibly hoped for."
148,"The characters, and the actors playing them, make this an exercise in pure popcorn fantasy doused in just enough sentiment to keep us engaged between wisecracks and yet another eye-popping effect."
149,"There is, however, a boldness to the way the film attempts and succeeds in making a fantasy about unwinding the end of the world that's really about the fact that everyone still has to deal with having lived through it."
150,"It would be accurate to say that a lot of the film is designed for crowd-pleasing, but that is nowhere near saying that it panders to fans. The film celebrates and revels in the franchise without seeming self-indulgent."
151,"The pieces may all fit together like a mammoth jigsaw puzzle, but what's sorely lacking is spontaneity, that final-chapter frisson of anything-goes tension."
152,For now this film delivers the popcorn experience devotees have anxiously waited for. General audiences can also bask in the fun and glory.
153,"Two and a half hours of plot for thirty minutes of magically divine statuesque iconography that's, surprisingly, worth the seat."
154,The MCU has generally successfully balanced planetary and personal stakes. Endgame is a worthy culmination of that storytelling approach.
155,Not as visceral or intense as Infinity War - and not entirely satisfying - but there's still plenty to get excited about.
156,You know things are pretty damn serious when Captain America starts swearing.
157,"Avengers: Endgame dazzles, frazzles, exasperates but never relents."
158,A masterful bombardment of everything that has made the Marvel Cinematic Universe films so impactful.
159,"Fan service is the main course in the latest MCU extravaganza. Endgame revels in Marvel knowledge, and after 11 years and 22 films, most fans will be more than happy to indulge in it. [Full Review in Spanish]"
160,"The resulting chaos is still punctuated by the suspense, melodrama, and heroism necessary to provide gratifying closure to one of cinema's greatest serial storytelling feats."
161,"Overall, Avengers: Endgameis an unflinching and beautiful love letter to both comic books and the fans who have sustained the MCU."
162,"Rounding the bend into hour three, I heard a snurfling sound to my right. A discreet peek revealed that the guy next to me was semi-weeping, blotting away the odd tear with his shirt sleeve. Jeez, I thought. And then I realized...never mind."
163,A decade of Marvel movies culminates in three hours of (awesome) fan service.
164,"It's simultaneously a beautiful send-off, a greatest hits tour and a lap of honour. This is Marvel celebrating Marvel, and it is thoroughly deserved."
165,"Just about the best send-off imaginable, a stunning achievement in blockbuster cinema and a satisfying resolution to a phenomenal run of films."
166,"Where Infinity War was all bombast, Endgame offers reserve. Where Infinity War wrought intergalactic devastation and destruction, Endgame delivers intimacy and an examination of grief, loss and very private regret."
167,The Superhero film has truly become our Western.
168,"Messrs. Downey, Evans, et al, give their all to lift up the overlong AVENGERS: ENDGAME from its sloppy script and poor pacing, to leave their fans with unforgettable memories of their fractured, flawed, courageous heroes."
169,"A fantastic full stop to a 22 film series, giving us some closure to an era of cinema, but still leaving a well-lived-in Earth for new adventures to be created going forward."
170,"...for that first hour, Endgame is maybe the most radical superhero film since Logan..."
171,A truly incredible and virtually unparalleled moviegoing experience that I can't wait to have again as soon as possible and many more times beyond that...Mission accomplished.
172,"This movie is slow, steeped in nostalgia for the previous chapters, and very serious about itself."
173,"A beautiful, masterful final bow for the audience that has followed this epic story line from ""Iron Man"" and on."
174,"It's everything you should expect from the culmination of more than ten years of movies, especially if you've been following them from the beginning. [Full review in Spanish]"
175,"Despite being the longest superhero film in history, and the longest film in the MCU, Avengers: Endgame is paced like Quicksilver on crack cocaine."
176,"If there were ever a movie designed to please its target audience, Endgame is an emblematic example. Anthony & Joe Russo manage to juggle the many components of this mosaic with finesse, & despite the outsized running time the movie seldom lags."
177,... Endgame [is] as much of a love letter to the fans as it is a comic book fan's dream.
178,"No matter how much homework you've done, what actually happens, the order in which it happens and the folks to whom it happens will still pack surprises - also tongue-in-cheekiness and quite a bit of lump-in-throatiness."
179,"An ambitious, emotional and satisfactory conclusion to the saga. A love letter to fans of the genre and followers of the whole franchise. [Full review in Spanish]"
180,"[F]or the first 30 minutes or so ... [t]here's so much gloom, doom, and clinical depression among the remaining team you'd think you were watching a DC movie."
181,"The sheer force of the film ... is enough to make traditional complaints moot. Against significant odds, it's a fitting culmination to the biggest movie series in history."
182,A perfect ending to a Marvelous saga.
183,"Avengers: Endgame is a crowd-pleaser at the highest level, striking the perfect balance of paying homage to its predecessors and giving each character his/her moment to shine."
184,An emotional and exciting show of gratitude to all the fans that have stuck with the MCU for 11 years. [Full review in Spanish]
185,"The climactic war is more than just a CGI-laden smash-fest. Every corner of the chaos, every maneuver and turn, represent an important moment in the lives of the characters."
186,Avengers: Endgame isn't a great movie ... but it's a beautiful and fitting swan song to a unique journey that forever changed the movie industry and the lives of so many fans.
187,"Overall Endgame""delivers what it needs to. Although three hours long, it never felt slow or draggy thanks to a narrative that is constantly cross-cutting between multiple storylines."
188,A beautifully heartbreaking ending to a saga.
189,"After a payoff like this, it's fair to ask where the genre goes from here. This will be a very tough act - if not an impossible one - to follow."
190,"Boy, do directors Joe and Anthony Russo ensure the tale of space good and evil goes out with a hugely entertaining bang. Queries are answered, plot points tied up, justice is done."
191,"Well. That was not what I expected. And, I think I love it all the more for it."
192,"If you leave this film not once having felt your eyes heat up, or having your vision distort as a tear wells in your eye, you might just be Thanos."
193,"When the set pieces do come, audiences won't be disappointed. The final battle scene is a climax worthy of bringing this monumental 22-film chapter in the MCU to a close."
194,Endgame has a few tricks up its sleeves that keep going right back to the heart.
195,Marvel has clearly saved the best for last and I cannot stress how much those fan service moments will have you cheering.
196,"Hitting its every note with expert precision, it's a triumph of humorous, action-packed, poignant blockbuster filmmaking."
197,"There's something new in ""Avengers Endgame."" Real stakes. Also, real warmth, zest and a real sense of family connection."
198,What a film.
199,"A film that should feel overlong and overstuffed rings purposeful, weighted with existential truth even as it flashes before our eyes."
200,"Avengers: Endgame is exceptional because it has the only thing that the MCU lacked until now: a closure, a sort of conclusion that really feels like the end of an era, and the beginning of a new one. [Full Review in Spanish]"
201,This is one of those movies you have to watch in the cinema with other people. You won't regret it.
202,"While Endgame never climbs new comic territory like its predecessors and is more often than not sombre and reflective, it is also narratively unlike any MCU film you've ever seen."
203,"Avengers: Endgame goes to great lengths to deliver what its fanbase expects: big battles with cosmic stakes, a bit of self-deprecation and a plethora of superheroes that are happily and reverentially showcased."
204,I cheered so hard. There are some scenes...prepare yourself. This movie made me feel whole.
205,The melancholy of Avengers: Endgame will last in the fans' emotional memory. [Full review in Spanish]
206,"It's a beautiful farewell to the original Avengers, but also a perfect start for a new team. [Full review in Spanish]"
207,"In a franchise that often resembles one exhausting run-on sentence, Avengers: Endgame feels like a welcome period (or at least a semicolon)."
208,"The film will have you laughing, jumping out of your seat, and an emotional wreck, often in the same beats. What a time to be alive to see a movie like this."
209,"It was always a bit touch and go just how Marvel would recover from the events of Infinity War and wrap up the stories of beloved heroes which we've been following for years, but they've done an impressive job which will leave fans entirely satisfied."
210,No film has quite made me feel so emotionally in awe since The Lord of the Rings: The Return of the King.
211,"Based on the screening I attended, I'd wager fans are unlikely to be disappointed: There were grown men and women weeping in the seats alongside me."
212,"Avengers: Endgame didn't seem a moment too long, and there wasn't an awkward performance among its cast."
213,"It gives us a collection of compelling characters, ties up a lot of loose ends, provides the satisfying pow and wow of a superhero movie, but then takes it all to another level, delivering a poignant drama with relatable human emotions."
214,Satisfying and significant
215,"Despite all the whiz-bang CGI effects, some more special than others, the moments I most appreciated in Endgame were the small-scale comic touches... Best of all is Robert Downey Jr."
216,"""Avengers: Endgame"" represents one of the best films in the MCU canon and provides an epic and emotionally satisfying finale to the characters we've grown with over the last ten years."
217,"Builds to an impressively ambitious finale, highlighting both the strengths and the limitations of the franchise as a whole."
218,"The biggest box Endgame needed to check was to do justice to the array of personalities that audiences have come to love. Even given the three-hour runtime, its success in giving all of them their due is no mean feat."
219,"After more than a decade and ... 22 movies, that [nostalgic] impulse is understandable. It also feels a bit too easy, a little underwhelming, and more than a pinch manipulative."
220,"Despite a few shortcomings, Avengers: Endgame is still an affectionate, enjoyable closing chapter for a long-standing series."
221,"The last-reel battle pretty much has to be the most satisfying superhero movie set piece of all time, delivering the multiple closures this long-in-the-telling saga needs."
222,"Spellbinding, surprising, and immensely satisfying. Eleven years, twenty-two films, one singular cinematic achievement the likes of which we've never seen before and aren't likely to again for a long time to come"
223,A grand finale that almost lives up to the anticipation levels that have built up around this monster set of stories.
224,"Infinity War may have proved that Marvel can pull off a massive superhero crossover event, but Endgame shows how much better these movies are when they pay attention to people, too."
225,"For a three-hour movie, ""Endgame"" is anything but bloated, with a wealth of poetic and pleasing moments."
226,"""Endgame"" sticks this landing in ways that are thrilling, funny and emotional, and it does it by executing both on story and characters."
227,What you will witness on that big silver screen is going to be a marvel to behold (pun intended).
228,The fantastic 'Avengers: Endgame' entertains with a vengeance.
229,"Predictable and...overstuffed with snarky lines and bathetic moments, though as sumptuously made as anything to have rolled off the Marvel assembly line [but] since it gives series fans a heaping helping of what they obviously savor, they'll eat it up."
230,"Endgame is a totally unique, brilliant cinematic experience."
231,...provides something truly satisfying: a sense of closure.
232,"The culmination of the past 11 years and 21 films from Marvel Studios, Endgame hits all the emotional levels and brilliantly captures that comic book magic."
233,"Spoiler Free Review. The Avengers Assemble for one last epic, spectacular outing. Avengers: Endgame is indeed everything that hardcore fans could hope for"
234,Avengers: Endgame feels like the blockbuster to end all blockbusters.
235,"Kudos to Anthony and Joe Russo for so elegantly tying together 21 movies and 25 heroes, giving poignant and satisfying send-offs to some, fresh new beginnings to others."
236,"The end of an era, done exactly as you'd hoped."
237,Quit reading this review and get yourself to a movie theater!
238,"It's an episodic movie, so it shines in parts, rather than as a whole, but there are plenty of good parts."
239,"Endgame is good, rollicking fun, entertaining to the last drop with dollops of humour and comic-book pathos. That said, it's no soul-shaking masterpiece. Along with it likely being the biggest film of the year Endgame might also be the most overrated."
240,The MCU's long goodbye to the Avengers (is it really?) comes off as truly epic and thunderously exciting. But here's the big surprise-it's also an emotional wipeout .
241,"Avengers: Endgame isn't as brash, surprising, or relentless as its predecessor but it's a worthy conclusion to the Infinity War duology and provides a satisfying end to the First Avengers Era."
242,"Avengers: Endgame isn't a perfect film yet the Russo Brothers, writers, and cast managed to create a movie that serves as a wholly satisfying send-off to some of the most beloved characters in the Marvel Cinematic Universe."
243,The mega-franchise's biggest fans will likely embrace the waterlogged sentimentality that pervades the entire three-hour affair. But where does that leave those of us who just wanted a good movie?
244,"AVENGERS: ENDGAME is beyond your wildest dreams --- a charming, hilarious and often poignant source of IMMENSE entertainment!"
245,"If I think that AVENGERS: ENDGAME is an amazing and wholly entertaining event, imagine what the enthusiastic fan base of MCU will think?"
246,"Despite usually being a passive moviegoer, I found myself cheering mid-scene, crying for an embarrassingly long portion of the runtime, and leaving the cinema completely blown away."
247,I might be tempted to describe Infinity War and Endgame as a couple of the worst and ideologically vacuous blockbuster movies ever made - except I'm no longer sure they should even be called movies
248,"The whole piece comes together almost seamlessly, a tapestry of Marvel's history, its waning present, and its waiting future."
249,"ENDGAME is not what you're expecting, yet it's also exactly the impressive epic you're chasing. It takes our central heroes to new places and wraps up Marvel's decade-long journey so beautifully."
250,"Avengers: Endgame is a fun, crafty and ultimately gratifying conclusion to one of the biggest sagas in pop culture history. A wonderful achievement. [Full review in Spanish]"
251,"When it finally fires up its big plot engine, the movie plays like a remix of Marvel's greatest hits, riffing on 40 hours of cinematic continuity and using the elastic nature of its comic-book origins as a strength."
252,"This is, despite its faults and three-hour running time, a fine end to a cinematic series that's become a bona fide cultural phenomenon."
253,"For young adults who have literally grown up with these movies, the experience may be emotionally overwhelming."
254,There's a frantic busyness to the whole thing that wearied me but may well delight Marvel nuts.
255,"It's nice to see how unafraid the film is being a finale; Endgame makes the franchise's history, and legacy, part of its story. The MCU will continue after this, but its current era feels finished in a fitting way."
256,Avengers: Endgame feels simply massive. In scale. In scope. In story. In cast list.
257,"The film may be slightly overstuffed, but the movie uses its epic runtime to keep its numerous characters not only busy, but done justice, occasionally even in ways that will surprise you."
258,Every single action sequence here deserves to be seen on the largest screen possible.
259,"When the action ends, the conclusion that follows is drawn-out and bland."
260,The Motion Picture Academy never recognizes great acting if it comes attached to a costume or a cape. That doesn't mean Downey isn't deserving of an Oscar. It's great acting in a great film.
261,"These heroes will surely have other adventures, but this is the first time the MCU has taken a breath and lived in a moment. I hope its success will embolden Marvel to do this more often."
262,Avengers: Endgame gifts many of the most intense and moving sequences of the franchise. [Full Review in Spanish]
263,A film that is equal parts grand finale and promises more of the same with a different coat of paint. [Full Review in Spanish]
264,The monumental feats of the film make the imperfections seem minimal. [Full Review in Spanish]
265,"A terrific conclusion to this particular chapter of the MCU and one that gives fans everything they want and deserve from an epic superhero offering. (Full Content Review for Parents - Violence, Profanity, etc. - also Available)"
266,[I]t is slick and affectionate enough for its three-hour running time to pass quickly.
267,"""Endgame"" is a satisfying swansong, nothing short of a fitting heroes' end. Thanks, Marvel."
268,"Which is to say, if you think you need to see ""Avengers: Endgame,"" you absolutely, positively need to see ""Avengers: Endgame."""
269,"The MCU sticks this landing, allowing us to let go of years of baggage and get ready for the next flight."
270,"I won't go so far as to say it's a perfect film, but still quite mind-blowing that it's able to pull together such a fun, satisfying close."
271,"All in all, it is a wonderfully exhilarating conclusion to the saga."
272,"It's an entertainment designed to please many, many people and disappoint as few as possible, extravagant without necessarily having a vision beyond its desire not to put a foot wrong."
273,"Perhaps the Russos have made the final installment of the series this lackluster to make it easier to say goodbye to the superheroes, in this iteration. We really don't need another one. Not like this."
274,"Style and content almost perfectly coalesce in Endgame, combining a well-structured narrative and rich characterisation with grand set pieces."
275,"Endgame asks, ""What does it mean to be a hero and to feel heroic? Can you get up again, and what does that look like?"" These big questions are answered, I'd argue, lovingly in this film."
276,"Earth's Mightiest Heroes get the send off they richly deserve, but with one considerable caveat."
277,"This film's heart, though, belongs to Scarlett Johansson, whose sadness perhaps best articulates just what has been lost. ..Johansson's evolution of the character has imbued her with soulful drive and compassion."
278,"It offers an ending to nearly everything that has come before. That it accomplishes its goal in exciting, affecting, and mostly satisfying fashion is no small feat."
279,"Endgame is an incredible achievement, a bravura piece of filmmaking and a love letter to the MCU, one that still makes time to add in a couple of taco gags and some killer quips."
280,"Affirmation of Marvel's storytelling strategy of connecting films in a shared universe, but maybe more significantly, it's proof that the franchise's consistent release schedule gives the viewer better short-term recall and deeper emotional investment."
281,"It's not literature like Lord of the Rings, but in its own way, it's pretty damn impactful."
282,"Avengers: Endgame is mostly adequate, if overlong, but if it had spent a little more time on imagination over spectacle, it might have had a chance of being the kind of overwhelming cinematic epoch that it is clearly aiming to be."
283,Endgame is the participation trophy you get after committing 11 years to these characters.
284,"The scale, emotional weight, visual spectacle, complexity, and power of Avengers: Endgame exceeds everything fans could hope for."
285,"With a plot that spans the universe, a huge cast and a three-hour run time, the movie could easily feel bloated. But directors Joe and Anthony Russo skillfully keep the action nimble..."
286,"It was designed to cap a decade of buildup around a single gigantic story... In that sense, it's certainly a triumph: it's ambitious, towering, and above all, daring in its difference."
287,It isn't just as good as I was hoping it would be. It's actually better than I could have imagined. Bravo.
288,"Although it verges on fan-service and self-service, the film's central hour earns both because the balance of comedy, drama and action to playful invention and careful characterisation holds so sure."
289,"This is a movie that dazzles you with its spectacle, provides plenty of irreverent slapstick and gags along the way and yet still ends with a huge emotional kick."
290,"This three-hour epic is more or less what we were all looking for. Regardless of whether the Avengers saga goes on, this one satisfyingly closes the book on its first era, eleven years that remade the movies."
291,No other movie franchise has created this sort of suspense in one film and resolved it so spectacularly in the next.
292,"The movie is ludicrously long, clocking in at three hours and one minute, but surprisingly satisfying."
293,"...while End Game is a crowd-pleaser through and through, what wasn't expected was for this last chapter to pack such an emotional wallop."
294,"Succeeds at its daunting task: summing up an epic struggle with bedazzling action... and with more humor, zest and feeling -- the real, heartfelt stuff -- than you'd dare to expect from what is, after all, an immense industrial undertaking."
295,A grandiloquent spectacle that passes by in what feels like seconds.
296,"Fan service can be satisfying, just not the way the writers and directors handle it here, so by the time they get back to moments of gravitas, it is already too late."
297,"In the end, the focus is on the heart of the team that started it all. Tears will be shed. I may have felt something welling up myself."
298,"This cap to a villain arc that began in Thor (2011) features the most gloriously fluid and beautifully-paced action sequences this reviewer has seen in a superhero film, but marred by a distractingly high number of convenient plot contrivances..."
299,"Endgame offers a rich assemblage of movement and detail, full of winning digressions and loyalty-rewarding callbacks."
300,This is a solid adventure that fans will go nuts for.
301,"Not only pays off in nearly every conceivable respect, but frequently surpasses one's loftiest hopes. For casual fans, it's the can't-miss event of the season. For die-hards, it earns its spot as the can't-miss event of the decade."
302,Endgame is a movie that is nothing you'd expect but everything you want.
303,A remarkable conclusion to one of the greatest sagas in the history of cinema. Avengers: Endgame is (pun intended) truly marvelous
304,"For a movie with a daunting three-hour running time, Endgame impresses with how it continually maintains a breathtaking storytelling pace that guarantees boredom is never an option."
305,The Russo brothers effectively dose the action throughout demonstrating a robust confidence behind the camera. [Full Review in Spanish]
306,"An earnest, overstuffed, fitfully funny superhero melodrama, Endgame hits the buttons it wants to hit, and sometimes affectingly."
307,Big budget action filmmaking doesn't get much better than this.
308,"""Endgame"" contemplates big-picture themes within a superhero framework and delivers a hugely entertaining ride worthy of its monumental buildup."
309,"In a sense, ""Endgame"" is an example of the MCU cannibalizing itself, but it has always done so. And it does so here in a fresh way that is closer to homage than lazy appropriation."
310,A completely satisfying conclusion...with a deep understanding of the characters and a truly remarkable ability to find a nuanced balance between canon and innovation.
311,"Avengers:Endgame, as a slice of entertainment, may offer an emotional goodbye to some beloved characters. But as a slice of idealism, it offers a call to start living up to what we love about them."
312,"The franchise has its ups and downs; the first ""Avengers"" film is certainly a highlight. But the sequels have the wisecracking-superteam formula on lockdown. They always deliver everything fans could hope for - except maybe any genuine surprise."
313,"Avengers: Endgame teaches us in three hours... to cling to the faintest light at the end of the tunnel, fight for it and be willing to sacrifice even for the common good. [Full review in Spanish]"
314,"This movie, without the emotional and historical build up that the myriad of Marvel films brought before it, would simply be a better directed Justice League."
315,"...this movie is mostly about bringing this phase of the Marvel universe to a spectacular and moving close, and the Russo brothers do it brilliantly."
316,"I laughed, cried, gasped and felt the hairs on my arm stand up as I marvelled at how brilliantly a 22-film arc was brought to a close with Avengers: Endgame."
317,"Endgame often pays tribute to itself, which makes it as fascinating as it is self-serious. It taps into a live wire of doomy tragedy and phoenix-like rebirth that comics do so well."
318,"Avengers: Endgame is both the end of an era and the beginning of a new one; a briefly closed door; a definitive end, but with a caveat."
319,"With clear stakes, a dialed-in cast, and the means to bring so much spectacle to life, Avengers: Endgame is quite the achievement."
320,Endgame reinforces that there's still a beating heart beneath all the machinery.
321,"In terms of sheer entertainment value, it's on the higher end of the MCU, a film that elevates its most iconic heroes to the legendary status they deserve and provides a few legitimate thrills along the way."
322,A potent reminder of all that's good and bad about movies.
323,"It's a worthy bookend to an ambitious cycle of interlocking blockbusters, credible fan service, and far and away the best film to have Avengers in the title."
324,"What ""The Deathly Hallows"" was to ""Harry Potter,"" what ""Return of the Jedi"" was to the original ""Star Wars,"" this gargantuan ""Endgame"" will be to the ""Avengers."""
325,"The japey inter-hero rivalries and beyond-state-of-the-art visuals go down as easily as always in a formula which, if never quite revolutionising the comic book saga, gave it a much-needed overhaul..."
326,"Takes the MCU, 21 films worth of scrapes, near misses and heroic feats, and unleashes a magnificent mortality fable."
327,There's more high drama at work in this team-up feature than anything in the series. But the soft and tender moments work best.
328,"Endgame is not as tightly woven in its tapestry of tone as Infinity War and sometimes finds itself stuck between victory lap and valediction. A champagne problem, but it's one to which the Marvel honchos have found a thrilling solution."
329,Mathematicians say infinity has no end. Avengers: Endgame thrillingly and movingly proves them wrong.
330,"""Avengers: Endgame is the most satisfying film I've ever seen. It's satisfying in a way that no other film could match because of a history that goes back over a decade."""
331,"Marvel tourists may surprise themselves how much they care...while fanatics will have a geekgasm of heretofore undiscovered proportions at what amounts to the biggest series finale ever. To put it more politely, they'll love it ""times 3000."""
332,"Endgame orchestrates defeat, hope, struggle, courage, triumph, and denouement in perfect balance... as all things should be."
333,"Despite a slower first act, once it warms up, Endgame is everything fans would want from the climax of this epic, decade-long journey."
334,"If you've survived all the cliffhangers Marvel has tossed about in its awesome masterplan; pray tell, what happens after the dust has settled? It's epic. Quite somber, but epic."
335,"Oh yes indeed. ""Avengers: Endgame"" brought it."
336,"Even at three-plus hours, the gargantuan Avengers: Endgame is light on its feet and more freely inventive than it needed to be."
337,"Endgame mostly sticks the landing with a satisfying conclusion, providing a final act to the Marvel Cinematic Universe that emotionally resonates in surprising ways."
338,"Plainly stated: Avengers: Endgame is the payoff for all the time, and inspiration, and joy you've invested in the MCU all these years-and it pays well"
339,"In fact, give Marvel props for not splitting it into two separate blockbusters that would have diluted the impact of such an apt, respectful and yes, emotional capper to the saga."
340,"(No spoilers) The Return Of The King of superhero movies. An epic end chapter that closes a legacy in the best way, living up to the lofty expectations."
341,"If this film doesn't win an Oscar for Best Picture, no superhero film should."
342,"True to its title, Avengers: Endgame delivers a first for the Marvel Cinematic Universe: an ending."
343,"Like the Phoenix rising from the ashes, the Russo brothers switch from defense to offense for a satisfying conclusion to the series worthy of respect from Marvel fans."
344,"A truly satisfying and at times surprising watch, Endgame will leave you full of sadness, but also hope for what's to come."
345,"What can I say but ""Thanks Marvel"", and ""Excelsior!"""
346,"Despite some flaws, there's no denying that this is a truly impressive achievement and a worthy conclusion to a story years in the making."
347,"Every dazzling, thrilling moment nurtures the narrative, celebrates the characters, and cradles the entire saga carefully towards a beautiful finish."
348,"An emotionally affecting three-hour spectacle, 'Avengers: Endgame' is the rousing and exhilarating conclusion fans deserve."
349,"If you think you know where this movie is going based off of the over-abundance of teasers and trailers, I assure you, you don't."
350,All of the prodigious forethought and fortitude has paid off.
351,"For a movie with such a compelling premise and a humongous build-up, it would be a shame if the payoff is weak. Thankfully that's not the case here, and for that I'm grateful."
352,Avengers: Endgame is not just a remarkable movie; it's an unforgettable experience.
353,"As I type through the tears, I can wholeheartedly report that the Marvel Cinematic Universe does not disappoint and providing fans with an endgame not soon to be forgotten. Kudos Russo Brothers and Marvel. Y'all did the damn thing!!!"
354,"As a continuation of the risk-taking Thanos saga, the feature isn't quite as daring as expected."
355,"This induces gasps, giggles and goosebumps a' plenty."
356,"With an experimental narrative for its genre, Avengers: Endgame may have its faults, but it'll surely keep the super fans satisfied, and those who may not be so interested on their toes."
357,A satisfying and emotionally involving conclusion to an epic saga of beloved superheroes. [Full Review in Spanish]
358,"Avengers: Endgame is a staggering, sweeping epic that touches every corner of the Marvel Cinematic Universe. You could watch the film a dozen times and discover something new."
359,"If AVENGERS: INFINITY WAR was a treatise on the Freshman year PoliSci theories of the intergalactic evil-monger, Thanos, then its follow-up is an epic poem on the cosmic futility of the Marvel Cinematic Universe."
360,Millions of us have invested countless hours and billions of dollars in these MCU movies so the outcome holds cosmic consequence.The payoff here is considerable and a worthy conclusion to this enormous part of the franchise.
361,"...a delicious platter of delights designed specifically for the fans, that only very occasionally begins to feel like fan service."
362,I came out of this movie completely blown away. I think it is way better than 'Infinity War'
363,"It's jamming a decade of movies, 22 films in all, and balling them up into a densely packed three-hour movie and hurling it right at your face. Some will welcome the projectile and others will recoil in horror."
364,"A little slow getting to the meat of the plot but still has that pizzazz of being in the MCU where they blend emotions, battles and very definitely humor."
365,"""Avengers: Endgame"" feels more like a Christopher Nolan movie than one stemming from the MCU. It's also, by far, the best 'Avengers' movie of the four released."
366,"Despite the first 2 hours being a mix of pros and cons, the final hour is perhaps the greatest hour in the history of the genre, making Endgame a truly satisfying conclusion to the 22 film arc."
367,"A spectacle that is genuinely affecting and packed with properly exciting moments that will literally make you draw your breath, clap and whoop, and jump out of your seat"
368,"For much of the experience, Endgame feels like you're reading a really good graphic novel."
369,"""It's a satisfying culmination of all of the films."""
370,Fan theories that have peppered the internet in the last year prove to be more exciting and interesting than the actual movie.
371,... A spectacle and feat of storytelling unlike anything the movies have ever seen.
372,"After more than a decade and nearly two dozen pictures, the first era of the MCU comes to an imperfect, crowd-pleasing end with ""Avengers: Endgame,"" a bulky film tasked with resolving myriad plot points and perhaps even more emotional through-lines."
373,Endgame certainly showed there was one and it was just what we needed.
374,"""Endgame"" is the most emotional of the Avengers movies, a tear-stained farewell that effectively tugs at the heartstrings while simultaneously blowing them up with a large army's worth of CGI warfare."
375,"It's a quality action movie that accomplishes, with seeming ease, a number of difficult things."
376,"It fulfills everything that was set up in ""Infinity War."""
377,"If you have anything close to the bond with these characters as the filmmakers hope you do, you'll be satisfied. You'll laugh. You'll cry. You'll shout ""yeah!"" and clap."
378,A fitting capper to one of the biggest franchises of all time.
379,"The most confusing and convoluted of any of the Marvel Cinematic Universe films, yet it's also unbelievably satisfying."
380,"Surprisingly smaller-scale and lighter than INFINITY WAR, with disappointing action to boot, but it ends on a high note and the key characters get pushed in interesting directions."
381,"A sometimes ponderous and always-pandering script gets by on the considerable charm of that wonderful cast, one last time."
382,Avengers Endgame is a beautiful and satisfying culmination of 22 films in the MCU. This film is not only monumental but a love letter to earth's mightiest heroes and its fans.
383,"This is blockbuster filmmaking of the highest order. Avengers: Endgame is the culmination of a decade's worth of stories, character growth, and audience investment."
384,"As it unfolds, the film invites you to forget about whatever you came in deciding it would be."
385,The most impressive aspect of what's sure to be one of the biggest blockbusters in history is how intimate and personal so much of the story is and how quieter character moments aren't lost in the shuffle.
386,"""Speeches are given, battles are fought, jokes are thrown-many of them. In fact, they pack a LOT of funny into this three hours, for good or ill. In the end, the satisfaction of having stayed the course with Marvel is rewardedtenfold."""
387,Directors Anthony and Joe Russo have somehow crafted a coherent and exhilarating epic that incorporates all your favorite superheroes (and many of their loved ones) in one emotionally resonant package.
388,Marvel has built up an incredible amount of emotional currency and Endgame is a very satisfying payoff
389,"Every serious narrative beat in the film is ultimately undercut by pro-forma storytelling, or by faux-improvised humor."
390,Delivers on all fronts with the most satisfying final acts I've ever seen. This was like a Thanos snap to my expectations and then some.
391,"One word comes to mind, and it's a word that has never been associated with just about anything regarding the whole of the Marvel Cinematic Universe; finality"
392,"[Joe and Anthony Russo] take every cent of capital that these movies have earned over the last 11 years & spend it in the best, most economic way you could possibly imagine."
393,I can't recall a film in this cinematic universe or any other that works as relentlessly and ingeniously to keep delighting its audience than this.
394,"Downright Spielberg-ian! A perfect way to cap off ten years of the MCU, and get audiences excited for the next ten."
395,"A victory lap that moonwalks through the best part of the MCU back catalogue and emphasises emotion as much as action, this is an intensely satisfying piece of blockbuster filmmaking."
396,The movie works because it delivers everything you want and all the things you didn't know you needed.
397,"If you've invested years of your life to the MCU [Marvel Cinematic Universe] like I have, this movie will feel like a fan letter to you. Kevin Feige and his team deserve so much praise for being able to pull off something of this magnitude."
398,"[O]ne of the most ambitious, entertaining, emotional, and stunning blockbusters we've ever seen, and the best film in the Marvel Cinematic Universe canon thus far."
399,We haven't seen anything like this before in franchise movie-making. One can only hope that the next 10 years of Marvel storytelling comes close to this.
400,This decade with the costumed adventurers has been worth it. [Full Review in Spanish]
401,"As ""Endgame"" sputters to the finish line, it leaves the impression of witnessing a Marvel Movie Marathon compressed to three hours - and 58 seconds, but trust me, they're disposable - of unbridled fan service."
402,"Spectacle gives way to heroic journeys fulfilled, quests finally culminating and closure finally reached."
403,"Rarely do event movies live up to the hype, but Avengers: Endgame shatters any expectations. A glorious superhero epic!"
404,It's everything a fan could want.
405,An undeniable triumph for Marvel and an essential appointment for fans of the genre. [Full Review in Spanish]
406,"If Avengers Endgame -- with its carefully crafted emotional beats, thrilling action sequences and heartbreaking farewells to some of our most beloved heroes -- isn't the perfect final chapter, I can't imagine what perfection might look like."
407,"""Avengers: Endgame"" delivers everything Marvel fans will enjoy and not much that they expect."
408,"More than any of those franchises, ""Endgame,"" at its best moments, carries the thrill of classic comic-book twists and reversals."
409,"Avengers: Endgame is a satisfying finale to the Marvel Cinematic Universe chapters we've watched and loved. This one may not be for small children, though, due to language and violence."
410,"Endgame is truly a masterful piece of storytelling, which both goes exactly where you expect it to, and not at all."
411,"Part of the journey is the end, and this goes out with a bang that'll make you whimper."
412,"A massive, incredibly entertaining epic that is as emotional as it is spectacular."
413,The most shocking thing about Avengers: Endgame is that there are several moments within this colossal movie that feel like a Marvel miracle.
414,"Endgame knows what its audience wants, and delivers that without feeling like quote-unquote fan service."
415,[T]he entire endeavour loses any sense of emotional stakes or general meaning beyond the deliverance of crass fan-service and incomprehensible visuals.
416,"Avengers: Endgame wraps up the story of the MCU so far, delivering an epic superhero adventure while honoring the past in a satisfying finale."
417,"If the Marvel superhero movies on the whole are your favorite band's individual albums, ""Avengers: Endgame"" is the triple-disc greatest-hits package with the really awesome cover and a slew of familiar, comforting gems inside."
418,"I wasn't sure, after the tedium of Infinity War, that Marvel could wrap this up in a satisfying way. Turns out, it was a snap."
419,"The longer run-time and bloated cast are surprising strengths, permitting this grand finale to be more than just a superhero flick. A fitting, over-arching conclusion by a studio that knows how to get this genre spot on."
420,"A fitting and surprisingly poetic payoff to more than a decade of storytelling, and the start of a bright new chapter."
421,"This is Marvel flexing, building on over 10 years and 20-plus films of careful groundwork and intricate planning to show us what it can do that no other movie franchise can. As such, it's an immensely satisfying finish to this era of the series."
422,"Endgame is an extremely well-made film, helmed by two directors who knew exactly what they were doing the whole time."
423,You have to hand it to the directors for their ambition in bringing together a clown car full of characters into such a well-told and compelling yarn.
424,"Avengers: Endgame is a lot - sometimes too much. But, wow, the payoff is huge. It leaves you proud to have invested over a decade in a franchise that delivers an inspiring exploration of what it means to be family and a hero."
425,[E]xtravagant - and mostly very gratifying.
426,"For now, the cast, crew, and creators of the past decade may rest easy on a sun-drench porch with the knowledge that [Endgame] accomplished their ultimate goal. For better or for worse."
427,"The Avengers, as a concept, probably won't be going anywhere, but Endgame still feels like a proper goodbye."
428,"It's game over for Marvel's competition as their latest superhero spectacular smashes into cinemas like the Hulk on steroids, and is the thunderous triumph we've all been hoping for."
429,"For the most part, Endgame delivers on the unique brand of humor, action and drama that Marvel has down to a science at this point."
430,"Having set up a formidable task and then some with the finish of ""Infinity War,"" ""Avengers: Endgame"" rises to the challenge, delivering an epic finale that proves immensely satisfying."
431,"At its best - and ""Endgame"" is in some ways as good as it gets - the ""Avengers"" cosmos has been an expansive and inclusive place."
432,"Endgame reaches a conclusion that is not only spectacularly satisfying, but thematically powerful."
433,"The movie largely delivers, splashing its ambitious three-hour narrative across a sprawling canvas of characters, eras, and not-quite-insurmountable challenges."
434,"Emotionally epic in every sense of the word, Endgame is a satisfying conclusion to the MCU's 11-year conquest that delivers enough feels and action to cream your pants over."
435,"By carrying the weight of 21 movies with it, Endgame feels far grander, surprising, and emotional than your typical sequel."
436,"Avengers: Endgame perfectly ties together the entire MCU. It has always been connected, but now it is complete. An emotional roller coaster I cannot wait to ride again."
437,"[W]hat comes across most strongly here, oddly enough for an effects-driven comic-book-derived film, is the character acting, especially from Downey, Ruffalo, Evans, Hemsworth, Brolin and Paul Rudd as Ant-Man."
438,Avengers: Endgame goes galaxies beyond expectations and exceeds anything that any of us could have imagined. The perfect end to an incredible series of films.
439,"I have to admit, in all its surreal grandiosity, in all its delirious absurdity, there is a huge sugar rush of excitement to this mighty finale, finally interchanging with euphoric emotion and allowing us to say poignant farewells."
440,Our heroes are giving their final bow and it is a joy and pleasure to witness.
441,"After the must-see showdown that was 'Infinity War,' the Russo brothers deliver a more fan-facing three-hour followup, rewarding loyalty to Marvel Cinematic Universe."
442,"Has almost nothing on its mind but crossing the Ts and dotting the Is of a far-flung superhero saga, but to anyone with even a minor emotional stake in the MCU, it has the fleeting satisfaction of a shot of whipped cream direct from the spray can."
443,"Ultimately, Avengers: Endgame feels exhausting. That's not a knock against the movie, though."
444,"Avengers: Endgame is everything you've ever dreamed a Marvel movie could be. It's a three-hour adrenaline shot to the heart featuring mysteries solved, consequences suffered, shock, awe, and delight"
445,"Endgame is the best possible love letter to the MCU one could muster, a big, sloppy kiss to its fans and the characters that made these movies so appealing in the first place."
446,A gargantuan love letter to Marvel's equally enormous mythology.
447,"To these faintly moistened eyes, ""Avengers: Endgame"" achieves and earns its climactic surge of feeling, even as it falls just short of real catharsis."
448,Avengers: Endgame is the triumphant crescendo to the biggest film journey that has ever graced cinemas. But casual fans need not apply.
449,Marvel Studios' previous films have all been leading up to Avengers: Endgame and the film is very much worth the three-hour run time.
