,text
0,"""Black Panther"" lived up to the hype."
1,"When it comes to creative visuals, engaging action and likable characters, ""Black Panther"" stands confidently next to the best fare offered up by the Marvel Cinematic Universe."
2,Whether or not this is the best film Marvel Studios has made to date-and it is clearly in the discussion-it is by far the most thought-provoking.
3,The identity politics provide a fresh spin to the genre's increasingly tedious narrative formula.
4,"Jordan has swagger to spare, with those rolling shoulders, but there's a breath of charm, too, all the more seductive in the overblown atmosphere of Marvel. He's twice as pantherish as the Panther."
5,"Coogler is trying for a lot of things in Black Panther, probably too many, but there is also a winning modesty to his ambition."
6,"Coogler and company use the intersection between myth and history well. They lionize it for emphasis and good effect, leaving you asking questions when it ends. And isn't that we want from our art?"
7,"Black Panther is not only an important movie culturally, but it's also thrilling, dramatic, and gorgeous in a way we don't get to see very often in action movies."
8,"A wonderful story full of twists and turns, featuring one of the best villains in the MCU."
9,"Black Panther is a film that uses political theory as more than a plot-pushing gimmick without losing its wonder, humour and bad-ass action. Kudos to the studio and to filmmakers for looking outside the starched-white box."
10,"A righteous riposte to centuries of oppression, absorbed and answered with a glorious, joyous celebration of blackness."
11,"Already a visionary director, Coogler has outdone himself with a film that fits into the larger Marvel universe while retaining a sense of confidence and identity all its own."
12,Black Panther strikes a chord for humanity.
13,"Black Panther is visually stunning, drawing artistic inspiration from every part of the African continent. But perhaps what is most impressive about the film is the villain and the political dilemma catalysed by his claim to the throne."
14,The film is painfully average. It does so much in every area but actually tell a riveting story.
15,"Diverse representation alone doesn't make a film automatically good. But Black Panther did the diverse cast justice by giving them something worthy to do in a well-written, thought provoking film."
16,"""Black Panther"" is a beautiful paean to big-budget auteurism, a film that manages to fit within the boundaries of the MCU [Marvel Cinematic Universe] while also being a very personal expression."
17,"It does nothing truly distinct from every other Marvel Studios offering, I will be first in line. If they think they can sucker me into paying for outdated special effects and a movie I have seen many times over, they have another thing coming."
18,"It's weird and brilliant to say that a Black Panther film is properly a good film, able to stand on its own and add to the overall Marvel Cinematic Universe. Top marks."
19,"Ryan Coogler has permanently stitched himself into the Hollywood fabric as one of the most innovative directors stretching across multiple genres. What Coogler does with Black Panther is inspiring, admirable and transformative."
20,The film completely integrates ancient rituals and traditions with sober sci-fi and modern technology.
21,"[Black Panther] is one of the richest, most vibrant worldbuilding I've ever seen on the big screen, with a story that embraces African customs and life in a way that makes no apologies."
22,This is a piece of history you really want to be a part of.
23,"The film's futuristic depiction of black/African culture is nothing short of amazing. Especially since we've never seen anything like it on the big screen. Despite some CGI flaws, the direction, acting, story, and design is phenomenal."
24,The characters are strong and it asks questions that will have you thinking long after you left the theater. It's not just a good superhero movie but a good thoughtful movie full of diverse and interesting perspectives.
25,Possibly Marvel's best.
26,"One of the best, most important superhero movies of all time."
27,"The best thing about Black Panther is that it tries to tear away itself from the monstruous franchise, by having a very cool spirit of its own. [Full review in Spanish]"
28,"You could call it Shakespearean, you could call it mythic, but that's not where the film lives. It's not about the broad strokes, it's about the details."
29,A heady mix of William Shakespeare and Walt Disney -- and with a few James Bond gadgets added to sweeten the deal -- it ventures far beyond wham-bam-thank-you-Stan territory.
30,"An international box-office blockbuster that ignited like a blast of cultural vibranium in the ugly face of resurgent global racism... At this point, 'Wakanda forever!' feels like not just a boast but a prophecy."
31,"From a narrative standpoint, the Ryan Coogler-directed film is head and shoulders above its predecessors."
32,"Black Panther is a triumph for many reasons, but most importantly, because it's a damn fine movie."
33,"Impressive story, great actors, an amazing director and a powerful message culminate to create a truly beautiful experience"
34,is the most singular and daring movie of the MCU. [Full review in Spanish]
35,"It addresses the topics of race, colonization, isolationism, exploitation, vengeance, social justice, and countless other topics in creative ways that don't feel forced."
36,An exciting and refreshing superhero movie that stands out as one of the year's best films.
37,"Black Panther displays all the best elements of the previous Marvel films while also improving upon the formula stylistically and in terms of character strength, particularly the Killmonger, the best villain we've yet seen in this universe."
38,Black Panther was an entertaining and enlightening film to watch. This film delivers on all levels from the amazing costumes and set pieces all the way down...
39,Ryan Coogler infused this epic superhero story with a distinctly black identity that is fiercely proud and unafraid to confront the failings of American culture when it comes to the treatment of African-Americans.
40,"Black Panther is a quintessential superhero film, and an above-average one at that, but it isn't a cinematic revelation."
41,"With the prowess and stealth of a jungle cat, BLACK PANTHER pounces into the Marvel canon with exhilarating, action-packed, edge of your seat excitement and entertainment!"
42,A historic landmark of representation and inclusion on the big screen.
43,"Within its limited remit, Black Panther is comfortably one of the best superhero films of recent years (not a difficult mantle), and further establishes Coogler's credentials."
44,Early into the new year and Marvel have produced another truly exemplary outing - a refreshing change of style that'll have audiences begging for more
45,It goes above and beyond the expected MCU template...and sends a message of empowerment and progressivism that is desperately needed in today's culture.
46,"This is without a doubt one of the best Marvel Studios releases, and low-key feels like the beginning of something different for the company."
47,"Black Panther is all at once another formulaic superhero movie and a revolutionary achievement for modern blockbusters, introducing weighty elements such as racism, the African diaspora, and colonialism into the well worn superhero template."
48,"A genuine masterpiece of popcorn filmmaking that raises the bar really high for 2018 blockbusters and a near-perfect version of... well, itself."
49,"Part political thriller, part palace intrigue, and part superhero epic, Ryan Coogler has made an early-year blockbuster that's both visually stunning and profoundly personal."
50,It's not just a leap forward for representation of people of color or women in the superhero genre; it could be a leap forward for the genre as a whole.
51,"It's a really good piece of pop entertainment. It may not be a revolutionary piece of filmmaking, but it's a revolutionary moment in representation on the screen and if you can't acknowledge that I don't know what to say to you."
52,The world-building of Wakanda is wondrous.
53,A film which may just be Marvel's boldest and most distinctive offering yet.
54,"This is a fully realized, stand-alone story with rich characters and a wonderful new world to explore."
55,"Black Panther is a solid, if far from perfect, superhero film, a Marvel flick with a muscular political backbone and a clear sense of its own identity."
56,There are a lot of corporate interests that need be served here and yet Coogler has made a blockbuster that feels deeply personal and pertinent to the times we live in.
57,"It's so nice to see a Marvel film scripted and shot with some semblance of care, keeping some of the spectacle without sacrificing all of the substance."
58,"Black Panther demonstrates the result of letting the oft-overlooked give the formula a whirl - marvelous, pun heck-to-the-yes intended. Statement-making, even."
59,"Coogler is a director that may make better films than this one, but it will be hard to ever envision a world where he creates something so meaningful to so many people."
60,"A big win for representation on screen & behind the scenes, my only criticism is that I like the women better than the lead. Fingers crossed for girl power in the sequel."
61,"This thrilling Marvel outing packs an intense punch, with style and personality to spare and a real stamp of cultural impact."
62,This movie came and did the damn thing... Everybody killed it.
63,"Seeing so many wonderful, powerful, amazing characters that are well written and the fact that they were able to do a movie that was Black for Marvel and that it was good exceeded my expectations."
64,"With Black Panther, [Coogler] took really, really strong material here and elevated it once again."
65,Black Panther is more espionage thriller with political coup than fantasy action adventure. [It's] first and foremost about humanity.
66,You could feel like everybody felt like they were making something that they were really proud of.
67,"Not a minute of the film is wasted. Coogler manages to pack each with enough backstory, breathless action, emotional heft and political weight to fill three films."
68,Black Panther is a study in how to use comic-based material to do something that is both very entertaining and very heady.
69,"Coogler knows fully too well the reach of something like Black Panther, and he uses the Marvel canvas to paint a bigger - but more importantly, a powerful - picture."
70,It's the most formidable Marvel film to date; a cinematic artifact that feels like it shouldn't belong to the corporate superhero apparatus. But it's really exciting to know that it does.
71,"Black Panther is performed with all the same tenor as a Shakespearean tragedy, issues of familial obligation, fate, and impossible rifts creating the dramatic vortex underneath a greenscreen veneer which creates moments of fleckless beauty."
72,"But Black Panther was a moment, not just for Marvel fans and Disney stans, but it was the rare instance of a film purporting itself to be a cultural movement, and succeeding."
73,"Coogler's got a great visual eye, and teaming up with Rachel Morrison again yields some lovely camera work, but his true gift is drawing performances from actors and world building."
74,"Longtime fans, newcomers and moviegoers alike will find this film emotional, mesmerizing and refreshing yet familiar. It'll quickly become the new movie you'll want to watch again and again."
75,"Black Panther has everything you would want from a great blockbuster, but because it is thoughtful and even challenging in its subtexts, it adds more to its value as a groundbreaking film in its genre."
76,"This isn't just a Marvel movie, but a historic mark in Black cinema."
77,Coogler's script ... populates the film with some of the most fun and interesting characters in the Marvel series to date.
78,Black Panther is a cinematic triumph. It dominates and overcomes racial and social barriers while executing a superhero film.
79,"""Black Panther"" absolutely meets muster. Royally so. It's one of the very best of the genre."
80,"With a stacked cast, breathtaking production design and sensitive, heartfelt storytelling, Black Panther is a refreshing and exciting movie that promises to take the superhero genre to new heights."
81,A vastly entertaining superhero movie with a new hero who is easy to root for.
82,"Coogler's film is a visual masterpiece and also very impactful. Boasted by a phenomenal cast, it's easily the best Marvel film to date."
83,"What really blew me away was the women. Physically, mentally, spiritually, socially-it's the females in this film who truly conquer, while the men spend a lot of time grappling with each other in the mud."
84,"Black Panther is on such a superb level of visual excellence, you may find yourself salivating."
85,"The movie lives up to its hype. It excels as a superhero action film while pressing the boundaries of what the superhero genre can say about politics, diversity, and the power of fantasy to shape moral imagination."
86,"Under Ryan Coogler's sturdy direction, the nuances and details of the Black Panther storyline are impeccable. Structure firmly in place, there isn't a stereotype on the screen. It's a game changer."
87,"Marvel's Black Panther film means so much to so many people. The film is a lightning rod of representation, in a time where black people feel so belittled and not paid attention to."
88,"Coogler does the character of Black Panther justice, and in doing so has applied a defibrillator to the heart of the Marvel Movie Universe."
89,The present-day need for new myths is laid bare in Black Panther.
90,Black Panther distinguishes itself from other Marvel movies by granting its characters deep-seated motivations that extend past borders and generations.
91,"Even without the franchise best production design, costumes, cinematography, and effects, ""Black Panther"" has a compelling story at its heart that makes both heroes and villains relatable."
92,"It is a beautifully shot family melodrama with a uniformly excellent cast imbuing every scene and interaction with affection, fear, or anger so deep, you feel it as if you were watching your own family suffer."
93,"Thanks to this smart, deftly told yarn, we get satisfying and complex answers. And we're left wanting more."
94,"A story of diversity, family and compassion, Black Panther roars onto the screen at a million miles an hour."
95,"Black Panther is a beautiful, meticulously created, gorgeously shot, incredibly detailed, terrifically acted, brilliantly directed movie."
96,"Boseman more or less gives the movie to Jordan and to the many beautiful, brilliant women surrounding him."
97,"Without the technological accomplishments in film that predate Black Panther, its captivating beauty, breathtaking views, and edge-of-your-seat moments would not be possible."
98,"To me, as an outsider, it's an eye-opener; for others, it may be a ""Well duh!"" moment."
99,"There is a lot that is fairly generic in the film, especially in the action sequences, but you can always sense Coogler's investment in the characters and what they stand for."
100,"Even if it's overrun by too-elaborate designs and animation, the plot, characters and ideas are strong enough to overcome the digital onslaught."
101,"For a comic book movie you hope for a few things. You hope it's well balanced, with good action, and maybe makes you want to see it at least a second time. Black Panther supersedes all that, and delivers perhaps the best superhero film of the decade."
102,"It's truly elevating to watch ""Black Panther"" reveal itself as Marvel's most ambitious movie to date."
103,Ryan Coogler's first misfire...
104,"Black Panther hits many high notes as a superhero movie, but it also contains a hopeful message about the tribe of humanity."
105,"[PODCAST] ""Black Panther"" is forgettable as it is toxic. To pretend otherwise is pure folly."
106,Black Panther is on another level altogether.
107,"An entertaining, engaging and impassioned movie that is both proud of and confident in its differences, and is also committed to shining the spotlight on the people that blockbuster cinema so often ignores."
108,"Delivers on its promise as a superhero movie of action, thought and influence."
109,"At once a landmark for the representation of black bodies on the big screen at a premium price point and a terrifically crafted entertainment in its own right, director Ryan Coogler ably delivers on the enormous expectations laid before him."
110,"Even soulless, Easter-egg hating film snobs like me can find a lot to admire in Black Panther."
111,"Run, don't walk, to the theater to see Black Panther. This is not hyperbole. It's just that good. Heck, saying it's just ""good"" is underselling it."
112,"It's difficult to measure the importance of a film like this - and it's a relief that, besides being so relevant, this is such a great movie. [Full review in Portuguese.]"
113,Black Panther is groundbreaking in a multitude of ways.
114,"That novel strain of black empowerment, and a powerhouse supporting cast ... are enough to compensate for all the usual cliches and paint-by-number action scenes."
115,"Laced with political messages, Black Panther is a film to be admired for its rich, compelling story."
116,Who would have thought that taking a risk would actually work.
117,Coogler's screenplay (co-written by Joe Robert Cole) gets T'Challa and Erik's conflict exactly right.
118,"... fantastic use of colors, costumes, sounds and music.. [Full review in Spanish]"
119,"Black Panther gives off a contemporary crackle while staying true to its roots, both African and Marvel."
120,"... Black Panther is a superhero film with a nuanced, intelligent discourse and, as it is revealed at the end, proactive. [Full review in Spanish]"
121,"Black Panther is a joy of of a film, a pleasure to watch, get lost in, and revisit, with a diverse and lovable cast of characters, sumptuous visuals, and an engrossing story."
122,"The fact that Chadwick Boseman, Michael B. Jordan, Lupita Nyong'o, Danai Gurira, Forest Whitaker and Martin Freeman are all deeply committed to their roles only makes Black Panther more effective for audiences of all colors, and an important statement."
123,'Black Panther' is a Marvel-ous masterpiece.
124,"In short, Black Panther emerges as a great cinematic triumph. [Full review in Spanish]"
125,"Black Panther is good, but it's not the greatest film of the MCU. [Full Review in Spanish]"
126,One of the best comic adaptations we have ever seen. [Full Review in Spanish]
127,Comes as close as a film possibly can to sloughing off all of the problems that persistently cling to this franchise.
128,"Emotional, occasionally funny, and narratively unpredictable. (...) I doubt any other blockbuster will manage to surpass 'Black Panther' this year. [Full review in Spanish]"
129,"The majority of moviegoers want to see films led by strong, intelligent characters that are more diverse than just heterosexual white men, especially when they are as thoughtfully and beautifully made as this one."
130,Some of those punches Killmonger throws have a definite Adonis Creed look to them.
131,This expansiveness is what is most thrilling about Black Panther: the film gives all of its black characters the space to be several things at once. To be both king and failure. Villain and revolutionary. Genius and warrior.
132,A superhero movie that raises key questions about the responsibilities of a nation to the rest of the world.
133,Move over Star Wars. A new force is with us.
134,"It goes beyond the usual popcorn superhero film by being more complex, yet still keeps the winning genre formula."
135,"Black Panther is the superhero film we need now, one that mixes entertainment with social awareness. It serves up a powerful but flawed hero, a villain we sympathize with and strong female characters."
136,What [Ryan] Coogler and his cast have achieved with this film is so rewarding and distinctive. [Full Review in Spanish]
137,"This version of Black Panther weaves a seemingly disparate set of strands together rather seamlessly, presenting more than enough comic book acrobatics and mayhem to satisfy the core fan base while also speaking a necessary degree of truth to power."
138,"Black Panther is not only an achievement in superhero films, but also the entire medium of filmmaking itself."
139,"Black Panther is not just smart and politically aware for a superhero film -- it's smart and politically aware, full stop."
140,The feelings of loss and envy running through the film...add a level of emotional complexity to Black Panther beyond anything you might reasonably have expected.
141,"Rather than reflecting or distorting a world, this technology builds a world and then lets it fall away. I cannot think of a better metaphor than black sand for a diaspora, a word that comes from a ""scattering"" yet has come to signify unity and solidarity"
142,Killmonger is such a compelling antagonist because audiences are left to wonder whether to see him as a criminal or the inevitable outcome of society's past sins.
143,"Black Panther gives you everything that you want from a Marvel movie, but it goes just that little bit further to sink its claws in and reward its unsuspecting audience."
144,"There's a visual richness that expands Marvel's movie universe much the way Doctor Strange and the Guardians movies did, in this case with a beautiful blend of Afro-futurism and African mythical elements."
145,"... it's clear that Coogler has the confidence of a filmmaker twice his age, and the skills to pull it off."
146,"I have to admit that it is rare to feel any kind of genuine emotion in a superhero film, but Black Panther achieves that very thing."
147,"Normally I'm inclined to not see comic-book movies in the first place, but this is one I'd like to see a second time."
148,Black Panther isn't just a great movie for the first half of the year; Black Panther is the best movie Marvel's ever made!
149,Black Panther is a larger-than-fiction experience that challenges audiences to see the difference between diversity as a numbers game and the splendor of a piece of art that was created for everyone by everyone.
150,Simply 'Marvel'-ous!
151,"Moral complexity is not new to superhero movies, but this may be the first one in which the hero unabashedly changes his worldview and tactics after learning a few hard truths from the villain."
152,"This is a big budget film directed by a black man, with a black superhero and a largely black cast. This kind of black power is something so rare in movies that it seemed like I was watching a foreign film, made in Wakanda, rather than Hollywood."
153,Black Panther is the best Marvel movie to date. [Full Review in Spanish]
154,"It's very long, but, unlike some of the Marvel movies, it's neither bloated nor convoluted. Instead, it's proud ... Thankfully there aren't a lot of references to other Marvel properties. Iron Man doesn't zip in and save the day. Can you imagine?"
155,"It is paradoxical that both Letitia Wright and Lupita Nyong'o and, above all, the villain embodied by Michael B. Jordan, look more and are better than Black Panther himself. [Full Review in Spanish]"
156,Black Panther is one of the best superhero films ever made and it makes clear to us that what's next for Avengers: Infinity War will be a full-scale phenomenon. [Full review in Spanish]
157,"Black Panther was certainly an intriguing idea, but with its fundamental defects, it just isn't able to achieve the heights it desperately tries to reach."
158,Black Panther raises the bar for the next set of superhero movies. [Full Review in Spanish]
159,"At all times Coogler understands that the most important thing is not simply to tell a story but everything that the story entails, all the characters, and the whole world that surrounds it... [Full review in Spanish]"
160,"... speaks to all in favor of helping countries in need, opening borders and breaking down walls. [Full review in Spanish]"
161,"Everything is pieced together so nicely, for a Marvel movie, in a way that I never would have expected. To be this many movies into Marvel, and you're still giving me a movie that surprised me? That's pretty good."
162,"Black Panther is a good movie. A really good movie, to be specific, in about three or four different ways."
163,"""Black Panther"" is a cultural landmark, a big-budget Hollywood blockbuster that embraces and celebrates an Afro-centric worldview without shying away from the tensions surrounding race, class and gender in the world today."
164,"Centers its narrative not on superheroes, but on family, the sins of our fathers, and the flawed heroes they can be."
165,"We've waited for Black Panther for a long time, and it delivers on Every. Single. Level."
166,Black Panther feels like the right movie we need... right now.
167,"The problem is that this laudable political discourse ends up drowning a film that has its best moments not around the noble T'Challa, but around the great villain of the film - and the only true star of the whole movie- Michael B. Jordan..."
168,"As with very few in the genre, this is a game-changer."
169,"We're now 10 years and 18 movies into Marvel's expanding ""cinematic universe"" and it's beginning to show its age. Now the Black Panther is taking his claws to the old formula."
170,"Jordan *hurts* in this movie. He aches in a way our bullet-proof, melancholy Prince could never begin to understand, lashing out at the very fantasy this comic book movie represents. This wonderfully messy film is actually angry at itself."
171,Coogler has brought off something impressive here: he's made one of the few halfway watchable Marvel movies and returned the comic strip to the streets where it belongs.
172,"balances the mystical and profane elements of the story, giving them equal weight in a challenging story in which the definitions of wisdom and of compassion become the real struggle."
173,"Didn't wow me quite as much as some of the other Marvel superhero movies, but that is because this movie that puts story and solid character development ahead of spectacle."
174,"""Black Panther"" doesn't live up to the hype."
175,"I confess to superhero fatigue but this diversity fest is refreshing -- it takes on race and gender, it's quite serious, both in terms of politics and lack of humour, but it is well made by director Ryan Coogler, [and] has lots of action and heart."
176,Coogler [...]has created an epic story of loyalty and destiny that somehow also feels intimate.
177,"BLACK PANTHER is an incredible and important moment that will mean very much to very many, and is, at its core, simply a great time at the movies, with the potential to be even more in well-deserved sequels."
178,"Nothing that I say will may a bit of difference to the MCU fans and, especially, those of the Panther. But, as an outsider and non-fan of the Universe, I kind of enjoyed it."
179,"The emphasis on identity politics and the social critique of White America, gives Coogler a little space to fashion something distinctive - a different flavour of Marvel movie if you will, with a great new taste, even if the ingredients are well known."
180,"It's big, bold and brazenly political, in a way that will make viewers think instead of simply shrug their shoulders and wait for the next action-packed set piece."
181,"Black Panther is the percussion blast we all need right now, so tip your hat to Ryan Coogler, the director and co-writer of a modern classic that addresses the deep fault lines in American society without compromising action movie fundamentals."
182,"Black Panther isn't a film about battling a giant robot or chasing magic stones. Instead, it explores issues of power and privilege, taking us inside a country torn apart by questions about whether to share its riches."
183,Black Panther definitely doesn't do anything outside of the Disney Marvel comfort zone but it's as solid a film as a super hero origin story can be.
184,"Chadwick Boseman is the star of the movie but he is fighting a losing battle against scene stealers such as Michael B Jordan, Letitia Wright and Sterling K. Brown."
185,"As a superhero film Black Panther is fine entertainment that dutifully hits all the beats it is supposed to. Beyond that, anyone willing to decode the film as some sort of sophisticated allegory about black rights might find themselves tied up in knots."
186,... director Ryan Coogler (Creed) enlivens what could have been a tired rehashing of familiar tropes with a bracing blast of fresh elements.
187,"...there's a constant, nagging deference to action sequences. But what Coogler does right, in spite of everything working against him, is almost breath-taking in context."
188,"A masterful, entertaining and brilliantly smart Marvel instalment, Black Panther is the superhero film we need right now. We may not deserve it."
189,"Marvel's world-building energy is actually focused in exciting and provocative ways, reflecting African culture and experience in the film's amazing production design."
190,"The special effects, sets, costumes, music and production design are bombastic and overpowering at times. Yet, it's also one of the more well-rounded superhero origin films - with a beginning, middle and open end that efficiently sets itself up."
191,Director/co-writer Ryan Coogler has delivered a picture that earns its spot as one of Marvel's best yet.
192,"If it isn't indisputably the best of Marvel's 18 offerings, it is certainly a contender."
193,One of the most immensely gratifying experiences in comic-book cinema.
194,"The world is a constantly evolving place, as the films seem to acknowledge, and to not address that cold reality is to treat the films as mere comic-book fodder than what they have come to be: the narrative epoch of our time."
195,This is one of the best stories Marvel has told so far.
196,"Black Panther would not have been as strong a movie if it didn't contemplate those heavier concepts, but the film also never misses a beat to be absolutely joyous and reverent about Wakanda's magnificence."
197,"Black Panther is going to be a cornerstone of blockbuster cinema, giving a criminally undervalued community the chance to not just be on-screen but to thrive on-screen."
198,"Ryan Coogler's Black Panther is one huuuge gem, and comes closer to achieving truth and realness in its story than any Marvel film has before."
199,"Black Panther is more than good enough and not only does it live up to those sky-high expectations, it pretty much exceeds them. The rare areas in which it stumbles are things that can be easily adjusted before the arrival of the inevitable sequel."
200,"I loved spending a couple of hours in the Black Panther's magical, transformative world. Mark me down as someone who wants Wakanda to stay isolated."
201,"Black Panther turns racial politics into what Malcolm X called ""politricks"" . . . The media's enthusiasm for this bland action flick is maddening. The problem isn't one particular movie, but the celebration of the illusion of ""progress."""
202,"What's the problem? Well, there's way too much expository dialogue and there are too many turgid flashbacks...the hand-to-hand fighting and battle sequences are now so formulaic and predictable in Marvel films that the adrenaline just doesn't kick in."
203,"Black Panther definitely warrants multiple viewings - one just for the visual roller-coaster ride, and sets itself apart from the rest of the MCU with a formidable blend of good story and magnificent design."
204,"As a formal showcase for the Black Panther, Coogler's film should keep diehard Marvel fans happy."
205,"[Ryan] Coogler is one of the most exciting young filmmakers we've seen in a long time, and as long as he continues to tell his truth, he's going to go on to have a magnificent career."
206,"In short, it's a game go, with some nicely layered-in barbs about the state of race relations, and there's a mound of Oscar gold to be found among the impressive (mostly African-American) cast."
207,"Black Panther is, culturally and commercially, the right film at the right time. The significance of bringing a black superhero to the screen at this moment cannot be overstated. Any reservations I have will, and possibly should, fall by the wayside"
208,Black Panther isn't just another superhero movie.
209,... the film manages to transcend beyond a story of superheroes. [Full review in Spanish]
210,The film could not have come at a better time. And it does something incredibly important: it allows black artists the opportunity to be front and centre in the telling of stories about black people.
211,Black Panther goes leaps and bounds above what was expected. The reason is not only because it is the best Marvel solo movie. It is deeper than that.
212,"While perhaps a tad more serious than its predecessors when it comes to messaging, Black Panther is one of the most enjoyable films in the Marvel franchise."
213,... Black Panther is one remarkably rousing comic book adventure.
214,"""Black Panther"" delivers on most every level."
215,Director Ryan Coogler's addition to the Marvel stable is a gorgeously realized experience.
216,Expect to leave the theatre more exhausted than entertained.
217,"[H]ype, cultural importance, and expectation aside, Black Panther is an excellent comic book movie. Perhaps one of the best I've ever seen."
218,"The real stars of Black Panther are its women, both before and behind the camera."
219,Black Power indeed...presents some great role models for an underserved audience while promoting an anti-nationalistic message and that's no small thing.
220,"More impressive, with a couple of minor exceptions, the storyline navigates expectations that it would carry themes of racial politics into the Marvel Cinematic Universe with grace and goodwill."
221,"Ultimately, it's more interesting to think about than it is to watch."
222,This movie is not going to let you forget your time in Wakanda.
223,"Masterful Marvel film has depth, diversity -- and violence."
224,"Much as he did with Creed, Coogler has once again transcended the form and made a whole other kind of great movie."
225,"With a talented, majority black cast, a director with a distinctive voice and several technical triumphs, including some incredible costume design ... Black Panther is a superhero highpoint for the history books."
226,"""Panther"" successfully claws its way on screen."
227,"Black Panther is a revelation, the first film from the Marvel Cinematic Universe that truly feels like an of-the-moment masterwork that also happens to be a comic book movie."
228,The MCU goes woke in grand style with the dazzling Black Panther.
229,Has more in common with the second-tier Marvel tales on Netflix.
230,A ripping action flick on which a great deal of care has been expended.
231,Coogler breathes life into it with a visual and emotional flair that feels like actual substance rather than pomp and circumstance.
232,"Black Panther is a solid MCU movie, entertaining if somewhat disposable. If you like the rest of these movies ... you'll probably like this one too."
233,"Black Panther boasts a sense of grandeur as it tells a sprawling Shakespearean tale that traverses the political, racial, ideological, familial and fantastical."
234,I had hoped for so much more than what was delivered. The loyal fan base will no doubt think otherwise.
235,"They will write about this movie and make videos about it, it will be discussed among friends of all ages, all races, all shapes and sizes; it will be taught in school, debated among intellectuals, it will be seen as the moment everything changed."
236,... there's so much more to Black Panther than a shrewd movie studio finally recognizing the value of an untapped market.
237,Wildly enjoyable ...
238,"Most of the time Black Panther delivers a masterful new take on the superhero origin story, fresh in its perspective and energetic in its plotting. I highly recommend."
239,"Black Panther's important and timely, but more than that it's a hugely entertaining film."
240,"A powerful, new Marvel superhero arrives in an exciting, exhilarating, socially relevant, Afro-futurist origin story.."
241,"Black Panther's failures, like its triumphs, are more Shakespearean than superheroic."
242,"In the end, Black Panther is basically a really satisfying thrill ride."
243,"It's uniquely satisfying popcorn entertainment, a triumphant trifecta of subject matter, talent and timing."
244,...a solid and entertaining film that arrives at the right place at the right time. [Full Review in Spanish]
245,Not since Christopher Nolan's The Dark Knight Rises has a superhero film so openly expressed politics - not so much ideology but a cultural mood - and taken so many chances.
246,Full of nobility and purpose without sacrificing fun and charm.... A slam-bang action adventure that also fills a need.
247,It's impossible to picture anyone other than Boseman in the lead role - but by god - Michel B. Jordan certainly gives him a run for his money.
248,"It's an excellent, proud movie, and it has a lot to be proud of."
249,"While Black Panther is undeniably exciting overall, its opening sequences are more convoluted than most MCU films. But from there, there's a lot of compelling, exciting, crowd-pleasing action."
250,"Black Panther is an important movie that doesn't feel like being forced to eat kale, thanks to car chases, shootouts and subtle bursts of humor."
251,"I don't know -nor care- if this is Marvel's best, but it certainly is the most thoughtful and conscientious look that the studio has given to true life injustices. [Full Review in Spanish]"
252,Inhabits a nuanced moral universe with compelling villains and uses the fantastic to grapple with real ideas. I can't believe this is a Marvel movie.
253,This is one helping of popular culture in which effects don't dominate every scene and characters have room to breathe. That's good news for Marvel and even better news for those in the audience.
254,Black Panther gives the eponymous hero a whole epic to himself and the complicated story of his long-hidden homeland with some pseudo-Shakespearean power struggles.
255,"Hail Wakanda. Powerful symbolism and visuals, fabulous supporting cast, score produced by Kendrick Lamar. Film is also technical embarrassment of riches."
256,"As a writer/director, Coogler has firmly established that his strength is in creating and developing intimate relationships that capture the viewer's attention."
257,"Lupita Nyong'o and Danai Gurira, who play Nakia and Okoye respectively, are particularly fierce, especially in their numerous fight scenes, a rarity for women in a superhero movie outside of Wonder Woman."
258,"Coogler has played with the age of dilemma of winning freedom through armed struggle versus gaining it through peaceful means. But Black Panther is no Gandhi, he's a superhero with enhanced abilities and a combat suit that James Bond would kill for."
259,"The continent that gave birth to humanity won't look the same on the big screen ever again thanks to the introduction of Wakanda, the fictional home of the most technologically advanced people on the planet."
260,"Coogler and his talented cast and team tell a story that dazzles, one that dares its audience to dream of a world unrestrained by our own stifling reality, without ignoring how the pain of the real world informs those joyful dreams."
261,This film is a giant middle finger to all things authoritarian.
262,"Black Panther could have been just another Marvel romp-a fun but ultimately disposable entry in the studio's catalogue. But Ryan Coogler and company had the power, and perhaps the responsibility, to do much more. And they did."
263,"Classic comic-book stuff made fresh by drawing on underexplored mythologies and cultures, yet still deeply resonant and deeply universal. An exhilarating pulp-fiction dream that ups the ante on the Marvel Cinematic Universe."
264,The wildly enjoyable 'Black Panther' claws its way to the top of the Marvel Universe.
265,"You can feel the sameness of Black Panther ... Watching the film, though, is to see something completely different in the realm of these stories."
266,"The film per se is correct, but it is not the masterpiece of action cinema that will mark paragons, nor set the bar higher... [Full review in Spanish]"
267,...the free-est film in the MCU. [Full Review in Spanish]
268,Black Panther is a superhero film that manages to achieve moments of cinematic clarity that all great films do. It is worth your time and it will spark your imagination.
269,"But the most revolutionary thing about Black Panther is its city. The capital of Wakanda has skyscrapers, a monorail, sidewalks of grass, green buildings, farmers markets, and no cars."
270,"One of the year's best films, and one that transcends the superhero genre to emerge as an epic of operatic proportions."
271,"Believe the hype: ""Black Panther"" transcends its comic-book origins, achieving a mythic grandeur that's nothing short of exhilarating."
272,It is a landmark moment in blockbuster cinema that couldn't be more timely or more confident in its ability to be so.
273,"[The] script adheres to the usual genre formula of tomfoolery, in-jokes, mythology and outright poppycock, but their knack for teasing emotional resonance out of standard scenarios gives them the edge over predecessors and competitors alike."
274,"Destined to be celebrated, and for good reason; this may not be the first film featuring a black superhero, but it is groundbreaking all the same for being the first of this scale."
275,"It's more than just an overdue step of onscreen representation. It's also a rollicking good blockbuster, even if it doesn't quite reinvent the wheel."
276,"""Black Panther"" is so worth the hype."
277,"A beautiful, hallucinatory sequence, as Killmonger reaches peak villain and assumes his powers, is the most dramatically fraught and heart-wrenching moment in any Marvel movie."
278,A fresh new Marvel superhero movie unlike any other.
279,"Black Panther is a pretty entertaining film and an important one, even though it stops short of being a great one."
280,[Chadwick] Boseman carries that moral and emotional weight to reaffirm him as one of Marvel's finest casting choices
281,"Like T'Challa's step toward becoming a world leader, Black Panther shows the next generation of comic book films how it's done."
282,The richness of the visual palette here is dazzling.
283,"Will play well across the board and thankfully features more depth than your typical superhero movie fare. (Full Content Review for Parents - Violence, Profanity, etc. - also Available)"
284,This is serious superhero business. That gravity is the movie's strength and weakness.
285,"Yes, this ""Black Panther"" is red-hot. Wakanda forever!"
286,"Forget a lethal presidential Twitter account, King T'Challa has drank some kind of tea made from a Heart-Shaped Herb enabling him to take on an army. ""Black Panther"" pulls the right emotional levers focusing on the theme of the forgotten and the lost."
287,"Black Panther is a feast for the eyes, the ears, the heart and the mind, a film that has action, heart, substance, and soul."
288,"In the red, white and blue hue-niverse of superhero colors, black is the new beautiful."
289,"An insipid, soulless, and overproduced bore."
290,"Like the best blockbusters it's flawed but ridiculously entertaining anyway, and like too few of them it's also so incredibly important."
291,Michael B. Jordan gives a hell of a performance. Maybe people will stop blaming him for FF and give him his due. Killmonger is one of the best characters Marvel has ever created. Stop using the Race card to promote this film.
292,That's the sound of the game being changed and everyone is going to have to follow the King. This should signal a major change to the superhero film landscape for years.
293,"A wonderful sense of culture and costumed authority, creating a vibrant solo showcase for the world of Wakanda and all the political turbulence and fierceness it contains."
294,"The good definitely outweighs the problematic here, making for a superhero movie that's definitely one of the better examples of the genre though hardly as groundbreaking as some would claim."
295,Black Panther is a great MCU superhero adventure that smoothly blends rich narrative substance with sheer popcorn entertainment.
296,"This is an origin story, globe-trotting spy thriller and fantasy, all in one. The movie manages to be part of, but something completely different than, the Marvel superhero movies that came before."
297,"Black Panther is, without a doubt, the coolest superhero movie to come prowling out of Marvel Studios."
298,"All hail Ryan Coogler, the Black Panther, the Dora Milaje, and everyone who helped to bring this next-level, majestic, and wildly entertaining superhero movie to life."
299,"What's honestly amazing about this film is that I'm not thinking about the action, the cool epic moments...I'm thinking about the things that shape these characters into who they become...I have to commend Black Panther, but it's not a film without flaws."
300,"Black Panther was fantastic. It has the fun superhero stuff, but that's not really what it's about...they bring you in on a fascinating, colorful, vibrant civilization."
301,"With a bloated 2 hour, 15 minute running time, Coogler ran out of ideas."
302,"... while Nyong'o and Wright get the most playfully lively opportunities to charm, it is the fiercely dedicated passion Gurira brings to her portrayal of the warrior Okoye that impressed me the most."
303,"If Wakanda, invisible to the naked eye yet brimming with futuristic technology that could better the entire planet, is a beautifully depicted metaphor for representation, then Killmonger is a manifestation of African-American pain past and present"
304,"Black Panther proves how representation can rejuvenate even the oldest superhero origin arcs, allowing Marvel a victory that still feels every bit a Ryan Coogler film."
305,"There's talent in every corner of the film, and it elevates Black Panther beyond so many of its superhero contemporaries even as it exhibits some formulaic tendencies."
306,"A vibrant film that beautifully blends superhero action with a poignant, Shakespearean-in-scope story."
307,All of these conflicts are eventually resolved in the conventional framework of a Marvel action movie... More unconventional are Coogler's ideas.
308,"It is a terrifically entertaining film, alive from the start, following its Marvel mission (for good and bad) while rising above it."
309,"This is 2018's first great motion picture - a title that will surely be remembered when ""end of the year"" bests are discussed."
310,"Iron Man tries too hard and Captain America is far too earnest to be cool but Black Panther, both Chadwick Boseman's portrayal of the character and the film that surrounds him, is just effortlessly cool."
311,"In Black Panther, Coogler and company have made a superhero picture that's twice as good, twice as smart, twice as fun to look at as any before it. May they get twice the credit and twice the box office."
312,"That's some complex stuff for a superhero movie, and Coogler and co-screenwriter Joe Robert Cole give it the emotional weight it deserves."
313,The results are astonishing.
314,"Between Black Panther's Black Lives Matter subtext and its use of female characters as more than window dressing both in front of and behind the camera ... it seems as though Hollywood has, for one shining moment, caught up with the real world."
315,"Smart, accessible, and thoroughly fun, Black Panther is a new high for Marvel Studios."
316,Black Panther is one of the best superhero movies of the century.
317,"""Black Panther"" is the superhero movie - no, movie, no qualifier necessary - that we need, right here, right now."
318,[Ryan] Coogler's overall ambition in crafting a sociologically complex story and presenting it as standard comic book movie fare succeeds: There is nothing common about Black Panther.
319,"[Chadwick] Boseman is perfect as the Panther, just the right mixture of royal privilege and humility, in a story that allows for a sense of wonder rarely found in ""comic book movies."""
320,"To the infinite credit of Coogler and his team, Black Panther fights constantly and bitterly against the familiar constraints of Disney's superhero industrial complex."
321,"It's very, very good -- in its best scenes, exhilarating."
322,"The bad guy is so brilliantly realized by Coogler's frequent collaborator Michael B. Jordan as Erik ""Killmonger"" Stevens, a former Navy SEAL gone bad."
323,"It is modern, sharp and cool, honoring the past as well as the present, and pushing the boundaries of the genre past what audiences are used to from superhero movies."
324,"...a cinematically holistic work of diversity, in which cultural identity has been carefully woven into every element of the movie."
325,"Letitia Wright steals the thunder as T'Challa's younger sister and Wakanda's tech and weapons genius. I would love to see her and Tony Stark in the same room, just to watch them out-geeking each other."
326,"It's possible to love Black Panther but be conflicted, but still love it, but still be conflicted, all the while sharing in the unmitigated joy of its existence."
327,Black is beautiful.
328,"Black Panther, a gleaming example of Afrofuturism, provides a unique perspective on a well-worn genre."
329,These are no small ideas. This cogent screenplay serves up the obligatory superhero trappings -- but it addresses real-world issues of global propriety and responsibility with an underlying sense of gravity.
330,Black Panther might be the first MCU film that could claim to most clearly be an expression of a particular director's voice.
331,"Boilerplate Marvel, with a sleek, colorful look, cheeky humor, and familiar action beats...But Coogler brings enough to the table for a fresh vision, broadly appealing as well as inspirational in its representation for black audiences and women."
332,"One of the best films from Marvel, thanks to it's richness in culture and mythology, and one of the best villains to date. Michael B. Jordan is fantastic. [Full review in Spanish]"
333,"Black Panther is worthy, no question, but it's also a little dull."
334,The plotting is predictable and the action sequences for the most part unengaging. Black Panther is a major disappointment.
335,"May Marvel learn its lesson from ""Black Panther"": When a movie like this ends up feeling both personal and vital, you've done something right."
336,"Chadwick Boseman commands every moment of this film, radiating probity and purpose, and it's only later on that you realize that, with another actor, this wouldn't have been a sure thing."
337,"It's taken a decade and 18 films, but the Marvel Cinematic Universe has finally produced a superhero movie that feels like it was ripped from the pages of a comic book."
338,"Coogler is a young filmmaker - this is just his third feature, following ""Fruitvale Station"" and ""Creed"" (two fine and very different films) - but he marshals this world with confidence and flair."
339,"Like all the best comics movies, this one's got a villain (Michael B. Jordan) so compelling he nearly steals the show from the hero (Chadwick Boseman)."
340,"Noble and worthwhile, but slow and frankly generic, save for the terrific African touches."
341,Marvel Studios has yet again managed to blend together familiar elements into something that feels new with Black Panther.
342,Marvel's Black Panther is a complete triumph and is simply one of the best Marvel Cinematic Universe entries yet.
343,"Whilst a Marvel story through and through, fitting perfectly into the MCU post-Captain America: Civil War, Black Panther stands alone as a masterpiece of filmmaking."
344,"There's a whole lot going on in this latest Marvel chapter. And boy, are we all the better for it."
345,...a song of freedom within the genre. [Full Review in Spanish]
346,"Coogler delivers action with frenetic grace, keeping the violence more intimate than usual for a superhero movie. Less soulless metropolis crumbling and more face-to-face combat (although the armored rhinos aren't bad)."
347,The true knockout stars are Lupita Nyong'o as Wakandan spy Nakia and Danai Gurira as Dora Milaje general Okoye.
348,"After this first trip to Wakanda, some will never want to visit that country again. Others, who already know their wonders, will want to visit it again ...but only in vignettes. [Full review in Spanish]"
349,"Coogler builds a thrilling, exciting world, and threads throughout it a story filled with pathos and real-world gravitas."
350,Black Panther comes to life with a real brio and glee...
351,"It was gripping, it was invigorating, the action was so cool!"
352,"... a film that fulfills the most rote demands of superhero spectacle, yet does so with style and subtexts that feel bracingly, joyfully groundbreaking."
353,"Even if you are not a fan of superhero movies you may find the issues explored thought provoking. It is also action packed, well acted, dazzlingly shot by English cinematographer Rachel Morrison and... full of humour and self-aware wisecracks."
354,This is a movie whose political theory matches its stunning special effects.
355,"A witty, action-packed epic, this adventure delivers a vibrant twist to the comic book movie formula while remaining true to the Marvel Universe it belongs to."
356,"Black Panther sees female characters finally given space to shine in a Marvel movie, and shining brightest of all is Letitia Wright."
357,"Coogler puts all the will-they-won't-they 'black Bond' speculation to rest by effectively getting there first, from the fascination with gadgetry to the thrilling set-pieces."
358,Ryan Coogler has eschewed the familiar Marvel glut of smug in-jokes and mind-numbing CGI explosions to create a visually dazzling work of art.
359,"It's the kind of art that's aggressively theatrical, but not even for a moment does it feel performative."
360,This cool cat more than earns his stripes.
361,Brilliantly cast and impeccably directed - the most exciting MCU entry in years.
362,"For all their global dominance, everybody wants these superhero movies to be better: funnier, smarter, more inclusive, more super. A huge step in the right direction, Black Panther is that dream come true."
363,"[Director Ryan Coogler has] raised the bar even higher here. Visually, Black Panther is unlike any movie I've ever seen."
364,"The movie has a beating heart, and a big one; it's not just sincere, but that rarest of birds in the jungle of mainstream entertainment, a heartfelt epic."
365,What you don't expect from Marvel is a thoughtful story steeped in political parallels and the historical baggage of racial discrimination and suffering. That's what makes Black Panther unique among a teeming movie universe of extraordinary beings.
366,"Black Panther is a story we haven't seen told before in popular cinema - a story about black people completely untouched by colonialism, who exist entirely outside the global systems of institutionalized racism."
367,"As the MCU lumbers to something of a climax in Avengers: Infinity War and looks beyond, the solid and satisfying Black Panther is a good standard-bearer for the next era... It's earnest, regal and ready to take over the MCU mantle."
368,"There is a lot going on in here, but again, a confident Coogler takes a frighteningly tall tale and somehow manages to make a clean, thrilling and largely inventive sci-fi adventure out of it."
369,This is one superhero film that definitely punches above the normal crash-bang-wallop weight. The Marvel Cinematic Universe just got a whole lot more interesting.
370,"Visually, ""Black Panther"" is often spectacular...It's warriors with spears and force-field shields. It's aircraft that soar and swoop like birds over the Serengeti. It's ""Blade Runner"" in Dar es Salaam instead of L.A."
371,"Even if it had nothing else going for it, Black Panther would still be the best-looking Marvel movie yet."
372,"Until the formulaic final quarter, the film is fast, enjoyable and has several funny moments. The main actors are engaging, and its fun being introduced to new faces too."
373,"Black Panther is to the ongoing Marvel project as Coogler's Creed was to the Rocky movies - a film simultaneously beholden to its franchise and alive to every possibility within it, creating a new world within the existing master narrative."
374,"Coogler and his team have conjured a universe and fleshed out its players, one existing (honestly, thriving) in the even bigger cinematic universe that is Marvel."
375,"Not since Ant-Man has a Marvel film actually been about the hero in the title, but Black Panther is and it makes it all the better."
376,"Black Panther proves that you can make a movie that is significant to the black audience, and just a damn good superhero movie that everyone can enjoy."
377,"It may be named Black Panther, but the film is very much an ensemble piece with enough action and social commentary to carve out a place as one of Marvel's better standalone offerings."
378,...Black Panther is one of the best Marvel films ever.
379,"A Shakespearean flavoured tragedy to its backstory, with palace intrigue and hidden secrets. Where Serkis's maniacally-laughing Klaue is a bad guy who wears thin, Killmonger is one of the few movie villains I've ever felt sorry for."
380,"The film constantly manages to subvert expectations, while remaining firmly within the action-packed superhero genre."
381,Exactly the kind of risk Marvel should be taking with every film they make.
382,"Soundtracked by an authentic score, the movie has an electric rhythmicality; every scene bounces as if dancing to the beat of its own drum."
383,"Makes the Marvel Cinematic Universe a bigger, more interesting, more engaging place, one where for the first time women and people of color aren't limited to token or supporting roles."
384,"Dialogue heavy with a confused sense of place, this mega-budget Marvel marvel might be a misfire for anyone beyond the fan-base..."
385,"Unlike a Tony Stark who can entertain with his dry wit or Captain America who dazzles with his passion for patriotism, Boseman must play both T'Challa as a man of great reserve. He's a warrior, but one who rules the screen with a quiet calm."
386,"Looking, sounding and feeling the way it does-wearing its anti-corporate, anti-fascist, anti-racist heart on its sleeve-it's a movie that, for sure, knows what's up."
387,"But what no trailer could prepare us for is director Ryan Coogler's skills at perfectly weaving socio-political lessons on love, culture community, isolation, personal responsibility and identity in between some pretty dope fight scenes."
388,"An ineffably adventurous, vibrant and compelling production. It's a blockbuster that is saying something, and believe me Marvel, we're listening."
389,"Michel B. Jordan plays Erik Killmonger with such moving, occasionally gut-wrenching commitment that it nearly mitigates the goofiness of his moniker and the superficiality of the film in toto."
390,"With gorgeous visuals from Wakanda to South Korea and back, vivid and bold Afrocentric costumes, and the support of some pretty bad-ass women, Black Panther is progressive, exciting, enveloping, and exactly what we all need in our lives right now."
391,"The first studio produced, major motion picture to feature a Black superhero Black Panther is a very good movie, exceptional beyond its big-budget entertainment values..."
392,"Black Panther spirals into a stodgy tale of internecine feuding, in which T'Challa is required to come to terms with the sins of past generations. What he doesn't get to do much of is jump around beating-up bad guys. That's a shame."
393,"Crashingly enjoyable, frequently exciting and even, when it wants, borderline witty."
394,"It feels rich, expansive, and is clearly teeming with umpteen further stories, while it is also distinctive, authentic, and has a vitality that you can't help but become invested in."
395,"... it's a very rich buffet - geopolitical thriller, futuristic fantasy, coming-of-age story, African adventure with mystical overtones... it offers a wide variety of tastes and sensations but they never really come together to form a satisfying whole."
396,Ryan Coogler's spectacular first foray into the Marvel universe is an absolute game-changer.
397,"Rarely has a superhero origin story been as satisfying as Black Panther, which in many ways doesn't feel like a typical Marvel movie - and more power to that."
398,"Black Panther doesn't just hit its marks. It leaves marks. Landmarks. So get in the queue now, people."
399,"Despite familiar action-scene wobbliness, it's easily the most engaging Marvel film in a long while. Because-finally!-it has something new to say. More like this please, Marvel. Oh, and, of course: Wakanda forever."
400,Coogler was clearly given the freedom to explore his chosen themes and step outside the MCU mould.
401,"""Black Panther"" matters."
402,"Black Panther succeeds at being emotionally resonant in a way a lot of Marvel movies-a lot of blockbusters, period-don't."
403,"The action sequences meet, but do not exceed, the industry standard."
404,"Hi-tech gadgets, jungle combat, vehicle chases, ready-made quips, casino hookups - there's something very James Bond-esque about Black Panther."
405,"""Black Panther"" doesn't disappoint. It is splendidly endowed with awesome wizardry."
406,"The set designs are extraordinary, and the movie features a surprise ending --- especially for those who left the theatre prematurely --- with a timely message about international togetherness."
407,"Proves a Marvel film can aspire to be something more; it has political bite, emotional depth, ethical dilemmas, and regal jostling, but it still manages to maintain a bombastic comic book aesthetic that's spectacular."
408,"Black Panther is a comic masterpiece that transcends the genre. Michael B. Jordan is fantastic as Eric Killmonger, the best villain yet from Marvel Studios."
409,The most visually arresting and memorable Marvel film to date.
410,Black Panther is absolutely majestic.
411,"Above all, this is a superbly acted movie, stolen without remorse by Letitia Wright's work as Shuri, T'Challa's whip-smart sister, who outfits him with all of his vibranium-enhanced tech."
412,"The women of Black Panther do so much throughout the film, all while being funny, sensuous, smart and strong."
413,"...perhaps the most complete on screen encapsulation of the wild flights of imagination comics are capable of, grounded in astute, modern political sensibilities..."
414,"Black Panther is set largely in Wakanda, with a detour to South Korea. Still, there's no shaking the feeling that this is what America looks like when it's allowed to be its truest, freest self. That's a superhero challenge if ever there was one."
415,"While ultimately an action-adventure, Black Panther also serves as an intelligent if broad debate between revolutionary rhetoric and the responsibilities of leadership."
416,"[A] tour de force, one of the smartest, most original action-packed blockbusters of the decade... bold and visually stunning filmmaking..."
417,I hope people notice how much drama Coogler got out of Black Panther the way they notice Thor: Ragnarok is so funny.
418,It is black excellence exemplified that will leave audiences yearning to inhabit Wakanda forever.
419,"Black Panther is a hit! It's emotional, powerful and action packed to satisfy comic book fans as well as newcomers who probably haven't seen a Marvel film, but want to experience seeing Black excellence on the big screen."
420,"This is a superhero movie for the ages, and especially for this age."
421,"Inspiring and empowering in equal measure, Black Panther is a richer & deeper experience than most comic book fare."
422,"He is just getting better and better and knows how to develop characters in this emotional way that you're invested...this guy is a rising star. As great as every single actor is in this movie, Ryan Coogler, once again, is the star of this film."
423,"Part spy thriller, part all-out battle and part social commentary, ""Black Panther"" is consistently propelled by tonal and thematic flourishes that break with the conventions that have defined the Marvel Cinematic Universe."
424,"The incredibly stellar cast is led by a majestic Chadwick Boseman, reprising the role of T'Challa and finding him at a cross-roads in his life."
425,"Yet it's The Walking Dead's Gurira who steals the show as the ferocious Okoye, gloriously swinging her spear in a billowing red gown."
426,Black Panther is every bit as good as you were hoping. Actually -- it's better. A terrific screenplay from Ryan Coogler and Joe Robert Cole elevates this thing way beyond the usual boundaries of the Marvel Universe.
427,"Once ""Black Panther"" gets out of its crouching position and goes on a sprint, it's an engaging ride that rarely lets up."
428,"You believe in T'Challa, you believe in Wakanda, and you believe - maybe for the first time - that the MCU actually matters."
429,It's easy to lament how long it took to bring Black Panther to the big screen. But at least the wait was worth it.
430,"Like ""Wonder Woman"" last year, ""Black Panther"" is a project that fans have been waiting decades to see. And just like ""Wonder Woman,"" it was worth the wait."
431,"Production design, costumes, and of course, visual effects are all on point, and newly minted Oscar-nominee Rachel Morrison shoots every frame to embrace the sumptuous detail."
432,"While watching Black Panther, you know you're watching a cosmic shift in comic book storytelling. We've never seen anything so vibrant and so different from the monotony of superhero films."
433,I left the theater wanting to see this movie at least 10 more times.
434,"Black Panther pounces toward the head of the class in a way that should make the King, and his key subjects, a cornerstone of an already-formidable roster."
435,"The initial Twitter responses hailing it as a ""masterpiece"" go way overboard... [but Coogler] assembled one of the finest acting lineups ever recruited for a Marvel movie--or any genre outing, for that matter."
436,"Black Panther perfects what the Marvel Cinematic Universe has always done so well: build a world so richly rendered, it's almost a letdown to reach the end of the film and realize it's time to return to our own reality."
437,"Black Panther isn't just levelling out representation in Hollywood, it's inspiring the next generation of real-life heroes, and that's what makes this film truly magnificent."
438,Black Panther has surpassed Iron Man as the best film of the MCU.
439,You can see [Michael B.] Jordan offhandedly weighing the line in his mind like a rock he's about to lob: it's one of many nicely judged moments of performance here from a wildly appealing ensemble cast without a weak link.
440,"Not only does it live up to the expected levels of epic exhilaration, it surpasses them, digging its claws into real-world social and political profundity."
441,Black Panther asks how we retain our moral compass in the face of people who invite us to give in to our baser instincts.
442,"When ""Black Panther"" works, it's thrillingly alive."
443,"The director Ryan Coogler and a charismatic cast... turn racial clichés on their head and drag in some heavy Shakespearean conflict to create a vivid yarn that's entirely new, frequently startling and, at every step along the way, all Marvel."
444,"We didn't know we'd been yearning for it until it arrived, but now that it's here it's unmistakable that the wait for a film like ""Black Panther"" has been way longer than it should have been."
445,The Black Panther is not only one of the most entertaining recent superhero films but has an intelligence and a political dimension that such inchoate offerings as Suicide Squad and Justice League completely lacked.
446,Coogler has proven he can play in the big boys' house.
447,Most big studio fantasies take you out for a joy ride only to hit the same exhausted story and franchise-expanding beats. Not this one.
448,"Ryan Coogler's Black Panther is one of the Marvel Cinematic Universe's most powerful, moving, and thematically resonant films to date. It's also one of its most uneven, when all is said and done."
449,"While the themes are deep, Black Panther is at the same time a visual joy to behold, with confident quirkiness, insane action sequences and special effects, and the glorious reveal of Wakanda,"
450,"Coogler has taken every genre in which black characters are traditionally sidelined, and then, with considerable flair and boldness, he's combined those genres and put black characters right at their heart."
451,"The intriguing thing about Black Panther is that it doesn't look like a superhero film - more a wide-eyed fantasy romance: exciting, subversive and funny."
452,Black Panther feels like the beginning of something new.
453,"Played by Letitia Wright, Shuri is a revelation. Wright steals every scene with her bright smile and perfect comedic timing."
454,Black Panther celebrates its hero's heritage while delivering one of Marvel's most all-around appealing standalone installments to date.
455,"As a nerd and as a black man, I've been waiting for this movie for my entire life, whether I knew it or not. The fact that Black Panther gets so much right, but one crucial thing wrong, is both thrilling and maddening."
456,"Thank God for the women beside [Boseman], including his regal mother Ramonda (Angela Bassett), brainiac baby sister Shuri (Letitia Wright), and fearless warrior-protector Okoye (Danai Gurira). They're indomitable, and so gorgeously, vividly drawn."
457,"""Black Panther"" features all the right ingredients to become one of the most successful superhero films of all time."
458,"With uncanny timing, Marvel takes its superheroes into a domain they've never inhabited before and is all the better for it in Black Panther."
459,"Say this about Black Panther, which raises movie escapism very near the level of art: You've never seen anything like it in your life."
