,text
0,"It is without question an important film today, and a quintessential product of the America we inhabit."
1,A movie that beats you into submission and makes you wonder if the sun will ever come out again.
2,"Batman v Superman is a tiresome, ill-tempered film, and one too lazy even to earn its dismal outlook."
3,"When in doubt, [Snyder] simply slings another ingredient into the mix, be it an irradiated monster, an explosion on government premises, or the sharp smack of masonry on skull."
4,"If only the film actually had depth, along with a little levity to lighten the bulk in the script, the visual murk and the sonic overkill."
5,"A ponderous, smothering, over-pixelated zeppelin crash of a movie scored by a choir that sounds like it's being drowned in lava."
6,"Don't bother with this one. The acting is sub par & the CGI is hard to look at. Superman was the only saving grace but still not worth watching, unless you need help sleeping."
7,"Wondering how to teach your offspring that the world is a horrifying, random, awful place? Let director Zack Snyder take care of that for you."
8,Lex Luthor's plan has so many plot holes as well as the script as a whole.
9,"Dawn of Justice is perhaps not the Batman/Superman film we deserve, but it's the one we have right now. This chapter has just enough spark to light the universe fuse."
10,Zack Snyder has directed both films and has successfully delivered a rich and cohesive cinematic world in which to set his growing cast of superheroes and villains.
11,Batman v Superman is a great film and a spectacle that marks a new era for superheroes. [Full Review in Spanish]
12,"One big, beautiful mess. This film is screaming with so much potential but, for the most part, it fails to capture that potential at every single turn."
13,Batman v Superman: Dawn of Justice is dark and dour through and through.
14,"Director Zack Snyder and four screenwriters, including David S. Goyer, opt for a darker tone than audiences are accustomed to in Superman films. This time it works, however, with the inclusion of Batman giving it a grittier edge."
15,There's a whole subplot (...) about the world trying to decide how it feels about Superman (...) and it's so important that it's dropped about an hour into the movie.
16,...akin to a Philosophy 101 thesis read aloud while you're being punched repeatedly in the face.
17,Snyder debe entender que algo oscuro no es precisamente realista.
18,"Where BvS largely succeeds as a visual feast of imagery and action spectacle, it fails in creating an emotional backdrop for its gods to resonate with us mortals."
19,Batman v Superman: Dawn of Justice suffers from being both highly derivative and uninspired at the same time
20,"Snyder's Superman is the most universally relatable version of the character yet and the social, political and cultural significance of BvS will be appreciated over time"
21,BVS's most pivotal scene centers around a jar of urine. I'm not kidding.
22,"""There's very little room to breathe in Synder's world, one that appears permanently stained with an oppressively ashen color palette."""
23,"Snyder's big-budgeted connect-the-dots comic book caper feel so incoherently stiff and aimless. Humorless and hackneyed, Batman v Superman: Dawn Of Justice will probably satisfy indiscriminate devoted fans that will buy into the proposed heralded rivalry"
24,"That $250 million of studio money was spent on making something so strange and incoherent is a rare achievement. It is not a good film by any means - but like a car crash unfolding before my very eyes, it proved impossible to look away."
25,A mega-budgeted mess of a movie that betrays all the telltale signs of a studio at war with itself.
26,Zack Snyder ends decades of anticipation and finally brings both Batman and Superman together for the first time on the big screen with Batman V Superman: Dawn Of Justice.
27,"[An] ungainly, dreary, feature-length trailer for the DC Cinematic Universe that confuses quantity with quality and volume for depth."
28,"It's difficult to not feel like a lot of ""Batman v Superman"" is an exhaustive - and expensive- effort from DC and Warner Bros. to catch up to Disney and Marvel's well-oiled cinematic universe."
29,"As a comic book fan myself, ""Batman v Superman"" has its moments, but is underwhelming as a film and lacks any fully realized characters."
30,An incoherent mess with unnecessary prolonged sequences that just extends the time limit
31,"BvS strains so hard for relevance that it forgets superheroes are to the adult world what Buffy was to high school: a series of choices and difficult events, elevated to a mythic level of high stakes."
32,"The result of its prolonged and ridiculous premise, over-use of CGI and explosions and lack of any interesting characters? Boredom."
33,"Say what you will about this cluttered, densely plotted do gooder yarn; it sure doesn't play like escapism."
34,"If you like Batman v. Superman already, then you'll definitely enjoy the ultimate cut."
35,A pretty hollow movie that wants to be more than just a superhero movie and showcase its characters because they are the most popular comic book characters of all time.
36,"The results are shocking, at times borderline sadistic but effective. Like the musical score, which resembles a chorus of anvils, Batman v Superman pummels the audience into submission."
37,"WHen this movie is good, it is really, really good...but man, when it is not? Brace yourself. This movie suffers from fighting with itself for screen time."
38,"It wants us to believe it's trafficking in topical notions of politics, religion, and moral ambiguity, but its main currency is our contemporary penchant for hip and affected pessimism."
39,"It wasn't as bad as I thought it was going to be, but it was pretty bad."
40,"The movie is a colossal letdown on almost every front, but in some ways, it was to be expected considering the magnitude of what DC and Warner Bros. wanted to accomplish only two films into their shared universe"
41,"Zack Snyder is not a subtle director. An understatement, I know. But it's more obvious than ever here."
42,"As the pair pound away at each other, it's the hapless viewer who's left begging for mercy, battered into submission by Snyder's overbearing direction and Hans Zimmer's bombastic score."
43,"By the time Batman v Superman: Dawn of Justice concludes, don't be surprised if you're cranky and exhausted from its hectic, tumultuous conclusion."
44,"Batman v Superman: Dawn of Justice is recommended only so you can end the almost three-year long wait to find out what happens in the epic collision, but unfortunately for nothing more than that."
45,"It flits to and fro between them, often at dizzying speed, in a way that for a long time is quite enjoyable and yet always carried the danger that my head might explode. Batman... Superman... Batman... Superman... Lex Luthor!"
46,Batman v Superman is not the franchise jump-starter anyone wanted. It's poison in the Justice League well.
47,"Go for the Affleck, stay for the Gadot."
48,"It's exactly what you're expecting, but longer, louder, and with an almost unfathomable amount of digitally created violence."
49,"At two-and-a-half hours, the film features Wayne and Kent mostly glowering at each other at swanky high-rise parties as the rabble teems below."
50,"Ultimately, Batman v. Superman is a film with no real reason for being, other than to usher in the next round of DC Universe films, and to provide a bunch of explosions."
51,"Batman v Superman: Dawn of Justice is such a bleak, disorienting and incoherent mess that despite the few promising moments that sporadically appear, it's nearly impossible to enjoy."
52,"There is much to claw through here, so much so that the audience might easily find themselves exhausted from the overall aggression of the film. However, a lot of the story does work. The action is good, and the emotion feels real most of the time."
53,"Batman Vs. Superman: Dawn of Justice is not so much a movie as it is an extended warning: You comic book movie fans better like this, because there's going to be a hell of a lot more where this came from."
54,The script BvS is guaranteed to make people stop complaining about the sloppiness of the third act of Spectre.
55,"Snyder knows how to paint a picture but perhaps needs to stay away from the writing process. Watch the Ultimate Edition when you can, and see if it changes how you feel about the movie. It sure did me."
56,It seems amazing that something as idiotic as Batman v Superman: Dawn of Justice could now even get beyond the pitching stage.
57,This film isn't as bad as the initial backlash would imply but nor is it anywhere near as good as its own hype promised.
58,"Remember when comic book movies were fun? Well, you'll have to use your memory because there's not much fun to be found in Batman v Superman: Dawn of Justice."
59,"By the end of the film's near-unwatchable final battle, any hope of nuance or intentional subtext had been snuffed out by hours of ugly CGI and pulverized debris."
60,The movie is too long. Too much story contains too little humanity or drama. Too many things happen far too often for the really big things to register with an audience when they're filing out of the theater.
61,"For all the film's noise, and thrumming violence, it's pretty hard to care very much about either principal hero."
62,"As this uneven film grinds to an end, it sets itself up for more shenanigans in more episodes with more super heroes."
63,"This Ultimate Edition is a bittersweet experience. It shows us how close we were to a good film, and how arbitrary things like this can sometimes become."
64,"Snyder has brought a different edge to the superhero genre, one that questions what drives these men of steel and creatures of the night to do what they do and believe what they believe. There is something to admire in that."
65,"While not the worst superhero comic book adventure ever to grace the multiplex, it's likely the most frustratingly disappointing."
66,"Batman v. Superman: Dawn of Justice pits the two titans against each other with beautiful visuals, too many characters, and a borderline nonsensical plot."
67,This terrific transfer amplifies the film's impressive formal qualities.
68,The smartest thing about Zach Snyder's Batman v Superman: Dawn of Justice (2016) is its revisionist take on the destruction that concluded his Superman reboot Man of Steel.
69,"The superhero world needed better storytelling, a comic touch and more than a few rays of sunshine. The story is crippled by special effects from start to finish."
70,"Batman V Superman: Dawn of Justice Ultimate Edition is not only a complete story, it's what we should have seen in theaters."
71,"The 30 new minutes of footage added to Batman v Superman for its Ultimate Edition may add a little bit to one of the film's multiple plotlines, but overall, its inclusion is rather insignificant in regards to helping it solve its numerous issues."
72,"Wildly overstuffed and oddly slapdash, filled with characters and sequences that serve little purpose other than to set up a 'cinematic universe.'"
73,"It wants to be a lot of things, and it keeps on falling short; but it's not afraid to go Very Big in its attempts to return to the idea of superheroes as modern mythology."
74,"I wish I could tell you more, but honestly it's all just a blur of pretentious speeches about what lurks in the hearts of men and noisy fight scenes and nonsensical dream sequences."
75,"Snyder's gone all drab and dire, determined to lay siege to our senses (and plot). There's so much glowering, gloominess and good-ness talk that it's hard to imagine the sun, or justice, ever dawning for this disastrous cavalcade of dreary characters."
76,"All of the uber-muscled, color-drained visual and aural bombast in the world can't hide the ugly truth about Batman v Superman: Dawn of Justice. It's dumb as bricks."
77,"It's hard to imagine a big-budget film worse than Avengers Age of Ultron or even Gods of Egypt - there, it's been said - but Batman vs Superman has the dubious distinction of showing utter contempt for its audience and wearing that contempt on its sleeve."
78,"Again a studio stands on the precipice of a layered marketing plan, and again the movie its sky castle is built on is every bit as hollow and empty-headed as an action figure."
79,"I have a long list of things that made me very angry about Batman vs. Superman: Dawn of Justice, which in no particular order looks something like this : Superman's character behaving like a petulant teenager... The anticlimactic climactic moment."
80,Batman v Superman is a step forward for the studio and it promises great things to come from DC. [Full review in Spanish]
81,"The conflict between the title characters is really, really hard to buy into and the screenplay drags it out as long as possible."
82,"Over two-and-a-half hours, it stumbles its way through what feels like at least three different movies with clumsy tonal shifts and an entirely confused, barely-existent plot."
83,"In the end, fear and insecurity impeded a new superhero cinema to be born. [Full Review in Spanish]"
84,The film is not as unfortunate as some say and is not as bright as others would. [Full review in Spanish]
85,Warner Bros. needs their piece of the superhero movie cake and the only way they seemed to think they could get it it with a movie stuffed with famous characters even if the story can barely hold itself. [Full review in Spanish]
86,"Batman v Superman could have been better, with a more centered script and more elaborated characters, but this is all we have. [Full review in Spanish]"
87,"It is too much, and it is not enough. In short: Nobody wins."
88,As self-important as it is tedious...
89,"The plot is absurd, its soundtrack exaggerated and the overall presentation is saturated with effects. [Full review in Spanish]"
90,The conflict between heroes is too thin and is never explored and doesn't come to a satisfactory ending. [Full review in Spanish]
91,All this gloom and doom is just the pits.
92,"If a filmmaker attempted to combine everything casual moviegoers don't like about superhero franchises, they couldn't come up with a picture as execrable as this one."
93,A momentum-less ode to uncreative people everywhere that torches two of pop culture's greatest characters and uses their ashes as a urinal cake.
94,You take the good. You take the bad. You take them both and there you have a Zack Snyder film. It's par for the course for anyone who's followed his films. A little pleasantry and a little frustration mixed together.
95,The most expensive prank ever committed to film.
96,"Basically, this is a little over half an hour of good action scenes framed by two hours of narrative nonsense."
97,"The film's only other notable ingredients, sadly, are the most rumbling soundtrack since Earthquake, a lot of jaw grinding by Ben Affleck, some narrative confusion remarkable even by director Zack Snyder's standards, and... hours and hours of your time."
98,Extraordinarily muddled and boring.
99,"A shameless attempt at trying to catch up to Marvel, wasting an interesting premise and turning it into a generic action film. [Full review in Spanish]"
100,An epic about two emotionally stunted people trading glowers while the world burns.
101,"In this age of petty Marvels, most comic-book movies merely perpetrate fantasies of power, but Snyder, enacting his personal aesthetic, braves a film that examines those fantasies. He boldly challenges popular culture's current decay."
102,"As a superhero flick, it's shockingly joyless and overlong, with the two iconic crimefighters presented as angry, cranky, easily manipulated men in tights."
103,To be fooled into believing what we see on screen is part of the cinematic experience and Snyder has failed to fool us. [Full review in Spanish]
104,A beautiful shell with nothing inside. [Full review in Spanish]
105,"Basically a long, tedious and angry teaser for what DC has in store for the future, and by the looks of it, it will be dark, gritty and poorly acted. [Full review in Spanish]"
106,"Snyder keeps his stylle but he also seems more controlled, it seems the director paid attention to the criticism he received on the catastophic ending of his last DC venture. [Full review in Spanish]"
107,"Batman v Superman is a lunking, clumsy, beautiful and thrilling behemoth of a film. The faults are there for all to see. But so are the good points."
108,"The result is ugly in every sense of the word -- grimy, incoherent and a stupefying bore; everybody looks like they need a bath and the movie is as drained of fun as it is of light and color."
109,"Unfortunately, director Zach Snyder's scattershot, overly complicated and hugely drawn-out exposition depletes the story of all its fun and power, reducing his leads to impotent cranks."
110,"The film is so big and loud that it can't help but feel bloated, especially since so much of what's on screen feels rather vacuous. But it looks amazing and is relentlessly gripping."
111,Batman v Superman: Dawn of Justice is a profoundly dissatisfying film.
112,Batman threatened by Superman? Affleck never gets into the character but gets all the close-ups. Eisenberg needs a new acting style and Alfred hates his employer.
113,"Batman v Superman is a hot, steaming heap of trash."
114,Really?
115,"It is the job of the modern superhero movie to explore at extravagant length and in morose detail the burden rather than the bliss of being one of the saviours of mankind, self-appointed or otherwise."
116,A film that should be more dynamic and practical than poetic and metaphoric. [Full review in Spanish]
117,This thing is atrocious.
118,"Overblown and over-long as it is, the film sets up the series to come with a sure sense of its aficionados' wants and needs. It's the perfect launch pad."
119,"Too competent to be universally panned, too disjointed to be universally praised, too anticipated to be a new revelation, too beloved in subject to be easily dismissed, the film will be one people either passionately love or passionately hate."
120,"The film is not the mess some have led us to believe, but it's also not as good as it could've been. [Full review in Spanish]"
121,"Above all of it's flaws, what works in Batman v Superman is enough to please the less demanding audiences. [Full review in Spanish]"
122,"I was at least hoping for a grand, jaw-dropping folly (like Snyder's 2011 Sucker Punch), but got something far more ordinary."
123,"Yes, it's flashy and forgettable, but one truth is self-evident: DC comic book movies make money. Scowling superheroes rule!"
124,Production alone isn't enough to carry a film.
125,"The movie aspires to be real, groundbreaking, and important in a way that can only recall Will Arnett's Batman in The Lego Movie, a film with more wit, fewer ""it was only a dream"" montages of gloom, and, truth be told, more believable special effects."
126,"Discounting its unevenness, the film's greatest flaw is its lack of tangible stakes, particularly given the subject matter."
127,"With the chore ""Batman v Superman"" inevitably becomes, I have little faith the actual ""Justice League"" film will be any better."
128,The forced script by Chris Terrio and David S. Goyer doesn't offer any depth or motivation as to why these characters should go at each other. [Full review in Spanish]
129,Snyder's film is an irregular mosaic that is losing fuel as is entangled in its own contradictions. [Full review in Spanish]
130,"The film is so focused on establishing its protagonists as the faces of the DC Universe that it ends up sucking all the joy and fun out of what, as a standalone film, should have been an epic movie event."
131,It's tedious. Except when it's laughable.
132,"Like a movie from the world of Watchmen: cold, cruel, borderline incoherent in its testosterone-fueled rage, misogynist, paternalistic... fascist, even."
133,"There's a lot going on screen, but somehow nothing keeps you from getting bored. [Full review in Spanish]"
134,"While the superhero films of Christopher Nolan carefully established their own coherent world and remained faithful to it, Mr Snyder's saga loses control of its various sub-plots early on and descends into chaos."
135,"Director Zack Snyder teams up with writer David S Goyer to deliver what is a huge, ambitious and action-packed film."
136,"not nearly as bad as some critics have made it out to be, but it nevertheless fails to achieve the kind of pop-mythic grandeur for which it was destined"
137,"There's a modicum of depth in the new superhero drama. Unfortunately, it's buried underneath a grim faade and an unrepentant reliance on loud fight sequences."
138,"Full of loud misery and fiery battle, the film is a derivative of its genre and other filmic elements"
139,"Operatic and loaded with potential, this overloud, overlong fantasy with mega-stunts fit for the superheroes at its centre is a mess: an onslaught of too much, too often and for too long"
140,"""Batman V Superman: Dawn of Justice"" takes an inordinate amount of time setting up the story --- and getting to the good part."
141,The film generates zero tension from what is implicitly marketed as a seismic battle of super heroes.
142,"There's a good movie inside this one somewhere, but it would take a talented and ruthless editor to find it."
143,"Big, bruising and more than a little bizarre. Mostly in a good way."
144,There is enough going on in Batman v Superman to fill a dozen films.
145,Director Zack Snyder has blown it.
146,"For all its overcranked spectacle, I emerged from Batman v Superman in a soporific state; foggy of head, heavy of heart, wondering if it was all just a bad dream."
147,...just another incompetent endeavor from an almost shockingly untalented filmmaker.
148,Dawn of Justice's aim of reshaping our image and understanding of Batman is squandered under the weight of its incoherent and undisciplined narrative.
149,Worst of all is this: there's not an ounce of fun to be found in the film's entire two and half hours (Splice Today)
150,"I wouldn't quite call it a ""good"" movie, nor would I be able to quite recommend it to anyone but the true believers. To be sure, it's a mess, but it's often a fascinating mess. It's also the most nihilistic superhero picture I've ever seen."
151,"Watching ""Batman v Superman: Dawn of Justice,"" one thing is clear: Director Zack Snyder loves sparks. They're emanating from everywhere -- everywhere, that is, except his hapless story about superheroes missing their mommies."
152,"Let's face it, Christian Bale's Batman was going to be a hard act for any actor to follow."
153,"Batman v Superman: Dawn of Justice isn't in any way a perfect comic book movie, but it has enough going for it that will make fans happy."
154,"Their first big-screen pairing is a hot mess, with too many storylines to get through to enjoy the elaborate production design or even figure out how we're supposed to feel."
155,If Christopher Reeve were alive he'd be suing for character libel.
156,"Dour, disappointing and shockingly incoherent."
157,bloviated pretension
158,"Batman v. Superman: Dawn of Justice isn't going to please everyone, but it certainly achieved what it was aiming for in this bout."
159,World's Finest Mess.
160,"Beyond Wonder Woman's arrival, you've basically seen it all before."
161,"While the actors and the show are worth of a superhero film, it sacrifices the humanity of the characters and drowns in endless videogame sequences that ultimately leave us an emptiness and without amazement. Totally numb. [Full review in Spanish]"
162,"This film has many flaws, rubbish villains, exaggerated visual effects, many gaps in its story, but has enough achievements to become something worth seeing. [Full Review in Spanish]"
163,"Overcharged in its ideas, visually impeccable, this battle is not able to be epic. Part of its kryptonite is the long duration and a script that wants to cover a lot but doesn't. [Full review in Spanish]"
164,"Batman v Superman: Dawn of Justice provides celebration and euphoric material, especially for fans of the graphic novels that serve as inspiration. It delivers a story with flaws and an uneven development for its characters. [Full review in Spanish]"
165,"A well made film in many aspects, but very flawed. [Full Review in Spanish]"
166,When was it decided superhero movies shouldn't be any fun?
167,"Conjures a post-9/11 pre-apocalypse in which dreams, visions, memories, pop culture and history overlap."
168,The flawed 'Batman V Superman: Dawn of Justice' is at least interesting enough to keep dusk from falling on the Justice League.
169,'Dawn of Justice' is a test of will and of stamina.
170,Bam! CGI defeats 'Batman v Superman.'
171,One of the worst superhero movies ever made. It is worse than Batman & Robin. It is worse than Catwoman. It is worse than last summer's Fantastic Four. A lugubrious experience that squanders every ounce of promise.
172,"They're like two celebrities having a Twitter fight, and while some of it is written with humour, most of it feels leaden - not just because the writing is monotonously earnest, but neither lead is capable of pulling it off the page and making it bounce."
173,"Enjoyable, if a bit uneven."
174,I wouldn't mind if these guys were dour depressives or psychopathic murderers as long as they didn't spend ten minutes talking about it first.
175,"This is a high-quality superhero movie for adults, which is a pleasant, almost superhuman, development."
176,"Impressive as it is in scale, Batman v Superman is exhausting. Snyder wants you to feel the pain when the two heroes are clobbering each other, and you will. If that's what you crave from movies, have at it."
177,"I found myself thinking horrid, unspeakable thoughts during the screening. Thoughts like, 'come back Joel Schumacher, all is forgiven!' and 'maybe David Hasselhoff's Nick Fury wasn't so bad.' What kind of superhero movie DOES THAT to a man?"
178,"[I] really wanted this to work both on its own and as the real launch of a series of DC Comics-based movies akin to Marvel's cinematic universe. But yes, I was that disappointed. This film is an artistic failure on almost every level."
179,"Everything is shrouded in a kind of black sludge, and frankly, it's depressing. Even the would-be iconic meeting of Superman, Batman and Wonder Woman looks like it was ground out from an old Xerox copier."
180,"Promising but overlong superhero mash-up is dark, violent."
181,"There's no joy here, no wonder or spectacle, just a relentlessly grim and intense grind that can't stop reminding you how grim and intense it is."
182,Batman V Superman is DC's Iron Man 2 - an okay movie that prioritizes shared universe setup over developing a coherent story and layered characters.
183,"The sandbox they are given to romp around in is stupid, stupid stupid."
184,"While the battle scenes are spectacular, the special effect I suspect will most appeal to the film's target audience - 15-year-old males - is Amy Adams in her bathtub, performing a PG-13 homage to Gypsy Rose Lee."
185,"Now don't worry, we're not dealing with a travesty of Michael Bay proportions here. There is still plenty to be impressed with if you're a fan of things blowing up and people punching each other."
186,"A boring, confused film swollen with self-importance."
187,"The director has a knack for constructing cool moments, but consistently fails to tie them together cohesively. He has neat ideas, but has trouble executing them."
188,They should have got Perry White to go through the script with his blue pencil.
189,"The movie does have a few brief, bright spots, and the actual 20-minute battle between Batman and Superman offers some enjoyment. But overall, this film should have been way more satisfying."
190,"The bottom line on Batman v Superman, then, is that it is an entertaining but flawed step up from ""Man of Steel,"" and is a dark, action-packed setup for future Justice League films."
191,"Yes, it's always nice to see actors of the caliber of Holly Hunter (as a skeptical judge) and Jeremy Irons (as Alfred the butler) get to do something-anything!-in these big splashy movies, but human presence here feels surplus to requirements."
192,"Zack Snyder's production company is called Cruel and Unusual Films. Anything I say from this point on is probably redundant, but here we are."
193,"How do you solve the problem of Superman? It's a hurdle that not even the producers of ""Batman v Superman"" can leap in a single bound."
194,Batman v Superman is just good enough to keep the DC Comics movie plans on track. Barely.
195,"Not a total fiasco. When Gal Gadot's Wonder Woman finally leaps into the fray, deep into the picture's second half, she more than passes the audition."
196,"Snyder creates a series of bigger explosions and greater ""inescapable"" scenarios which works itself to absurdity until the audience, not the villain, is beaten into submission."
197,"A super slog through empty scenes, boring performances, nonexistent storytelling, and constant questions about motivations."
198,"After 2-1/2 hours of sitting through relentless CGI violent visuals and deafening sound effects, I was exhausted."
199,RIDDLE me this: how do you put three of the greatest comic book superheroes of all time into one big-budget movie and still make a mess of it?
200,"The movie has a bullying, hostile tone that comes through in the surly performances, a callous indifference to innocents killed and the general philosophical disposition of a teenager who just discovered Nietzsche after being grounded."
201,"Director Zach Snyder delivers an intense epic tale of DC Comics greatest heroes. Ben Affleck owns Batman and despite a long winded and flawed third act, a superb introduction into the DC Universe. See it in IMAX!"
202,It's like putting your head in a beehive for two and a half hours.
203,"...the climactic battle(s) go on a bit long, although Cavill has grown comfortable since Man of Steel and Affleck successfully takes over from Christian Bale."
204,"Truthfully, despite all my grievances, I rather liked BVS. Unlike nearly all of the Marvel movies, it feels like the work of an actual filmmaker instead of a glorified television production."
205,"Absolutely, positively brilliant."
206,Stick to the trailer.
207,"Incoherent, tedious and largely devoid of wit."
208,"Sure, it looks great, and everything billows, including capes, trenchcoats and Lex's locks. But strong visuals alone aren't enough to make a graphic novel great, let alone a movie with a production budget north of $200 million."
209,"Have you ever wondered what it would be like to have your head driven through solid rock and glass and brick walls for two and a half hours, blinding flashes of lights unceasingly forcing your eyes shut?"
210,"At the end of the dawn, there's no real justice per se, just smug, contrived posturing of what's to come - something Snyder & Co. are banking on."
211,A dark and moody comic-book film with noble ambitions but the fizz of a week-old glass of Coke.
212,"While it's one thing to take superheroes seriously, it's another to drain all the fun out of them."
213,"[Batman v Superman is] attempting to cram in too much and as a result, fails to deliver anything individual enough to stand out."
214,This is a superhero film which opens and closes with funerals and requires the world's finest detective and an avatar of truth and justice to batter each other (and everyone else) senseless for two-and-a-half hours.
215,"It is astoundingly discouraging to say that Batman v Superman is sloppy, under developed, and unsatisfying as both a comic book film and an entertaining piece of cinema. But hey, at least you have Doomsday's camel toe to keep you warm at night."
216,Snyder shoots every scene with extra attention to detail. [Full review in Spanish]
217,"Poorly narrated and decently acted, the film collapses under the pressure of building a cinematic universe on par with what Marvel has done. [Full review in Spanish]"
218,"The movie DC needs, but not he one it deserves. [Full review in Spanish]"
219,"It's freighted not so much with entertainment value as it is with enough talk of fallen gods, absent parents, and dissolute heroes to fuel a Greek tragedy. And ... director Zack Snyder seems convinced that that's what he's making."
220,Great spectacle but poor character development overshadow whatever we might see on the screen. [Full review in Spanish]
221,"The showdown between DC's greatest heroes is spectacular, the only thing is that both leads lack charisma. [Full review in Spanish]"
222,"Zack Snyder manages to capture the dark tone we saw in Watchmen, especially in the first half of the film. [Full review in Spanish]"
223,"A brooding, but most importantly intelligent take on the seminal figures of our 20th century pop culture mythology, a movie that at once pays tribute to these characters' roots while offering up modern incarnations of them that ring true for our times."
224,Sinks any chance DC had to compete against Marvel. [Full review in Spanish]
225,"Batman v Superman: Dawn of Justice is so occupied with trying to do about a dozen, different things that it forgets to provide a reason for doing any of them."
226,"The movie is Bat-s--t crazy. A dour, disdain-filled demeanor, plus a gluttony of complex plot twists, dissipates most of the contact high."
227,"A bombastic and incoherent world overflowing with half-baked allegory, baffling characterisation and back-breaking mythological portent. It's a laudably bold, utterly exhausting, mess of a film."
228,"With nobody to root for, BvS:DoJ is just an unconscionably long slugfest simultaneously attempting too much and accomplishing almost nothing."
229,"[it] does have some shining moments, but they are too few and far between in an effort that is overflowing with illogicalities, gaping plot holes and moments that simply don't make sense in any fundamental way that relates to the characters."
230,"I'm not sure what Snyder has against these characters, why he is so determined to make them as distasteful as possible."
231,"[A] glum, cool-toned behemoth that labors to lay groundwork for a DC cinematic universe while setting up two famous characters on a collision course, and lobs out big ideas like an underprepared undergrad sweatily pitching off-the-cuff thesis topics."
232,"It's not terrible, but it is terribly long, terribly convoluted and terribly bombastic, with a score that would make Richard Wagner ask if they could please turn it down."
233,"The film might be pretty to look at, but narratively speaking, it is a disaster."
234,Wow. It's worse than I'd feared.
235,Batman Vs Superman promises much but ends up proving to be something of a false dawn.
236,"Yes Affleck's good, Cavill fills out his suit prettily enough and when the two are going chin-to-chin, dimple-to-dimple, it makes for a mighty clash of the titans. It's just the movie they get to do that in is more batty than super."
237,An artillery barrage of action.
238,"The film has its moments, but there comes a point when you can't justify it to yourself any longer. There is only so much grim brooding one movie can accommodate."
239,"It's sweaty, grunty, loud, self-congratulatory and, if movies had smells, pungent."
240,"The set-up of the first third of the film drags, but once it gets going it builds up the momentum to one very big fight, dragging you in its wake."
241,"[Batman v Superman] looks rich, explores some interesting notions about justice, vengeance and deterrence, and works wonderfully until a CGI creature emerges as an adversary."
242,"Batman v Superman: Dawn of Justice will probably please those who just want to see their comic book heroes come to life in a visually stunning way, but it will frustrate anyone looking for substance."
243,The brow-furrowing over vigilante justice is as pointless as the back story of Batman that opens the movie.
244,"Often steers into think-tank territory--about gods and demons, politics and paranoia--and pumps up the religious allegory and symbolism that have always been part of the Superman mythos."
245,"Overstuffed, fidgety and fearful, it's a blockbuster for the less flattering features of our time."
246,Batman v. Superman: Dawn of Justice was supposed to settle a fanboy debate older than Adam West. Instead it raises another: Is being a superhero really this much of a drag?
247,"Affleck and Gadot are impressive in their debuts, but there really are no winners in Batman v Superman. That includes moviegoers looking for anything resembling a good time."
248,"Underdeveloped, overlong and stupendously dispiriting."
249,"Since the movie is opening in the midst of the Syrian refugee crisis and just days after the Brussels attacks, the hostility conjured between these superheroes feels incredibly and uncomfortably pertinent."
250,"While the film's final-act battle delivers better bang than some Marvel movies, Batman v. Superman: Dawn of Justice too often forgets why we're here in the first place."
251,"Unfairly maligned, Snyder's dark vision is impressive and starkly different from the competition. The plot is perhaps too ambitious but the film delivers more often than it doesn't with Affleck's Bruce Wayne and Gal Gadot being highlights."
252,"Though it's scary to think that Warner Bros. is betting the future of its entire DC Comics film slate on this highly-anticipated clash of superhero icons, the real loser is the audience itself."
253,"...has some standout scenes (a Superman Congressional hearing, any featuring Luthor), but its climax short circuits and too many of its themes are squandered."
254,"Snyder delivers a superhero epic that's a significant improvement on his work on its predecessor, ""Man of Steel."""
255,"At the end of the UK press screening there were pockets of cheers from the crowd and I literally could not hold in an exclamation of ""Are you f*cking serious?"""
256,"Decent at times, but otherwise a jumbled and mostly joyless mess. (Full Content Review for Parents - Sex, Violence, Profanity, etc. - Also Available)"
257,"Snyder's films are so eager to establish that ""Superman was never real"" that they never permit even the illusion that he ever was."
258,"Zack Snyder's wearying superhero opus may be slugged ""Dawn of Justice,"" but it's the twilight of any hope that the filmmaker will find the fun in the DC Universe."
259,"Sure it is full of sound & fury, but it is also brimming with ideas, * if anything, its 150min duration feels insufficient to contain its sprawling story - like a mutant monster, barreling out of control & straining to contain its own shifting form."
260,It's a terrible shame that what we ended up with was a meandering mishmash of garbled storylines and action sequences.
261,"For Snyder, it's among his better films, even though it doesn't offer a single memorable image or idea."
262,The best? Affleck in the Batsuit. The worst? Eisenberg's Lex Luthor and much of the first two hours of the film.
263,'BvS' is a short cut so concerned with setting up the next films to come it forgets that it needs to work as one itself.
264,"In the end, a daft but interesting blockbuster becomes a daft and self-defeating one."
265,"More befuddled, plot-wise, than just about any other superhero epic of the last decade, Batman v Superman nevertheless deserves points for creating a vision of modern America that feels truly fractured."
266,"Despite the avalanche of set pieces and nods to upcoming Justice League movies, it must be said that Affleck is the class act - he fits his bat suit well and also nails Bruce Wayne, whether as ageing rou or haunted hero."
267,Batman V Superman: Dawn Of Justice is a punishing experience. But not an entirely unenjoyable one.
268,"It's like an entire TV season condensed into a chaotic highlight reel, simultaneously way too long and not nearly long enough."
269,"Instead of focusing on the story it's telling, the movie seems scattered, unfocused, obviously feeling the weight of the obligation to prepare the ground for the next ones. [Full review in Portuguese]"
270,"Snyder loves to destroy things, and that's essentially all the film has to offer, finding the production more interested in deafening the audience instead of trying to thrill them."
271,It is big. It is loud. It is violent. But it is a crappy CG blur interrupted by close-ups of this one or that one taking/making an impact or landing.
272,"I'm fascinated by the retroactive recontextualization of everything I hated about Man of Steel's ending... It's the stuff of adolescent dreams, yet...Snyder and his team manage to make Batman v Superman feel almost, dare I say it, adult."
273,"Wagner's Der Ring des Nibelungen cycle feels like an antic 1930s screwball comedy compared to Zack Snyder's seriously patience-trying Sturm und Drang that signifies, well, nothing much, apart from the dawn of the forthcoming Justice League."
274,"Batman v Superman is kind of dopey and plays out some laborious plot twists in the DC narrative at unnecessary length, but as I've already said it largely kept me entertained for two and a half hours, which is not nothing."
275,"A loud, cluttered, joyless muddle that might be described as Snyderissimo-which might please DC and diehard fans but will probably put off those accustomed to the breezier tone of the Marvel universe."
276,Spoiler alert: It's not very good.
277,"For the life of me, after two and a half hours, I couldn't tell you why Batman and Superman were fighting."
278,[Much] of the action... is a dog's breakfast of discombobulating editing. The film's final passages are such an aggressively hard to watch collision of excessive CGI and murky colour palate that it's hard to make heads or tails of most of it.
279,"Although viewers may be riveted at times, the net experience isn't much fun."
280,I'm inclined to think that large and loud Batman v Superman is what happens when no limits are placed on a project.
281,Did you ever think you'd long for the horrible puns and scenery chewing of the campy '90s Batman movies?
282,"Blunt, humorless, and baffling, it collides the brutish directorial stamp of its director (he of 300 and Watchmen fame) with the most shameless instincts of our latter-day superhero franchise bubble."
283,"In the words of The Joker in a far better Batman movie: ""Why so serious?"""
284,An enjoyable watch.
285,Did we need 150 minutes to watch slyly crafted revisionism turn to special-effects kitsch and rampage?
286,Eventually the script's illogic and the relentless pounding of the action scenes wear you down.
287,"Moments of visual splendor can't save Batman V Superman: Dawn of Justice, a comically, cosmically terrible waste of a blockbuster budget, from its disjointed, dreary narrative and vacuous treatment of its central, long-anticipated conflict."
288,"[It's] such a miscalculated ploy that it puts future releases under the brand on immediately shaky footing. The film has too much on its plate, but that belies the incompetence with which it is handled as a story, much less as a product."
289,Snyder and company wouldn't understand the possible joy within the genre if it jumped up and bit them in the ambitions
290,"One of the greatest Super-Hero Slobberknockers ever filmed! Not Batman v Superman, that fight sucked. The stars of this movie are Doomsday and Wonder Woman! Movie falls just shy of Greatness & hit me in all my fangirl parts! ."
291,"Batman v Superman: Dawn of Justice is basically a dumpster fire. But from that rubble, there is something salvageable."
292,That rare movie that makes you anxious to see the next installment only because it surely has to be better than what you just watched.
293,It'll make you feel like s***.
294,"At its heart, the promised battled between the DC titans has some punch. The blow is just softened considerably by worthless plot points that take the super out of superhero."
295,"There's sure no joy in Gotham tonight, boys and girls. Because this bloated bust takes all the fun out of what could have been a flashy and fiery mash- up."
296,"That fight comes late in the game, and it's so grim, humorless, and vicious, it stops being thrilling early on. It isn't in the service of any of the themes the film has struggled to express, it's just a meat-headed, brutal throwdown."
297,"While the Marvel universe, now owned by Disney, is glib and sunny, it's a nice echo of Warner's past as a home to gangsters and gritty melodramas to find its DC world operating very much on the dark end of the street."
298,"Where celluloid was once flecked with dream-sparkles of silver, Zack Snyder's darkest dark-beyond-dark digital project yet is all clutter and cloaca, as if sprayed and spackled with a sewer's worth of a city's ----."
299,"At once lumbering and enthralling, overstuffed and auspicious."
300,"A sequel that functions as origin story, apologia, and harbinger of a second expanded universe of overpopulated action bonanzas."
301,"Fans have waited a long time to see these two icons on the screen together, and ""Batman v Superman"" is as big and bold as this momentous occasion deserves."
302,"DC and Snyder jammed a lot into ""Batman v Superman"" to get back into the game. And it often works."
303,"Batman v Superman does not have one genuinely surprising, thrilling moment. The rhythm sweeps us in relentlessly but without generating real excitement, and much of the time we feel trapped inside a clumsy narrative."
304,"Rather than escapism and sensory exhilaration, viewers get down in the mire with protagonists who grimace, scowl and wince their way through heroics with the joyless determination of shift workers making the doughnuts."
305,"The studio has, in the usual way, begged and bullied critics not to reveal plot points, and I wouldn't dream of denying you the thrill of discovering just how overstuffed and preposterous a movie narrative can be."
306,"The first half is a solid followup to the Christopher Nolan Batman trilogy. Then the second half turns into a Zack Snyder movie, but that's not necessarily a bad thing."
307,"'Batman v Superman: Dawn of Justice' is a cluttered, gloomy spectacle that does not live up to the three year wait. The choices made and direction by Zack Snyder have resulted in a shaky foundation for the Justice League."
308,"Alas, these boys like to over-share. You might take solace in Wonder Woman's enigma, amid all the boys' clunking assertions of need and self."
309,"In a word, exhausting. In a few more, overblown, overstuffed, repetitive, bombastic, and sometimes just dumb. (Never mind dreary to look at and punishing to hear.)"
310,A joyless slog.
311,"Go in with realistic expectations and you'll probably have a good time. After all, it's still a movie where man-gods punch each other."
312,"One to see in the cinema, Batman v Superman: Dawn of Justice is not quite the superhero movie we deserve, but it's just what we need right now to whet our appetites for the other projects coming down the line in the DC Comics extended universe."
313,Shouldn't all this geeky property colliding still at least be entertaining? Shouldn't it play to the cheap seats instead of wallowing in the murk?
314,"Not as bad as Bush v. Gore, but close."
315,"It's a shame that Batman v Superman is also a storytelling disgrace. It has maybe six opening scenes and jumps so incessantly from subplot to subplot that a script doctor would diagnose a peculiarly modern infection: ""disjunctivitis."""
316,"With its high-grade visuals, quick pacing and constant motion, Batman v Superman never bores. But it seems less like an actual movie for us than a two-hour, 31-minute sales pitch for the rumored DC Comics sequels yet to come."
317,"The film rattles along at a breathtaking pace, making the two-and-a-half-hour running time easy going, and there are a couple of great gags thrown in to alleviate the somewhat largely sombre mood."
318,"There are brilliant set pieces, adequate performances and acceptably whizzy bits of camera work. But there are also long, pointless and interminable scenes where the story should be being told, but in reality -- nothing of interest is happening."
319,Snyder sets his story within our modern world and attempts to fashion a kind of commentary on the media and the current geopolitical situation. What he has crafted instead is a grotesque expression of modern emptiness.
320,Snyder's movie presents extremist versions of familiar characters in a tonal mishmash that indulges in more thunderous conflict than it can wrestle into coherence.
321,"There is a good movie inside of Batman v Superman, which makes it all the more frustrating that the stuff the movie gets wrong, it gets really wrong."
322,"Megaton fight scenes are the reason people will put up with bad dialogue or bad logic in a film, so it's an outright tragedy when Batman v Superman's showdowns become as boring as the rest of it."
323,"From its superfluous opening ... to its clichd final scene, ""BvS"" fails to ignite an emotional response - except, perhaps, dissatisfaction. It is unrelentingly grim and oppressive, sucking all the air out of the theater."
324,"If it's action you want, Batman v. Superman: Dawn of Justice will not disappoint. But take away the interminable fight scenes, and the screenplay crashes into plot holes big enough to drive the Batmobile through."
325,"For those who go to the movies to see coherent narratives, [this] is Hollywood's latest exercise in fan service...taking the usual screenplay ingredients of logic, reason and character motivation, tossing it all in a blender and filming the scraps."
326,"There's a gravitas here that even the staleist of comic book tropes can't diminish. Snyder, who directed Man of Steel and the failed comic book adaptation Watchmen, is nothing less than respectful. The effects aren't bad, either."
327,"Crushed under the weight of creating a Marvel-esque DC franchise, Batman v Superman fails to ever truly tap into the potential that a clash between two of the most revered superheroes of all time should technically provide."
328,"All so vapidly grand and so serious and so, so dull."
329,"Cool action, a strong performance by Ben Affleck, and Gal Gadot as Wonder Woman make Batman v Superman: Dawn of Justice worth checking out on the big screen."
330,"It's almost too much to take in, meaning that by the time we finally get to the titular grudge match you could well be over it. Nevertheless, there are elements here that work strongly and even spectacularly."
331,In spite of the garbled story the characters get plenty of strong moments that play to their core appeal.
332,To say that Superman v Batman: Dawn of Justice is a bad movie doesn't go far enough. This film feels like Zack Snyder hobbling the entire upcoming DC Movieverse before it gets started.
333,"The story, like the testicles of a weightlifter on steroids, dwindles away to nothing."
334,"There are fascinating questions here, but they're buried beneath the debris of a convoluted, horribly written story featuring poorly written characters making inexplicable choices."
335,"Filled with scenes of gloomy characters confronting their demons or wrestling with insipid moral quandaries, this joyless slog isn't a superhero film so much as it is an excruciating therapy session with huge explosions and guys in capes."
336,"Part sequel, part prequel, director Zack Snyder's film delivers on its titular promises -- eventually."
337,"Ponderous, self-important, too long by at least 45 minutes, and do we really need another scene (and then ANOTHER scene) of Bruce Wayne's parents being shot?"
338,"[B]efore too long, Snyder has shaken off the self-reflection and returned to ... an empty seriousness where, for a few inspired scenes, some actual thought has flickered tantalizingly."
339,A popcorn film - and this is  a popcorn film - should never feel like Sunday night homework.
340,"In Ben Affleck's Batman, here at last is the sadistic, fascistic, half-crazed vigilante that comics fans have been waiting for."
341,"""Batman v. Superman: Dawn of Justice"" will have its admirers, others will relinquish in the fact that yet again, the superhero genre is not challenging itself to be better than what is expected of them."
342,Questions regarding violence and mayhem are drowned out by violence and mayhem. Such is the superhero life as directed by Zack Snyder. There is no problem that can't be solved with a cranium-rattling explosion or two.
343,I can't lie and call Batman v Superman a great movie. Not even for us superhero fans.
344,Ultimately it satisfies fan cravings to see two of the world's most popular superheroes throw down.
345,"A movie that has brazenly refused to learn from its own past, and yet insultingly, boldly pretends to have grown and matured all the same."
346,"The man knows how to make a movie that speaks the fanboy language, and ""Batman v Superman: Dawn of Justice"" speaks it well."
347,"Ponderous, but the tone and the cast hold our interest."
348,"It so badly wants you to be excited for ""Justice League"" that it forgets to keep you excited about ""Batman v Superman."""
349,The movie's not bad but it doubles down on its least-interesting and potent elements at the expense of those that actually work.
350,"Everything surrounding the central fight is a mess, thanks to an incoherent plot and over-stuffed script that's burdened by its need to set up future Justice League movies."
351,"An ambitious mess, an exhilarating chaos of visual flare and strong drive that's also in desperate need of direction, objectivity, restraint and coherence."
352,"[SPOILER-FREE REVIEW:] This is not a drill, comic-book geeks."
353,Watching Batman and Superman rage at each other like little boys makes for a pretty tedious two and a half hours.
354,"When it sings, Dawn of Justice is a wonder. When it drags, it still looks good and offers hints of a better scene just around the corner."
355,Somebody stop Zack Snyder. Somebody save the world.
356,"A near-total drag, Batman v Superman: Dawn of Justice plays like a loose, unofficial quarter-billion-dollar remake of The Odd Couple, in which Oscar and Felix are literally trying to kill each other."
357,"Disjointed, numbing and spectacular with its intemperance."
358,"The heavyweight title bout between Batman and Superman is a smash to the senses, the same way being tossed around in a rollover car accident would jolt one's system."
359,"Superhero movies are now like websites with too many pop-up ads, clogging the running time with teases for future films that won't be fun either."
360,"[Plays] less like a prequel for the JLA then a greatest-hits medley of every superhero movie ever made -- a little Dark Knight Rises here, a bit of Batman Begins there, all spiced up with some X-Men topicality. The thing is, none of it convinces."
361,"It's Batman v Superman v the contents of your bladder in Zack Snyder's too-long, 155-minute superhero slugfest."
362,"There's enough mythic raw material sunk deep in every scene that you can piece together a classic in your mind if you're feeling charitable; but if you aren't, Batman v Superman will seem like a missed opportunity."
363,"As superhero spectacles go, Zack Snyder's Batman v Superman: Dawn of Justice is a grand one, with a mondo-operatic climax and a final shot infused with quivering, exhilarating molecules of grace. It's also not much fun."
364,"Snyder, juiced up by Hans Zimmer's caffeinated score, throws everything at the screen until resistance is futile."
365,"The Dark Knight, RETURNS with a BANG, BOOM, POW; Wonder Woman arrives, fashionably late as you'd expect from the world's most iconic female superhero; but this emerging Superman may have you humming, ""will the REAL Man of Steel, please stand-up."""
366,"Affleck's bottom lip gives a solid performance, dominant but not overtly showy, channelling the spirit of lone warrior jawbones from John Ford films"
367,"One cannot walk away without noticing the plot holes that stops the film from being consistent. There are too many ""Whats, Whys, and Hows'"" being asked in one's mind that leaves them baffled."
368,To call it ridden with plot holes would be a disservice to plot holes. These are plot caverns.
369,A big bombastic mess that never does enough with the characters to warrant bringing them together.
370,"An action-packed and epic start to the DC Films Universe, Batman v Superman will have you grinning from ear to ear from start to finish."
371,"Overlong, underdeveloped and almost entirely humorless, Batman v Superman: Dawn of Justice may please die-hard fans by pitting two DC icons against each other. Everyone else may want to wait for the next Marvel movie."
372,"Not only does the storytelling feel cluttered, but the premise turns both protagonists into passive victims who only occasionally get to do anything heroic. The rest of their time is spent navel-gazing and whinging to their respective confidantes."
373,"If Justice, with its sluggish script, isn't quite the jaw-dropping eye-popper it should be, that's okay. The cast is unimpeachable."
374,"For all the eye-popping spectacle here, the brilliance of some of the action sequences, and the full-blooded performances from Ben Affleck and Henry Cavill as the superheroes, this turns out to be a convoluted affair."
375,"No amount of crash, bang or wallop can conceal this confused and ungainly storyline."
376,"It just wears you down and wears you out, making you wonder if there was ever such a thing as a hero anyway. Let them pummel each other if they must; just leave us out of it."
377,"It hurtles not with the kinetic momentum of Mad Max: Fury Road nor the comparatively spry skip of a Marvel movie, but with an operatic grandeur it sometimes earns and often doesn't."
378,"Fans can rest easy, the film delivers and it does so in a spectacular way. [Full review in Spanish]"
379,"Constantly threatening to collapse from self-seriousness, this epic has way too much of everything, including CGI and Oscar winners up the wazoo."
380,The silver lining in the depressing Batman v Superman: Dawn of Justice turns out to be that we can still look forward to 2017's Wonder Woman with something approaching a sense of hope. We're calling it better than nothing.
381,"It is intermittently rewarding, but ultimately a bit disappointing."
382,"Half of Batman v Superman: Dawn of Justice is brilliant. Unfortunately, the other half of Zack Snyder's epic-length superhero movie is so bloated that it blunts the effect of the good stuff."
383,"Goosebumps are inevitable when the two icons finally face off, and there are some spectacular clobberings dispensed, but it doesn't feel like, as Lex pitches it, ""the greatest gladiator battle in the history of the world""."
384,"[T]he follow-up to The Dark Knight that many viewers and fans wanted or hoped for... [V]isually stunning, with powerful emotional storytelling and awe-inspiring action spectacle."
385,"Batman v Superman: Dawn of Justice might not be the perfect comic book movie, but it's really entertaining. [Full review in Spanish]"
386,"When the head-to-head heavy hitting finally transpires -- be patient, for it takes some time to get there -- Dawn of Justice delivers the shock and awe on a level befitting a superhero blockbuster of such massive scale."
387,"And what of the title's promised skirmish? That face-off between two comics legends becomes but one in a series of big things bashing into other big things, which is what Snyder and writers Chris Terrio and David S. Goyer mistake for storytelling."
388,"The movie delivers and will please fans, even if you don't see it in 3D. [Full review in Spanish]"
389,"Gorging on bombast and self-importance, swamped by its own mythology, Batman v Superman is loud, sprawling, and distracted. The action jumps around almost as fast as a man can fly, but nowhere near as smoothly."
390,Batman v Superman: Dawn of Justice just lands with a big thud.
391,"There are moments that make the whole enterprise worthwhile, and introduces an intriguing new Batman. But it's also cluttered and narratively wonky; a few jokes wouldn't have gone amiss, either."
392,"BvS will please those either waiting for the two main players to lock horns on a movie screen, or those who've just been pining for Wonder Woman forever."
393,"No major blockbuster in years has been this incoherently structured, this seemingly uninterested in telling a story with clarity and purpose."
394,"Lacks real character development and, consequently, a bit of soul that gives meaning to the pyrotechnics. [Full review in Spanish]"
395,"It's epic, involving, exciting, and ambitious, but there's an undeniable feeling that the best is yet to come."
396,Those expecting BvS to be DC's answer to Marvel's Avengers will find it more akin to Snyder's Watchmen instead.
397,"As a pure visual spectacle, however, Batman V Superman ably blows the hinges off the multiplex doors, and editor David Brenner does excellent work to comprehensibly streamline the chaos, capably captured by d.p. Larry Fong."
398,"Instead of playing up the differences between the Man of Steel and the Dark Knight, Batman v Superman flattens them."
399,This superhero-smorgasbord directed by Zack Snyder melts into an electric soup of CGI. Effects are so overused that any conviction explodes in a giant fireball -- indeed endless fireballs. The result is an enervating two and a half hours.
400,"As its title implies, ""Batman v Superman"" plays like a mashup of things we've seen before."
401,It's another numbing smash-and-bash orgy of CGI mayhem with an ending that leaves the door open wide enough to justify the next 10 installments. Is it too late to demand a rematch?
402,"All in all, job done, just about."
403,"Batman v Superman: Dawn of Justice is a treat for the eyes, but it will hurt your brain and break your heart."
404,"The film may be imposing, but it's not fun."
405,"In Batman v Superman: Dawn of Justice, the Dark Knight and the Man of Steel duke it out and the audience loses."
406,"An improvement over Man of Steel, and a much better Batman movie than it is a Superman film. The highlights far outweigh the issues, and DC now has a base on which it can build its empire."
407,Just put a bucket of generic Batman in here and stir in a few pints of own-label Superman. That will do to be going on with.
408,"This film has turned all of its great characters into perfunctory plot points, in the service of a plot that doesn't even work well."
409,"If there's any justice, dawning or otherwise, at the multiplex, audiences will reject Zack Snyder's lumbering, dead-on-arrival superhero mlange, a $250 million tombstone for a genre in dire need of a break."
