,text
0,"Doctor Strange, intended to be a mind-bending, rule-breaking rebuke to the squares of superhero cinema, turns out to be a rebel in name only -- the textbook definition of a bad trip."
1,"Cumberbatch, both a natural comedian and a subtle one, knows how to get a big laugh from nothing more than an arched eyebrow."
2,"With Dr. Strange the Marvel magic seems largely to have run out-which is unfortunate, given the movie's titular protagonist is himself a magician."
3,"Lives up to its title, in mostly good ways."
4,"Doctor Strange is about as weird as any Marvel movie is going to get these days, which is not particularly weird."
5,"The Marvel Comics movie universe gets a bit bigger, though not appreciably better, with Doctor Strange."
6,Doctor Strange delivers a satisfying origin story for the Sorcerer Supreme while drawing upon the comic book visuals in an entertaining way.
7,"It showed me something new that I haven't seen in a superhero movie, which at this point is a pretty impressive feat."
8,"I was dubious as to how well a weirdly bearded wizard would fit into the universe of buff superheroes and high-tech punch-ups, but this is Marvel through and through."
9,"The movie is well paced, clipping along quite nicely and the tone is carefully controlled."
10,"Not only the best-looking Marvel film but one of the most mind-bending and striking visual experiences in cinema, Doctor Strange is easy to recommend, even if it does lack some of the charm and depth of its MCU siblings."
11,"[Doctor Strange] could have misfired. Instead, it is visually rich, powerfully performed and surprisingly fun."
12,"It is a stunning, stimulating and utterly satisfying introduction to the character as Marvel continue to push the envelope."
13,Benedict Cumberbatch's egotistical Ironman-meets-House-MD persona keeps us in the game - if only just. He shares more chemistry with his eccentric levitation cloak than with most humans in the film.
14,"Swinton and Cumberbatch are both delightful, although I'm not sure I've ever seen either one have a bad showing."
15,[Doctor Strange] may be the most visually stunning entry into the MCU pantheon so far.
16,"Entre un protagónico que casi no convence, un villano de cartón, arcos argumentales insultantemente inconclusos y una batalla final anticlimática, Doctor Strange es una extraña decepción."
17,...wears its spirituality on its sleeve (or its levitating cloak)...
18,Doctor Strange breaks new ground from everything so far (in the Marvel Cinematic Universe)...new dimensions even. What a trip!
19,"Not only is [Cumberbatch] charming as Doctor Strange, but he becomes quite the comedian in the film as well."
20,The high calibre of talent associated with this spry comicbook actioner definitely ensures another super-hero film franchise-in-the-making as Cumberbatch's introspective doc administers his 'Strange' dosage of Marvel movie-making medicine for the ages.
21,"With Doctor Strange, Marvel pries open a doorway to a new realm, one filled with magic and mysticism, dark dimensions and malevolent deities."
22,"Like looking at a black light poster on uppers: It's visually lovely, and you're having a good time, but there's also a small nagging sense that somebody might have brought the wrong drugs to the party."
23,Another package from the conveyer belt of prototypical superhero movies with crap CGI and a relentless cacophony of action sequences where nothing ever really feels at stake.
24,Doctor Strange's mystic realms and otherworldly dimensions are grounded in an obvious affection for the comic book source material...while breaking the boundaries once again of the ever-expanding edifice that is the Marvel Cinematic Universe.
25,What Doctor Strange has that no other comic book movie does is a wild visual style that pushes the boundaries of effects technology while dazzling the audiences with imagery that is as colorful and bizarre as anything Jack Kirby committed to paper.
26,"What it lacks in story originality, it more than makes up for with aesthetic creativity."
27,"It's a mind-bending, colorful, unabashedly outrageous shot of adrenaline, one the MCU didn't even know it needed. The Doctor is most certainly in."
28,Offers another accomplishment in the MCU origin canon with a character driven film with spectacularly spellbinding visuals and a great performance by Benedict Cumberbatch.
29,"A movie that improves on repeat viewings, and after seeing subsequent MCU movies. Problematic casting, but lots of good otherwise."
30,What makes the movie interesting is its supporting characters-the arthouse stars providing the movie with heroes and villains.
31,"Doctor Strange works great as a standalone film, and its visual inventiveness is a breath of fresh air, as most films in the MCU have tended to come from a cookie-cutter approach these days."
32,"The characters are very human, which is why I enjoy Marvel so much."
33,You're hit with how visually stunning this damn movie is. I'm tempted to go back and watch in IMAX or 3D.
34,"The parts might seem (sometimes problematically) familiar, but there's new magic here."
35,"Cumberbatch - startled otter looks, goatee and all - duly nails the part of the good-ish Doctor from the off."
36,"""Doctor Strange"" works when it wants to and it's two hours of general enjoyment; however, as the plot inches towards the end, the film begins to rely heavily on Marvel's comfortable setup to move it forward."
37,"I wasn't super jazzed about Cumberbatch. SO, that being said, I think he did a fantastic job in the role."
38,"Performances are strong, with Cumberbatch at peak charm-he seems to channel Harrison Ford as Han Solo here and Doctor Strange is genuinely funny."
39,"Certainly Doctor Strange isn't perfect, but the fast-paced fun generally makes up for some of the lazy worldbuilding. And the best part is that the movie never gets too silly and never gets too dark."
40,"It's by far one of the most visually interesting films out this year, with a world filled with new concepts that I left the film convinced of, thanks to the compelling visuals."
41,"Benedict Cumberbatch gives, above all, a very personal touch to the arrogant doctor... [Full review in Spanish]"
42,Doctor Strange's magical battles turn Manhattan into a concrete kaleidoscope - worth watching on the biggest screen you can find.
43,"What I particularly liked about any elements that this movie adds to the MCU, is that it does so in a way that feels organic."
44,"Buoyed by magnetic performances from Cumberbatch (sporting an American accent!) and Swinton, Derrickson takes exhilarating visual and storytelling risks and carries the genre to new heights."
45,The way they use magic for fights is where the unique nature of this film lies.
46,One of my favorite Marvel movies ever.
47,"Benedict Cumberbatch might not fit the leading man profile, but he wears the Doctor Strange uniform well."
48,"While the intricacies of the mystical world can be confusing at times, our introduction to this side of the Marvel Universe makes for a thoroughly enjoyable viewing experience, thanks to dazzling 3-D visual effects."
49,"Doctor Strange elevates yet another relatively unknown Marvel character to top tier status, making it well worth a dizzying watch in 3D."
50,"While sufficiently hitting all the correct targets, the most refreshing addition is how it melds mind-bending, show-stopping, kaleidoscopic visuals with its narrative stakes."
51,Dr Strange provides an enriching and exhilarating experience.
52,"It's handicapped by performances that are decent but not great, an over-abundance of visual effects that are state-of-the-art but far too familiar, and a storyline that just gets sillier the longer it goes on."
53,So you just have to take the good with the bad. What works in Doctor Strange works REALLY WELL.
54,"[Tilda] Swinton, I would argue, is the most underrated actor of this generation, and she deserves to be held in the highest of esteem."
55,"When Dr. Strange folds and warps time, energy and space, it becomes a visual feast reminiscent of Inception, but it also visualizes his journey."
56,"Doctor Strange might have a lot of baggage, but more than anything else, it's fun."
57,The film is bloated and unfunny... and is plagued by a boringly retrograde notion of pan-Asian-ness while conveniently escaping the burden of casting any actual Asians in its principal roles.
58,"Indeed, Doctor Strange's climactic redemption is as spellbinding as it is satisfying. But of course, we know the magic is just getting started."
59,"When Doctor Strange works, it's for the same reasons most of the Marvel movies do: They aren't afraid of humor, and they know what's funny."
60,"Strange is pretty much the same sort of movie we've seen from Marvel Studios ever since Robert Downey Jr. snarked his way through the first Iron Man and into our hearts all those years ago, and the same style of origin Marvel has been delivering since."
61,"Doctor Strange has all the strengths of a Marvel movie-a well-told story, a well-tuned sense of humor about itself, a personal drama to shape the hero's journey-as well as all the weaknesses (conventions of a superhero origin tale are getting repetitive)."
62,"Marvel's best film to date is a surprisingly beautiful, eccentric, and generous fable of interpersonal, political, and cosmic communion."
63,"While Doctor Strange boasts a great performance from Benedict Cumberbatch and mind-bending, Oscar-nominated special effects, it leaves a little to be desired when it comes to its potentially-intriguing, but ultimately action-filled narrative."
64,"The effects are the closest most of us will get to tripping balls in a Disney movie outside of dropping acid and watching ""Pink Elephants on Parade"" on a YouTube loop."
65,"OK, so Dr. Strange is not as soulful as expected. But in this particular reality, I'll take what I can get."
66,Doctor Strange's last act is so trippy and exciting that you can almost forgive that generic story.
67,"Though Doctor Strange's impressive visual effects and head-spinning mythology might seem a bit much for Marvel's typical filmgoing crowd, its story is rudimentary enough to keep the more far-reaching elements relatively grounded."
68,The movie is very much Harry Potter for adults.
69,[An] underwhelming panel-to-screen Marvel adaptation.
70,This summer's superhero films may have fallen a bit flat but this one is magic.
71,The overall experience of Doctor Strange is wonderfully fun... provided you don't try to dig a little deeper.
72,"Doctor Strange is another win for Marvel, and proof that there are some new tricks to be found in superhero movies after all."
73,"A clear example of an amazing and commited cast, that take their work seriously, no matter how silly the premise is. [Full review in Spanish]"
74,"For all the talk of alternate dimensions and sightings of a bald Tilda Swinton, Scott Derrickson's film is a sturdy addition to the superhero saga that's been slotting in compatible pieces since Iron Man delivered its first wisecrack in 2008."
75,Dr. Strange is not only entertaining and absurd. It's also an intelligent film. [Full review in Spanish]
76,Quite possibly the worst of the Marvel movies...
77,"Strip away the thick rind of make-up and the comedy Hugh Laurie accent, and Strange is exactly like every role Cumberbatch has ever played."
78,It's not a tremendously rewarding piece of storytelling... But it's dang cool.
79,"My reaction to this movie is mixed, at best."
80,"Strange can do great things by the end of the movie, but he still has a lot to learn before he can take on the title of Sorcerer Supreme - and that should be fun to watch, too."
81,Brings much in the way of tasty popcorn spirituality to match it's brilliant filmmaking.
82,"Dr Strange isn't just any old superhero, he's not gaudy and violent, he's smarter, he's gentler. He's basically a much nicer Sherlock... in a cape."
83,"Doctor Strange shines not just courtesy of its left-of-centre, franchise-eschewing tendencies, but thanks to lively, engaging and empathetic portrayals."
84,"keeps enough of what audiences clearly crave while also throwing in a few twists that make it feel, if not entirely unique, at least different."
85,"Pops with the type of psychedelic, kaleidoscopic weirdness that'll have you wondering who dosed your popcorn with psilocybin... although it never fulfills the potential of its main character."
86,"Doctor Strange isn't the best film in the Marvel Cinematic Universe canon, but it may be the most creative. (Splice Today)"
87,"A film that takes certain aspects from multiple recognizable sources, but adds visual, narrative and dramatic elements that differentiate it from other recent movies of the genre. [Full review in Spanish]"
88,"A film far more rich, entertaining and intellectual than the promotional trail of glitzy images and ambitious visual effects would have you believe."
89,"This film has a dreamy visual architecture, mixed with a story capable of stimulating even the last fiber of the neurons. [Full review in Spanish]"
90,More of the same is not necessarily always a bad thing. It's just unfortunate that it can't be something new or structurally different.
91,"Cumberbatch is exceptionally good at playing brilliant, arrogant, isolated characters -- look at his Sherlock Holmes and Alan Turing -- and so is right at home as Strange."
92,The big point of difference designed to distinguish this from other Marvel fare is the visuals.
93,"Just when everyone felt comic-book movies have reached critical mass comes, perhaps, the year's finest tentpole movie."
94,A worthy addition to the Marvel canon.
95,Offers just enough plot to inspire the most dazzling eye-candy superhero movie to date.
96,"With Sherlock and The Imitation Game, Cumberbatch has made a specialty out of playing men who are often too intelligent for their own good. Thankfully, he hasn't gotten tired of these roles yet."
97,"A film tinted with mischievous humor and charm, turning it into a singular variant of Marvel's ingenious dramatic world. [Full review in Spanish]"
98,It's Cumberbatch who makes the movie zing. He's sardonic. He's funny. He's buff enough for the martial arts. And he fits into the movie's comic-book world surprisingly well.
99,"Marvel's most amazing and dazzling film, with enough moments that will remain for posterity. [Full review in Spanish]"
100,It delivers a fun and at times even thoughtful new entry in the Marvel cinematic universe.
101,"Benedict Cumberbatch stars as the title character here, and it's a masterstroke of casting. (Full Content Review for Parents - Violence, Profanity, etc. - also Available)"
102,It just may be the best example of mind bending visual spectacle since the first Matrix film ...
103,"A visually spectacular film, one of the few blockbusters of the year that doesn't disappoint. [Full review in Spanish]"
104,An interesting story with excellent characters and special effects that will make me say a phrase that is already very worn (but true): they do not resemble anything I've seen in this type of movies before. [Full review in Spanish]
105,A film that seems predictable until it manages to portray complex concepts in an exceptionally elegant way. [Full review in Spanish]
106,"A good superhero story and above average genre, I dare say, and I think it's all due to the splendid decision of selecting Cumberbacht for the main role. [Full review in Spanish]"
107,"Much of it takes place in the ""Mirror Dimension,"" an eye-popping universe that M.C. Escher might have imagined if he'd worked with CGI. That, plus a strong story and stronger cast makes this a winner."
108,"Marvel Studio's latest superhero origin story is as polished and as flashy as we have come to expect from this highly successful enterprise. It is a visual feast, especially in 3D."
109,Buoyantly entertaining.
110,"Not since Iron Man has a superhero movie surprised and delighted like Doctor Strange, after eight years of Marvel glut and DC rebuttals in-between."
111,"Offers more of what's been satisfying in the movies, and something refreshingly different."
112,Maybe you should book an appointment with Doctor Strange.
113,"Great fun! Doctor Strange has everything you'd want or expect from a Marvel adventure, but it also feels fresh and new."
114,A beat-for-beat remake of the first Iron Man movie crossed with a Windows 95 screensaver. Doesn't this stuff ever get stale to you people?
115,A Marvel character fights evil in a mix of special effects and metaphysics.
116,...a surplus of thrilling escapism inside a movie that clocks in at just less than two hours. You wonder why it took the Harry Potter films eight films to get where they were going.
117,It's a traditional fantasy journey powered in its own right by a sense of the unknowable and a star turn from Benedict Cumberbatch.
118,It's a refreshingly weird and a fun addition to the MCU.
119,"""Doctor Strange"" is where the welcome wears out, where Marvel's shortcomings take center stage and play a thousand encores."
120,A psychedelic treat for the eye and the mind.
121,"Spectacularly surreal, it's an awesome introduction to a fascinating Marvel character..."
122,A wacky mystical movie from Marvel.
123,"Yes, we've seen remarkable special effects in the past, but the visual effects provided by Industrial Light & Magic and Luma Pictures are, well, magical."
124,"A great score by Oscar winner Michael Giacchino (""Up"") and dialogue rife with a sense of humor, coupled with truly spectacular visuals, adds up to what will surely be a hugely popular movie."
125,It's straight-up Marvel superhero swagger.
126,"Providing a finale that doesn't rely on explosions and drawn-out punch ups, Doctor Strange earns points for being a little different."
127,"Rote storytelling and pesky politics aside, the film does offer its rewards, particularly in Cumberbatch's fine performance, some twisty visuals (many cribbed from Inception), and the occasional dabs of gentle humor."
128,"Dull, talky, derivative, full of the usual CGI cheez whiz. Cumberbatch is the epitome of vanilla."
129,"If it's not great storytelling, at least it's good spectacle, and that seems like the minimum these movies can provide."
130,Only the '60s could produce a character like Doctor Strange. [Full review in Portuguese.]
131,"Adapts the Marvel character beautifully in to a fun, engrossing, and visually impressive action film all around."
132,The undisputed stars of Doctor Strange are the kaleidoscopic special effects and glimpses of strange new realities conjured in nearly every scene.
133,When Doctor Strange works it does so beautifully.
134,"Anyhoo, Cumberbatch. A fine actor and a charming fellow. He smoothly delivers one-liners and bone-crushing astral bowling balls alike."
135,"Action deficiencies aside, Doctor Strange is an amazing sight to behold, and arguably the strongest overall entry in the Marvel canon."
136,"Rest easy fans, Marvel have delivered... again."
137,"It is an entertaining action movie that features a confident lead who takes the role seriously, so you take the story about magic seriously."
138,Doctor Strange seems to represent the point at which the art of CGI and the discipline of imagining visual images spatially seems to have reached a sublime degree of 3D complexity.
139,The filmmaking isn't bold enough to fully revel in the strangeness of the source material.
140,It doesn't take a Sherlock to see that 'Doctor Strange' successfully sends the Marvel Universe spinning in a mystical new direction.
141,"Doctor Strange is the coolest comic book movie of the year. Truth to tell, it's one of the coolest I've ever seen."
142,"Affluent white guy gets knocked down a peg or two, gets rebuked by his girlfriend (Rachel McAdams) when he needs her support the most, has an epiphany at the hands of an (inexplicably white) eastern master, and re-emerges as a superhero: Doctor Peculiar."
143,"From a whiz-bang opening sequence where space folds in on itself as combatants hurl magical fire at on another, to the charismatic, ahem, marvel that is Benedict Cumberbatch in the title role, this action film is a knockout."
144,"There's only one word to describe, in this dismal year for movies, a superhero story that exceeds our expectations: Strange."
145,"Weird, creative and restless, Doctor Strange is a psychedelic and fun ride that mainly satisfies by introducing a new hero to the game and expanding the MCU even more. [Full review in Spanish]"
146,Doctor Strange manages to expand the Marvel Cinematic Universe while also telling a satisfying story in its own isolated corner.
147,What Doctor Strange possesses is an uncommonly cohesive thematic and visual language for a Marvel superhero movie.
148,"Basically Iron Man with weaker laugh lines and vastly cooler action sequences. It's Iron Man meets Thor 2, and the thing is, those guys have met before."
149,"Even as it closely adheres to the Marvel origin story template, it's the studio's most out-there release yet -- and that's saying something after Guardians of the Galaxy."
150,"...the best 3-D I have ever seen...so good that I actually got dizzy . It's the special effects and 3-D that make this entertaining, certainly not the fantasy or the hackneyed story or anything else."
151,"Even though the film is Marvel's crowning aesthetic triumph, even though all four of its stars have their game faces on and act their hearts out, even though it's got great humor and spirit, Doctor Strange isn't close to being Marvel's best movie."
152,"Even if the story behind the curtain can't quite equal the visual spectacle, Doctor Strange will put a smile on the faces of casual and hardcore fans alike."
153,"It's not as fresh and sassy as Guardians of the Galaxy, but it is a piquant changeup for fans who have come to find the Avengers series getting long in the tooth."
154,"A mind-bending, exciting, funny, and, yes, strange adventure, that ranks among Marvel's best, and as a superhero introduction film is second to only 2008's Iron Man."
155,"'Doctor Strange' is a lot of fun, but it's also unquestionably the most eyeball-popping comic book movie to come along, even being worthy of paying for the 3D upgrade."
156,"Can the ""wizards"" behind those DC Comics movies please take notes while watching Doctor Strange?"
157,"Visually, this is a hallucinatory wet dream. However, like the character in the film, Doctor Strange offers a spellbinding exploration of what lies beyond the stars yet lacks the proper mastery of the mystical concepts it introduces."
158,"...a superhero blockbuster, from the Marvel Cinematic Universe no less, for people who usually hate superhero films."
159,"Cumberbatch, ever smoldering, takes it all in stride, managing to transform from self-serving sadist to selfless hero while maintaining a sense of command and confidence."
160,The probability of the good Doctor returning in a sequel would seem the surest of sure things.
161,"...viewers will likely find themselves amused by ""Strange"" rather than moved."
162,"Marvel's ""Avatar,"" the ""Inception"" of comic book adaptations."
163,"There's a bunch of mumbo jumbo about sorcerers and whatnot, which weigh down the screenplay like an anchor."
164,Kevin Feige pulled on his hyper-blade express shoes and dashed for the room...
165,Marvel's most visually unique film sticks to successful franchise formula.
166,"If only the same care that has gone into its visuals were put in the rest of it, Doctor Strange could've been a trippy, psychedelic adventure, and not a middling entry in a 14-film-old franchise."
167,"Well-cast with dazzling visuals and production design, but somewhat dull, and it lacks enough surprises and wit to escape its mediocrity. It's lucky to have Benedict Cumberbatch who rises above the material with his charisma."
168,There's never been another comic book film remotely close to the Doctor Strange experience and I can't wait for the doc to make his next theatrical house call.
169,"Doctor Strange is the weirdest Marvel film so far-and that's a good thing. But while the CGI effects are impressive, the character development is insufficient."
170,"Just the right balance between consistency and distinctiveness, between action and wit, and, perhaps the most difficult hurdle, between magic and superpowers."
171,It's a slog of exposition but offers glimpses of better sequels.
172,"See it in 3-D IMAX, people, and you're in for the hallucinatory headtrip of the year. And having Cumberbatch around really raises the bar on what's possible in comic-book fantasy."
173,"Through outstanding casting, splashy visuals, and some unexpected (and welcome) wit, [this] is easily the best of comic book movie of the year."
174,"Doctor Strange has a dazzling, kaleidoscopic palette that compensates for the usual thin-ish story featuring A-list actors zapping one another, along with a hero who looks fearsomely witty even in repose."
175,"For a film that has promised diversity and wanting to move from harmful Asian stereotypes, this movie fails to bring in people of color in a meaningful way."
176,"Doctor Strange is a solidly enjoyable superhero romp, one with the zippiest effects you are going to see this year. I just wish it was a little... stranger."
177,"The crazy, tilted world glimpsed in the trailers is one of the most fascinating and immersive comic book-inspired film environments ever created in a live-action movie."
178,"Aside from the dazzling eye-candy, this is a pretty thought-provoking movie."
179,"Doctor Strange is crowd-pleasing and exciting -- funny when it should be, sober when it has to be and crackling with a magical mystique that adds a veiled layer of depth to the inner workings of the Marvel universe."
180,For a long while Doctor Strange works both sides of the spiritual street with spectacular success. Then the film becomes what it was sending up so delightfully.
181,Marvel's Doctor Strange is as surreal and psychedelic as a blockbuster movie is likely to get -- and is the best introduction to a new superhero Marvel Studios has ever created.
182,An extremely entertaining and sure-footed adaptation that manages to conjure more than enough magic to easily pass its spell check.
183,"Even with the fate of the entire universe at stake, Derrickson keeps the tone appealingly light and jokey, and Cumberbatch's Strange isn't so cynical that he can't thrill at discovering his spectacular capabilities ..."
184,"It's a mostly successful and visually dazzling introduction for the wizard, who fits in comfortably with the ongoing brand name world-building, making him a welcomingly oddball avenger."
185,There are some genuinely stupendous action sequences here.
186,Is this film enjoyable? Yes. Is it the kind of film you can fall in love with? No.
187,"McAdams costars as Strange's fellow surgeon and former lover, and her lively scenes with Cumberbatch are worth all the digital effects and then some."
188,The worst thing you can say about Doctor Strange is that it doesn't aim high enough.
189,Doctor Strange is Marvel's most visually splendiferous movie yet.
190,"Defiantly not your everyday Avengers movie, Doctor Strange instead inhabits the same franchise universe with an outr panache."
191,Playful and distinctive enough to throw a wrench into the grinding gears of the Marvel assembly line.
192,"As a Christian allegory, director Scott Derrickson's entry into the Marvel Cinematic Universe is impressively thorough...As a movie, it's silly, sloppy, and spectacular."
193,Doctor Strange tells a standard tale with just enough cleverness to keep the viewer interested.
194,"The mystical settings that this ""sorcerer supreme"" navigates make for exhilarating sensory overload, powerfully expanding on classic visuals from pioneering Marvel artist Steve Ditko. The upshot: The movie develops a distinctively trippy identity."
195,Cumberbatch grounds the material even while levitating.
196,"Not strange enough; it has plenty of CGI magic effects, but lacks the cinematic magic that would set it apart from the other franchises in Marvel's increasingly crowded stable."
197,"All in all, ""Doctor Strange"" is a fun and trippy excursion to a place where Marvel rarely seems to go: that is, to the retinal roots of the comics."
198,"It is, indeed, strange - and that's a good thing."
199,Doctor Strange rules the Marvel Universe. A fully realized character with dimensions. Bravo to the thousands who created the astonishing visuals.
200,"With a mischievous, metaphysical flourish, ""Doctor Strange"" administers some much-needed CPR to the flagging superhero genre."
201,"In the matter of ""Dr. Strange,"" two words: Big. Fun."
202,"'Doctor Strange' is another winning entry for Marvel. It will not disappoint fans, and those not familiar with the comic book or the character also will find the movie vastly entertaining."
203,This is as good as popcorn entertainment gets.
204,"Doctor Strange likes to think it's adding a new dimension to the Marvel Cinematic Universe, but in truth it's the same Marvel story from a slightly different perspective."
205,"Doctor Strange never strays too far from the tried-and-true Marvel formula, but it's not afraid to get a little weird either."
206,"No doubt there will be many who enjoy Doctor Strange simply because there's a plethora of action, but for those looking for the satisfying narrative foundation that these films are usually set upon, unfortunately you'll find it just a little lacking."
207,"While I'm tired of the wretched tyranny of comic book flicks, I admit I liked Cumberbatch's picture. For the most part."
208,"Eyeball-popping, jaw-dropping, kaleidoscopic, head-tripping---a rollicking adventure with crisp wit, strong characters and visually impressive razzle-dazzle."
209,"So visually transfixing, so beautiful and nimble that you may even briefly forget the brand."
210,Cumberbatch wears that Strange cape well.
211,Entertaining and enjoyable even when it's formulaic and a bit underwhelming.
212,"""Doctor Strange"" is fine, but it's as transient and unmemorable as a dream."
213,Shows Marvel have mastered the art of the C+ despite getting wonderfully weird at times.
214,The first time in a while that a Marvel Cinematic Universe(TM) movie has offered anything new to look at or think about.
215,Marvel is getting increasingly good at delivering great movies based on material that shouldn't really work on film.
216,"At least the movie takes awhile before it goes into full tilt action, and even when it does, it never completely loses itself or its central character."
217,"None of it makes any sense, but logic is the last thing any of the minds attracted to this kind of junk want or expect."
218,"""Doctor Strange"" looks and feels almost nothing like the previous 13 films in the Marvel Cinematic Universe or any other comic book movie."
219,"No affinity for superheroes or familiarity with Marvel mythology is required to enjoy the visual spectacle that is Doctor Strange. Being open to mysticism and the possibility of parallel dimensions might help, though."
220,"Those reality-warping effects offer a tantalizing glimpse at how superhero movies could embrace the visual wealth of comics. If only its story, a retread of Iron Man, was as creative as the action scenes."
221,"Watching ""Doctor Strange"" is a bit like ordering pad thai at Applebee's: It's different than the usual, but still kind of bland."
222,"Defiantly old-school -- not the cozy, apple-scented nostalgia of the first Captain America film, but that cold, back-of-the-library whiff of eraser nubs and mold."
223,"For a non-fan just reviewing a movie, it is, as I said, noisy and entertaining."
224,"although ""Doctor Strange"" is often a 'been here, done that' experience, this origin story is still worthwhile because of the high pedigree of its casting and special effects."
225,The multi-dimensional magic of DOCTOR STRANGE's universe changes all the rules for superhero movies. It breaks from formula and leaves room for innovation and play.
226,"Like Strange's ""mirror-verse,"" where sorcerers cast spells...without impacting our physical realm, his comic-book vehicle delivers bursts of wonder with little lasting effect."
227,"The 14th installment in the ever-expanding MCU is the first to really exploit the possibilities of CGI -- to use state-of-the-art technology to its full, jaw-dropping advantage."
228,"Thanks in part to its charming cast, and despite its serious intentions, Doctor Strange is a pleasantly silly film, with plenty of humor hiding amid all the reality-distorting special effects and high-flying action."
229,"This film set the bar very high for superhero movies, something Marvel does with seeming ease."
230,"Director Scott Derrickson and his co-writer, C. Robert Cargill, keep Doctor Strange balanced, just barely, between trippy psychedelia and plain incoherence."
231,"Derrickson's use of computer-generated action is a strength instead of a strain, and it's not just showing off; in the context of the film, the bizarre images make sense."
232,You know you're in a top-drawer Marvel Comics adaptation when even the Stan Lee cameo is clever.
233,Perhaps we might say simply that Derrickson has made a bona fide movie at a time when Marvel is only doing installments.
234,"Once Doctor Strange is paired with his scene-stealing magic cape, Cumberbatch's character literally and figuratively takes flight."
235,"With one of Marvel's most indie-scene, idiosyncratic casts and co-writer/director Scott Derrickson managing to keep the wilder, trippier aspects of the plot under control (mostly), this is certainly more fun than another Iron Man adventure"
236,"Nobody is having much fun here. Well, except for Doctor Strange's devilish Cloak of Levitation."
237,"For all of its wondrous world-building and trippy effects, Doctor Strange isn't the evolutionary step forward for Marvel that it needs to be storytelling-wise."
238,"Doctor Strange looks at urban architecture through a twisting digital kaleidoscope, next-stepping from Inception to an M.C. Escher-esque action aesthetic that amounts to three-dimensional chess."
239,Nothing that Marvel Studios has produced can compare to the visual splendor of Scott Derrickson's Doctor Strange.
240,"When ""Doctor Strange"" is cooking, which is mostly in its fairly breathless second half, it keeps throwing clever and goofy set piece ideas at you."
241,Mashes up the metaphysical elements of Inception and The Matrix with a bit of superhero hocus-pocus.
242,Franchise Fred approves.
243,"Like a cross between later Harry Potter and 2001: A Space Odyssey, it might baffle younger children, but works very well on most levels."
244,"It's a lot of fun, and commendably mind-bending."
245,"Humorously quirky and visually spellbinding, Doctor Strange ranks as one of the best executed Marvel Comics movies, up there with Iron Man, Spider-Man 2 and The Avengers."
246,"Doctor Strange once again proves that when it comes to superhero movies, Marvel has its finger firmly on the pulse."
247,"Doctor Strange really does show you a few new things, or at least familiar things in a clever new way."
248,Doctor Strange fulfills the requirements of a Marvel origin story while feeling wonderfully unencumbered by any of the franchise maintenance that handicapped Avengers: Age Of Ultron and Ant-Man.
249,"Any other actor in a high-collared burgundy cape and goatee would risk looking like a lounge magician. But Benedict Cumberbatch is so unmannered, so smart, so playful, he makes the title character...one of the best Marvel movie superheroes yet."
250,"Even when the movie gets massively visual, it never gets away from the central strength of Cumberbatch's performance. That's not easy to do, but accomplishing the task is why Doctor Strange is pure Marvel magic."
251,"The film is a strangely bizarre and brilliant departure from what we usually see from Marvel, and that's why I adored it."
252,"While very much an origins flick, this ambitious kickoff is also, happily, a movie that wows while it makes us wonder."
253,"Ultimately, Doctor Strange isn't so much bad as it is difficult to justify."
254,"It is visually stunning and makes excellent use of 3D, which feels less like a gimmick and more like a vital part of experiencing the film as it's supposed to be."
255,Doctor Strange perfectly balances its commitment to the bizarre comic book stories from which it springs with the familiar tropes of the origin story.
256,"This is by far the trippiest, most psychedelic Marvel film yet."
257,"...entertains, but never haunts."
258,A film of the medical version of Tony Stark that was more enjoyable than I expected. [Full review in Spanish]
259,Stunning visuals go a long way towards enlivening this largely unexceptional superhero origin story.
260,"It's fun to have new version of an old Marvel favorite, and a storyline which adds some genuine mysticism to this ever-expanding franchise."
261,The strangest thing about [Marvel's] latest feature is that all of these characters come across utterly bored with their vocations.
262,"Whenever the action threatens to get samey or the spectacle verges on the monotonous, the film can rely on Cumberbatch's sense of fun to tide it over."
263,"Doctor Strange gets in, tells its story, thrills you, makes you laugh, and then gets out before you get a chance to get sick of it. No stretching, no padding, no wasted space."
264,"The film feels more programmed than written, more pre-visualised than directed."
265,Cumberbatch makes the least immediately likable of the Marvel heroes into the most unpredictable and intriguing.
266,'Dr. Strange' is the first Marvel movie to tell the reality-based version of where superpowers come from. Science takes human supernormal abilities seriously now-exciting stuff.
267,An unconventional film with a good soundtrack and lots of digital effects filled with madness. [Full review in Spanish]
268,"The VFX are the best I've seen in any Marvel movie, ever. If you do see Doctor Strange -- and you really ought to -- I recommend seeing it at IMAX."
269,"Despite focusing on one of the company's less famous and more bizarre characters, it is all too familiar for a film with 'Strange' in the title. Still, none of that stops it being thoroughly enjoyable."
270,"This doctor, it seems, has a cure for superhero fatigue."
271,"The film's otherworldly quality and excellent comedic moments brings to mind Guardians Of The Galaxy in terms of its inventiveness, bringing us a fresher, stranger (I'm sorry. It's right there!) version of the Marvel films we know and love."
272,"Doctor Strange, the 14th film in the franchise based on Marvel comic books, is one of the funniest of recent times, lifted beyond the ordinary world, as befits the story, by a superb cast that includes Benedict Cumberbatch in the title role."
273,"Cumberbatch is magnetic as egotistical neurosurgeon Stephen Strange, who, seeking to reverse the disastrous effects of a car accident, is plunged into a trippy Neverland of parallel dimensions and cosmic conflict."
274,"Yes, Doctor Strange will change the tone of Marvel movies going forward, and that's a very good thing."
275,"Doctor Strange could descend into a clutch of clichs, but director/writer Scott Derrickson has injected plenty of wit. The visuals, especially in the modern-world sequences, are stunning."
276,"Spectacle is as important a character to the Marvel Cinematic Universe as its caped crusaders, and never before has this proved such a significant truth."
277,"Perhaps it's just that there's a little too much Marvel Studios in Doctor Strange, when the strongest thing about the film are the filmmakers hired to bring it to life."
278,We are facing a visually unique film that will fuse Marvel's mystical and galactic sides together. [Full review in Spanish]
279,"Not even a sorcerer as powerful as Dr. Strange is able to break Marvel's spell, which continues with the same kind of villains and weak female counterparts. [Full review in Spanish]"
280,"It's not all that strange, but it's restlessly arresting and always technically impressive. Unlike most studio franchise fantasies, Doctor Strange rewards the eye rather than assaults it."
281,"MCU has been raising the bar on what audiences should demand from superhero spectacle. But sometimes, even they can't clear it."
282,"If Iron Man was Marvel's infancy and Guardians Of The Galaxy the awkward teenage years, Doctor Strange, teamed with Deadpool and Civil War, shows a company growing into adulthood with its audience. The result is an absolute joy."
283,The screenwriters gorge on pseudo philosophical pep talk as if it were white powder at an LA pool party.
284,"Visually, this is Inception dialled up to eleven, a world-bending, shape-shifting and time-distorting Escher painting filled with heroes and villains duelling over the possibility of immortality."
285,Surprisingly funny and arguably [Marvel's] most audacious film to date.
286,"With a charismatic lead and almost infinite potential for future set pieces, it's nice to think that we could have another blockbusting dynamo on our hands."
287,"Yes the overarching plot is a familiar one and some of the A-list supporting players get precious little to chew on (Mads Mikkelsen is particularly short-changed as the Darth Vader-like Kaecilius), but Doc Strange does the job and then some."
288,Like previous expository Marvel films much of Doctor Strange is devoted to Cumberbatch acquainting himself with his new powers. But the film's visual mindbending is what sets it apart from the studio's past releases.
289,Mostly ... this is a weird and witty breath of fresh air- and as a bonus it also finds a neat solution to the excessive third-act destruction of The Avengers/Captain America films without stinting on spectacle.
290,Forget all you know or think you know about the Marvel Cinematic Universe. ... Derrickson has blown the glitter dust off one of its second-string superheroes and provided him with a barnstorming origin story ...
291,Doctor Strange is mostly a blast.
292,Doctor Strange does have the good sense not to take itself too seriously and there is a welcome sense of humour running through it with a string of witty asides from Cumberbatch.
293,Doctor Strange boasts the most mind-bending visual effects I've ever seen...
294,"It's imperfect, but it's enjoyable, and it sure looks good."
295,"[A] masterpiece of comic book cinema... part Iron Man, part The Matrix, part The Conjuring, and part Harry Potter [with] a dash of Inception, a pinch of Nightmare on Elm Street, [and] a hint of Hero..."
296,The actors are skilled enough to make us intensely curious about their back stories and for us to accept some of their more preposterous lines of dialogue.
297,"Doctor Strange is all about the razzle-dazzle, where spectacle elements are good enough to save a more clunky, weightless Marvel origin story."
298,Don't let the goatee fool you - this is no Iron Man.
299,Doctor Strange will obliterate your expectations. It is an enormously entertaining film; a rousing cinematic adventure loaded with stunning visual effects.
300,"With mystical exposition and cod philosophising growing by the minute, our senses are gratefully rescued by flashy fits of special effects."
301,Busy with CGI to hide the emptiness where the emotional core should be. Even the mechanics of getting a man from mere mortal to demigod-in-a-cape are rote.
302,"Marvel Studios is becoming increasingly like Evel Knievel - with every successful stunt it lands, it makes the next one bigger and more difficult."
303,"With viewer (and creative) fatigue setting in, to whom can Marvel Studios turn to for re-invigoration? A cocky doctor with mystical, mind-expanding powers and even more mystical facial hair? Sure, that'll kill two hours."
304,It is not often creative ambition and actual execution rise together to such atmospheric heights.
305,It becomes clear why Cumberbatch was sought for the part. He is perhaps the most gifted of the Marvel recruits... His only equal in acting facility is Iron Man's Robert Downey Jr.
306,"However, it achieves a flavor of its own; it feels like its own unique superheroic proposition, and that's impressive in its own right. Frankly, I'd take this spiffy red cape over Clark Kent's any day of the week."
307,"It(TM)s exciting, entertaining, goofy, and fun..."
308,"Mind-bending effects, jaw-gaping action sequences and a cast with pedigree enable Marvel's Doctor Strange to soar through its many dimensions & parallel universes to a cinematic 3D Shangri-la."
309,"The engrossing 3D visuals are superbly conceived, like Inception times 1,000, as buildings start to fold in on themselves, kaleidoscope-style."
310,"The film is in some ways a triumph, but as a whole lacks the cohesion and charm of some of Marvel's other comic book adaptations."
311,Nimble dialogue and a constellation of capable - if mostly whitewashed - stars ensure this is a rather livelier creation than this year's Captain America: Civil War.
312,Doctor Strange isn't as Marvel-ous as fans would like but it sets up nicely for a promising sequel.
313,"Weaponised by dynamic scripting, the A-class cast sell the concoction well."
314,"Grounds its outrageousness with an undercurrent of knowing sarcasm, much like its winning star."
315,"At long last - a light, funny superhero movie that embraces the fantasy aspects of the genre in both its story and form."
316,"Like Inception mashed with M.C. Escher: the richly imaginative visual design is endlessly entertaining in its depiction of astral planes, mirror dimensions and multiverses."
317,Marvel has known how to introduce a new character and significantly expand the universe in a very effective way. [Full review in Spanish]
318,"A film with amazing visuals, a modest script and a wonderful cast. [Full review in Spanish]"
319,"A purely fantastic film that reaffirms Marvel's ability to reformulate itself, maintaining an organic base for all its projects. [Full review in Spanish]"
320,Two hours of Strange being confused at the ins and outs of the Astral Plane would have been just as satisfying as the actual film. This is the new VFX bar to reach.
321,"A bizarre and beautiful detour on the Marvel journey, which culminates in a mind-bending, expectation-inverting final act."
322,The smart script and trio of clever British thespians do their best to puncture any pomposity and there are some nice throw away lines about funny teas and wifi passwords. And yet...
323,"Thankfully, amid all the film's wacky-trippy bending of space and time, [Cumberbatch] manages to steer an ideal path -- taking the role seriously but allowing himself to be flummoxed by it, wittily traumatised and taken off-guard."
324,"Director Scott Derrickson creates a cinematic experience straight from the comic books, an incredible feat that needs to be seen on the big screen."
325,"Happily, it's [Marvel 's] most impressive visual film yet."
326,Doctor Strange is thrilling in the way a lot of other Marvel movies are. But what makes it unique is that it's also heady in a way most Marvel movies don't dare to be.
327,"At its best it's a consciousness-expanding head trip of fantastic proportions, and at its worst it's merely an entertaining superhero movie."
328,"When you add the unique visuals that a character like this can facilitate, it makes Doctor Strange one of the more interesting entries in Hollywood's 600-lb. gorilla of a franchise."
329,Doctor Strange is a psychedelic extravaganza that's sure to spin heads with its trippy effects and tongue-and-cheek wit.
330,"It's a tremendously engaging and likeable superhero ride, in which the classiest of casts show they know exactly where to take it seriously - and where to inject the fun."
331,"The visuals are worth the price of admission, but this is as generic and by-the-numbers an origin story as the MCU has ever made. It's better than 'Green Lantern,' but it will remind you of 'Green Lantern'."
332,Fantastic and brilliant! The effects will blow your mind!
333,"Cumberbatch fits Doctor Strange like a pair of snap-tight surgical gloves, in yet another MCU triumph. Beautifully designed, brilliantly executed."
334,"Derrickson promised this would be 'weird and wild', and so it is - at least within the context of a major Hollywood blockbuster."
335,Doctor Strange is a movie very much built up of other movies yet it still manages to keep its own identity.
336,"""At times it will leave you in awe of what you're watching unfold in front of your eyes."""
337,"There are certainly shades of Iron Man and Thor, but what the film brings to the table to balance out its familiar elements is some of the most bombastic, exciting and beautiful action sequences we've seen in modern blockbusters."
338,"Entertaining in its grand flourishes but spottier when it comes to character work and thematic coherence, the film boasts a slightly darker and more mystical air than its peers, accentuated by some of the most arresting set pieces in the MCU canon."
339,"The acting, the visual fireworks and Michael Giacchino's distinctive, Eastern-influenced score all go a long way toward disguising the fact that we are once again watching an origin story, and one that seems even a bit more perfunctory than usual."
