,text
0,"Gal Gadot's Wonder Woman got the tone right last time, which suggested things were looking up. But without director Patty Jenkins around, she's subject to the dismissive male gaze for which Hollywood's long been criticized."
1,"There's some welcome levity, some genuine conversation (as when Bats and Diana share a drink), and a few moments that feel like really good comic book panels (especially mid-credits). For some, that may be enough."
2,"A pointless flail of expensive (yet, somehow, cheap-looking) CGI that no amount of tacked-on quips, or even Gadot's luminescent star power, can rescue."
3,Even the strength of Superman couldn't turn this ship all the way around.
4,A C-grade B-movie wherein all involved fully satisfy their contractual obligations.
5,"Everyone involved in making ""Justice League,"" and everyone who will eventually see it, deserved something better than this."
6,"Justice League has a few decent moments and character interactions, but a scattershot tone, an odd structure, and a boring villain make it entirely mediocre and forgettable as a whole."
7,Wonder Woman is by far the best part of Justice League! Others are annoying and forgettable and the plot is meh. But that end credit scene makes it worth a watch!
8,The first half of the film certainly suffers from a lifelessness and sombreness but it improves significantly both in tone and pacing once the team are brought together.
9,This movie is kind of a big nothing to me...It's fine. Whatever. Leave me out of it.
10,"Together, they combine their powers to make a movie that's objectively terrible, and yet also kinda fun. Yay teamwork!"
11,I can't deny that when I saw Superman fighting for truth and justice it made me really happy.
12,"Moments of brevity are a welcome distraction, but the film's biggest laughs come at its own expense."
13,"Ezra Miller and Wonder Woman can only do so much to save a film of stilted dialogue, bad direction, inexplicable angles and a plot that quite frankly is boring."
14,"Justice League is actually ... not bad. It's far from great, with plenty of flaws; it's tonally inconsistent with a muddy narrative flow and some aesthetically questionable effects work. Even so, it feels like it might be a step in the right direction."
15,"It's the funniest DC movie, with my favorite Superman in action moment on film maybe ever, and paints an exciting way forward for the entries that will follow in its wake."
16,"It leaves the viewer to grope their way through confused plotting, kludgy exposition, and half-baked characterization."
17,Failure-by-committee.
18,"It carries a more optimistic tone than other DCEU movies, Wonder Woman aside. It's infinitely lighter and funnier."
19,"Superhero films are no longer just superhero films-they are comedies, fantasies, heist films, spy films, hybrids of genres that work to keep the audience invested in a box-office flooded with men in capes. Justice League is just a superhero film."
20,"Sadly, the first serving of Justice ended up being more like a buffet no one ordered."
21,"When 'it's not that bad' is a sign of quality, it's time for DC to do better."
22,I think it's safe to say releasing Zack Snyder's Cut of this film will give audiences the better product
23,The creation of the great superhero team of DC Comics in the screen it's exciting but not amazing. [Full review in Spanish]
24,"Like visiting a sample booth at the grocery ... a few good bites, for sure, but the ... experience comes from a stilted awkwardness that kills any comfort the food could bring."
25,"Superman's fake CGI mouth is as an apt analogy of Justice League as a whole, a patchwork of scenes and images from a storyline which is at-once simplistic and convoluted. Very little about this film...feels grounded in any sense of reality."
26,These great characters deserved much better than this.
27,Two solid hours of comic book cringe.
28,"[Justice League] fails to coalesce into a strong, fully-engaging story worthy of this decades-old [comic] series."
29,"Justice League, more than any of the other films with Superman, feels like a superhero story. There are jokes and camaraderie between the characters and despite incredibly high stakes, it sheds the grim and gritty affectation that has plagued the DCEU."
30,Justice League often feels weighed down and bloated as it constantly jumps from subplot to subplot in its attempts for fan-service and sequel building.
31,"I felt the pained sense of a blockbuster built by a committee, none of whom really knew what to do with this film."
32,All glitz and glam and style with very little substance running underneath.
33,It's alarming that millions of people are watching-and internalizing-this display of toxic masculinity.
34,"Its biggest crime is being a bit too safe from a storytelling perspective, however it does its main characters justice (pun sort of intended) and that counts for a lot."
35,A vision of DC Comics' premiere super-team that feels just as iconic as the one that's existed in comic books and animation for nearly six decades now.
36,"Nowhere near as bad as Batman V Superman was, but also a thousand times less interesting; scaling back and cutting out the bizarre gonzo bad decisions that characterized its predecessor but keeping all the boring corporate Hollywood bad decisions."
37,"Justice League, seemingly a continuation of Batman v Superman, a third film in this trilogy, is jarringly hollow in comparison."
38,"While it makes a clear effort to please the fans and the studio at the same time, it ultimately defaults to siding with the latter, and the film is worse off for it."
39,Justice League isn't the epic failure like some of its predecessors but it's certainly by no means a good movie.
40,It's fair to say that the DC Comics Extended Universe has had a rocky road on its way to the big screen.
41,"I cannot in good conscience tell you to spend money on this film, which feels inferior to anything Marvel has put out this year and like a step backward from the surprisingly excellent ""Wonder Woman."""
42,"It mostly strikes the right notes this time, sending this franchise into a promising direction."
43,'Justice League' is both a dream come true and a horrible nightmare you'll want to wake up from.
44,"Justice League isn't a roaring success, but it's consistently watchable, playing to its strengths with Wonder Woman and the Flash, and rehabilitating some faux pas of the past."
45,"It's not all spotless due to the CGI and clear occasions where the [Joss] Whedon touch trounces [Zack] Snyder's, but in the end the gears do come together."
46,"Sheds the bleak for brighter colors, bigger laughs and strong ensemble chemistry despite the atrocious CG and its forgettable video game boss villain."
47,Justice League overcomes clunky CGI to deliver an entertaining league of heroes fans can be proud of.
48,This isn't a culmination. It's a fortuitously convenient rendezvous promising more interesting plots to come.
49,"This movie is not ready for prime time, and DC should be ashamed of themselves for letting their wind from Wonder Woman completely escape."
50,"... but unlike its heroes that make up the titular group, Justice League crumbles under the weight on its shoulders."
51,Makes a 180 turn by the second act and becomes an entertaining ensemble superhero movie that proves the DCEU may still have some fuel in its tank.
52,The Avengers worked because everyone already had a movie...I think DC's scrambling.
53,"A film that's even more fun than ""Wonder Woman,"" if not quite as good."
54,"Ultimately, Justice League had some good moments and largely feels more positive and hopeful than its predecessors (the exception being Wonder Woman, of course)."
55,"Justice League is not entirely without light, however -- there are flashes of humor and wonder."
56,The biggest problem I have with Justice League is that it never shows us what we are fighting for.
57,"The DC Universe has been out-of-step since the beginning, and not even Wonder Woman can rise above this dreck."
58,"Despite its problems, I must say I enjoyed my experience with Justice League. If not for the sheer epic event of seeing these characters interact, I'd say it would be a film you can catch on cable. I'll say see it in the cinema only,"
59,"A turgid film that thinks it's more important than it really is bringing together characters that haven't been given much in the way of individual support so far, making them feel tacked-on."
60,In terms of the narrative of the film -- that feels awfully paint-by-numbers.
61,"As you might imagine, it's the bonding between the super heroes, especially the light banter, that makes this film an upbeat and rather pleasant experience."
62,"With its sub-par writing, undeveloped characters, and tedious action sequences, Justice League is an incredibly misguided attempt to throw together several iconic DC superheroes that results in a dreary and monotonous mess."
63,"On a scale of Suicide Squad to Wonder Woman, Justice League falls somewhere in the middle - not quite terrible but not exactly thrilling, either."
64,"Although these characters are far from the heroes known through comics and cartoons, producers have understood that sometimes less is better. [Full review in Spanish]"
65,Ben Affleck must definitely be the worst Batman in history. [Full Review in Spanish]
66,The performances are lacking. [Full Review in Spanish]
67,The villain is meh. The plot is meh.
68,"It's so middle of the road, it may as well be the James Blunt of superhero movies."
69,"But they're not enough to overcome the aforementioned Snyder-isms or the endless reminders that Earth has ""lost hope"" since the big blue schoolboy bought the farm."
70,it makes for a reasonable amount of fun in its own right... enough to put a gentle smile on your face and look towards future movies with a little more hope.
71,"It's the end of the world, and we sure do know it, but in this umpteenth version of the apocalypse, I am dying from ennui."
72,"It's an experience...the point of all of this is to see your heroes together. In the end, Justice League was a very good time for me, though it wasn't perfect."
73,Steppenwolf is not the most exciting villian. He's a very cookie cutter comic book villian.
74,Zack Snyder finally hits rock bottom with this absolutely interminable trainwreck of a blockbuster...
75,"""Justice League"" is a mutant."
76,... now it's just about how bad / not so bad the final product was. [Full review in Spanish]
77,Inside the film there are two visions that collide and rarely complement each other. [Full review in Spanish]
78,"Ultimately, what in theory could've been the superhero epic to end all superhero epics ends up having all the impact of an average episode of a live-action Justice League TV show."
79,It's a blast to behold.
80,"With its screenplay by Chris Terrio and Joss Whedon, Justice League is a good balance of light and dark."
81,"It's just a repetitive, goofy smash-a-thon that lacks the character development that made Wonder Woman so great (also a vastly better film)."
82,"More of the same as the DC Comics superhero empire tries matching its rival Marvel's Avengers franchise with its own super-team. The results are loud, flashy and all too under-whelming for being oh-so familiar"
83,"It's better than average, but 'Justice League' is no marvel."
84,"pretty much exactly what you would expect the follow-up to Batman v. Superman: Dawn of Justice (2015) to be, except a good half hour shorter, which is perhaps its greatest quality"
85,"Is it an improvement from Batman v Superman: Dawn of Justice? Absolutely, but the same flaws persist, including new ones. Thankfully, the Justice League themselves are a fun bunch to be around,"
86,"Full of action and some much needed humor, ""Justice League"" is an entertaining two-hour roller coaster ride"
87,"For all the fracas, this is a curiously inert piece of action filmmaking. The dialogue borders on the cheesy with intermittent leaps headlong into the cheddar."
88,The gritty nature of the world of DC is worth the price of admission.
89,All of Snyder's DC films - Justice League included - seem more concerned with the repercussions of actions than with the actions themselves.
90,"Ultimately, all this makes Justice League the superhero movie some fans feel they deserve but not the one other fans needed-especially fans who prefer their tales to grow with them."
91,"It's an even messier saga than Dawn of Justice, with a tiresome and whiskery macguffin in which three magic boxes must be brought together for evil, then prised apart for good."
92,... the Justice League works in an acceptable manner as that highly anticipated reunion of the great DC heroes... [Full review in Spanish]
93,Not even all of Batman's money is able to save this disaster from collapsing. [Full Review in Spanish]
94,"A hasty, disjointed assemblage of two conflicting visions; a bad movie fused to a different bad movie."
95,"Where ""Man of Steel"" and ""BvS"" were like root canals, and ""Suicide Squad"" a brick in the face, and ""Wonder Woman"" a sweet, sweet rainbow, ""Justice League"" is merely a squandering of time and talent."
96,"Man, oh man, does this movie look bad."
97,"The most impressively, faultlessly mediocre and boring and pointless A-list superhero film going back through the nearly 40 years of modern superhero films."
98,"Justice League should be seen as a step forward for the DCEU. The two hours runtime makes it flow better, and the level of entertainment is high enough as to ignore its faults. [Full review in Spanish]"
99,"Given the generic state of the plot and how uninteresting the characters are, Justice League wasn't worth the trouble."
100,... this engaging-even endearing-superhero movie in its brisk two hours is faster and funnier than both Man of Steel and the would-be opera of what could be called Batman v Superman: The Dawn of Superman's Funeral.
101,"The characters save the film from being a complete and utter disaster, but they alone can't save it from being a mild disaster."
102,Justice League does not achieve the impact that other films of its style have reached. [Full Review in Spanish]
103,"More relatable than its predecessor but no more spell-binding, Justice League races through its paces and ends: four hours of exposition and posturing stuffed in a two-hour package."
104,"Enough of the pic works, even considering its various issues, to earn a recommendation. (Full Content Review for Parents - Violence, Profanity, Suggestive Material, etc. - also Available)"
105,"Here, battles boil down to one big punch-up: bad guy pounds good guy, good guy pounds back, and so on. Rawr."
106,"When Justice League mocks and kids itself, and the whole genre, it's way more effective than when it reaches for grandiosity and pathos."
107,"Much more epic, entertaining and fun than could have been anticipated. [Full Review in Spanish]"
108,"D.C. Comics superhero movies have lagged far behind the success and quality of Marvel superhero movies in recent years. Now, D.C. is catching up in terms of replicating the Marvel formula with 'Wonder Woman' and 'Justice League.'"
109,"Perhaps the new Superman is closer to what the fans wanted. But he doesn't really feel like a character anymore. He, like the rest of his movie, feels like a focus group-approved concept."
110,"The characterisation is a bit lacking in places, and the Big Bad Guy feels a tad bland, but it finally feels like the DCEU knows where it is going. Good fun."
111,"It still achieves its two aims - improving upon Batman v Superman, and leaving viewers intrigued for future Wonder Woman, Aquaman, The Flash and Cyborg outings - but does so in a thoroughly choppy and dull fashion."
112,"I did not have a bad time watching ""Justice League""... The problem is that it had the potential to be great, epic and exciting. [Full review in Spanish]"
113,"DC's superhero team-up dirge Justice League shambles into unnatural half-life with a message of apocalyptic doomsaying presented now without puke filters, so that it looks like a movie my mom watches on her television with the motion-smoothing turned on."
114,"Although it will not go unpunished for its flaws, Justice League is light years away from the disaster that were Batman v Superman: Dawn of Justice and the insufferable Suicide Squad. [Full review in Spanish]"
115,"Most days, ""it's not great but at least it's coherent"" would be a backhanded compliment; in this instance, it's high praise."
116,"The patchwork editing of this film matches the patchwork job Warner Bros is trying to do with the DCEU. While the result is a messy and ugly film, it successfully makes this super hero franchise finally fit right with the fans."
117,What counts is the injected spirit; Dionysian. [Full Review in Spanish]
118,"Compared to previous works, the result is that of a correct League, without many surprises. [Full Review in Spanish]"
119,The true villain of the film is the corporate nihilism that willed Justice League into existence.
120,"Although engaging in parts, Justice League is one big incoherent and loud mess that, unfortunately, has failed to utilise its undeniable superhero-star power in order to deliver an unforgettable cinematic experience that the fans have been waiting to see."
121,Justice League is just... good enough. Prepare yourself for tonal whiplash as the two directing styles battle it out.
122,It wasn't evil aliens that defeated the Justice League: it was facial hair.
123,"Justice League is flawed...but its flaws are outweighed by its superb direction, decent dialogue, and excellent casting, acting, score, visual effects, and editing."
124,"They say that in life there are no second chances, but the jokes, the good chemistry of their lineup and the easter eggs manage to save Justice League. [Full review in Spanish]"
125,"Justice League is fun, or at least tries to be, succeeding most of the time. [Full review in Spanish]"
126,"With 'Justice' clocking in at just under two hours, it becomes the shortest offering ever in DC's cinematic universe. That alone scores major points in this little corner of the planet."
127,"You can't save the world alone, and saving the DCEU might be even more of a challenge."
128,"You don't get points for being able to spot the difference between Snyder and Whedon shots, the overwrought, deep-shadowed splash-page compositions contrasted with garishly overlit three-camera sitcom blocking."
129,It's a fun-but-awkward mess of a movie that smacks of a missed opportunity.
130,"Like everything Snyder directs, it is an ungainly looking sludgefest of gloopy CGI and dull, dirt-hued backdrops cut with neon glare."
131,"It's let down by almost everything -- a poorly constructed script that rarely raises a smile, direction that slows the pace to a crawl at all the wrong moments, and the worst superhero villain since the Avengers' awful Ultron."
132,What unfolds is an adequate answer to Marvel's first Avengers film.
133,"Even with all its obvious imperfections, ""Justice League"" is kind of fun once it gets going."
134,"When Shakespeare wrote, 'It is a tale, told by an idiot, full of sound and fury signifying nothing,' he could have been summarizing this convergence of the DC Comic Universe."
135,Saved by the skin of its teeth and a few nifty edits.
136,"Ribbing wisecracks, courtesy of co-writer Joss Whedon, jar with director Zack Snyder's oppressive, dour approach to the source material."
137,"For whatever reason, the creative minds at Warner Bros. and DC seem to hit a wall of kryptonite when it comes to translating their comic-book heroes to the big screen."
138,"Beneath the synthetic sheen, bland musical cues and stock patter, there is nothing."
139,"A significant leap for the DCEU: from downright disastrous, to merely flawed."
140,"Justice League defaults to the problems that have plagued all the pre-Wonder Woman DCEU films, and while it offers more pleasures than its detractors would ever admit, it still qualifies as another disappointment from The House That Clark Built."
141,"Justice League lightens up the DCEU, so at least this time, there was some fun to be had."
142,"It's third out of five (films)... a bit of semi-forgettable popcorn-flick fun escapism and the promise of better things to come. You've got a good thing going here, DC... keep smiling - don't blow it."
143,"With a few exceptions thanks to The Flash and Aquaman, Justice League fails to surprise and delight - the action set pieces should be cooler and the humor funnier."
144,"Replace your skeptical lens with 3D glasses, and cheer along with your childhood heroes; Justice League is made for the fans, and if you're one, you'll have a lot of fun."
145,Justice League is just about the most drab and lacklustre superhero epic ever made.
146,What was supposed to be a superhero extravaganza from the DC universe feels instead like a sloppy remake of The Avengers.
147,"In the end, Justice League is an enjoyable fun, if severely flawed movie that is better than the first three entries in the DCEU, but falls short of Wonder Woman's heights."
148,Justice League. . . [is] one of those wondrous Zack Snyder extravaganzas that fulfill the aesthetic potential of comic-book graphics and achieves essential cinema kinetics.
149,"The cinematic equivalent of Trump and Brexit as awfulness brought upon ourselves. Incoherent and cheap-looking. There are no heroes, and everything is broken."
150,The good news is that Justice League is a big step up from Batman v Superman. The bad news is that it's also a big step down from Wonder Woman.
151,"There are interesting moments when the League becomes a unit, inspiring hope that with a sequel, the gang will find time to take on the real villain around here: the person in charge of visual continuity."
152,"It's not a bad movie, but it is far from super."
153,"More mediocrity from DC factory. Gadot and Miller bright spots, otherwise CGI slog and cookie-cutter villain."
154,"The contempt that Justice League has for its audience is open, unashamed, and matter-of-fact."
155,Feels very much like a movie made by committee rather than the fully realized version of a sole director. It's fun for what it is but also forgettable.
156,"The action is exciting at times but the outcomes are predictable. Indeed, this often has the feel of a set-up movie, one made to kick off a series."
157,"Snyder never lets the screen get too crowded at one time, and Justice League manages a nice balance of character and action that should make fans happy."
158,The movie has entertaining elements and enough superhero chemistry to keep the DC wheel spinning toward the next movie.
159,"Every one of the many, many sky-fights, mega-booms, and fantasy landscapes on display here seems to have been purchased at an FX fire sale back in the 1980s."
160,... a decided improvement over the previous two outings. But that's not saying much.
161,Perhaps there was no way for Justice League to purge the mistakes of movies past without sacrificing itself in the process.
162,"After the excellent Wonder Woman, DC plays it safe with a very familiar debut mission for their superhero tag team."
163,"Much of Justice League feels slightly disjointed, like the film isn't in sync with all its parts. There are some endearing scenes here and there, but the overall result still leaves much to be desired."
164,"Congratulations Ezra Miller, you almost singlehandedly saved the Justice League movie!"
165,"Now, we have a consistent tone throughout of the film, witty dialogue from the characters, a story that makes sense and every member of the Justice League has a distinguishable personality."
166,"Formulaic, but not an artistic failure. [Full Review in Spanish"
167,All-star superhero adventure is uneven but entertaining.
168,"That this setup feels both rushed and tedious is a shame, because these figures have potential to be genuinely interesting."
169,Justice League is first class entertainment. [Full Review in Spanish]
170,"It is not the worst movie this year, and it does get better towards the end. But a few smiles do not make up for the fails."
171,"Not only does this film pull back the thick funereal drapes and let in a bit of sunshine, it even offers a couple of warming sunsets to illuminate its crusaders in the basking glow of their heroism."
172,Finally. A D.C. comics movie with a sense of humor. Not even Affleck's boring Batman or Cavill's less than super Superman are able to ruin this one.
173,"The first three films in this series favored a gray, grimy look, in which the bright red and blue uniforms looked like they needed a wash. ""Justice League"" turns up the lights and brings back boldness and brightness."
174,"There's certainly more of a sense of humor this time around with these characters and, while the end result is just a notch above so-so, there at least is a ray of hope for DC moving into the future."
175,"If you're curious about the film but wary because of some Internet hate being spewed at it, don't let your reservations deter you from checking it out."
176,'It's better than 'Suicide Squad!' is not the review comic book fans crave.
177,"Justice League thankfully leaves the punishing, exhausting darkness of Batman v Superman: Dawn of Justice behind and goes for a looser, more humorous vibe."
178,Justice League is overstuffed and undercooked and features at least two too many new characters.
179,Justice League clears the spectacularly low bar set by Batman v Superman. Whether bare adequacy is a compelling reason to extend the franchise is another matter.
180,This efficient blockbuster dutifully serves up frenetic action-packed mayhem with a smattering of wisecracking irreverence but it feels awfully familiar and lacks the goofy fun of the recent Thor: Ragnarok.
181,"The filmisn't perfect, and with so many details and characters-bordering on the edge of clutter-is ripe for nit-picking. But on the whole I had a good time."
182,"Dark, brooding, forgettable mashup of DC comic book superheroes not only displays zero chemistry between any of them in this corporate shotgun wedding of prized characters, it also is just plain forgettable."
183,Warner Bros.'s bungling of the DC comics franchise continues to sting.
184,"An improvement over the dour idiocy of Batman v Superman: Dawn of Justice and the silliness of Suicide Squad. Incremental maybe, but still, an improvement."
185,"It is almost shocking how bad ""Justice League"" is. When your film makes the viewer long for the coherence and scope of 2015's ill-fated ""Fantastic Four,"" it is a sure sign something has perilously gone wrong."
186,"It has its moments, but it comes across as an Avengers>/i> wannabe with second-rank superheroes."
187,"For better or for worse, Justice League is the sum of all its predecessors' parts; as grand as Man of Steel, as murky as Batman v Superman, as messy as Suicide Squad, and as optimistic as Wonder Woman."
188,"Not all the candy-coloured bombast in the world can disguise the fact that Ben Affleck, the bulkiest and mopiest Batman of all time, clearly doesn't want to be here, triggering memories of the #SadAffleck meme. Ben, we feel your pain."
189,"A headache. A disorientating, nonsensical, hot mess barely tethered together by the digital blurs of DC Comics' heroes. These heroes appear to need saving from themselves."
190,The nicest thing to say about Justice League is that it won't give you a migraine.
191,"Unfortunately, the universe might not be extended enough to avoid it."
192,"Weary, joyless and stammering, Affleck's Batman acts more like a corporate recruiter than a caped crusader in this dull, CGI affair."
193,"... the film is a leaden, lugubrious mess that has a few engaging moments and performances that are often overwhelmed by noisy setpieces, a screenplay that only flirts with coherence..."
194,"It's a dismal set of circumstances, and there's plenty of director Zack Snyder's trademark moroseness and brooding. But there's lightness, too."
195,Justice League is not the finest film in the DC Extended Universe - that honour is likely going to belong to Wonder Woman for a while yet - but it's much more in line with an actual movie than the first three outings.
196,"Justice League is one of those superhero films that you can't help but cheer on. Those smiles and laughs by these heroes, as it turns out, are as contagious as their frowns."
197,"There are plenty of things to like, and about an equal number to dislike. But ultimately, its good things bumped up against the bad enough to leave me with hope and excitement for what's to come."
198,"Justice League is a sloppy team-up film that doesn't even take time to properly introduce pivotal members of its titular team, but when you're playing a dangerous (also ill-advised) game of catch up, these are the risks."
199,"To its detriment, Justice League constantly invites comparisons to the Marvel Cinematic Universe. If Snyder's latest inspires any passion, it will be among the tiresome, inevitable squabbling between DC vs. Marvel fanboys."
200,"Justice League isn't funny, because it still believes it has something important to show us. It doesn't."
201,"a weak, wonky mess with laugh out loud lines"
202,"When Justice League is good, it is fun and flashy and slick; when it is bad, it is maddeningly so because there are no excuses for its flaws."
203,The only person who truly understands the right way to play a comic book hero is Gadot.
204,"Justice League is fixing a lot. The fixes, though, don't make for a story that stands on its own merits."
205,"Just do one thing well, instead of trying to do six things adequately."
206,Justice League is discordant and incomprehensible at best.
207,"In its final form, the new DC adventure reflects its challenging production, but it does come closer than some of predecessors to giving its iconic stable of characters justice."
208,Tell me. Do you want to see the Justice League assemble and kick some major a**? You will.
209,We've seen bad DC movies and bad Marvel movies. But Justice League is something new: It's a bad DC movie and a bad Marvel movie at the same time.
210,Justice League is a crowd-pleaser only if you're part of a comics-obsessed crowd.
211,"Justice League begins and ends badly not only because of a loose script, very loose, but because the team is headed by a filmmaker of proven mediocrity: Zack Snyder (300, Sucker Punch, Batman vs. Superman). [Full review in Spanish]"
212,"The notion of Superman as a guiding ideal haunts these films...It's a vision [the filmmakers] recognize Superman is supposed to embody, but seem incapable of...actually realizing."
213,"Incoherent, lacking charisma ... [Full review in Spanish]"
214,"While the film is wildly uneven, it's entertainment value can't be ignored, featuring some very cool moments for the fanboys to enjoy."
215,'Justice League' is super-charged fun!
216,The movie is a clumsy steamer trunk of continuing story lines and returning stars .
217,"... Zack Snyder's film fulfills the task of entertaining an audience, but falls short of the high expectations demanded by a film where Batman, Wonder Woman, Superman, Flash and Aquaman are the protagonists. [Full review in Spanish]"
218,"""Justice League"" is pure formula. And without a sense of doom and danger, there's nothing but beefcake and banter."
219,"... ""superficially attractive but utterly redundant"" is a pretty good description of the entire film."
220,"This is an ODTAA (one damn thing after another) movie if ever there was one, and whether that's enough for you is a question only you can answer."
221,"It isn't nearly as much fun as The Avengers was, but it's not a total loss either, the way Batman vs. Superman was."
222,"At least when the heroes do get down to the business of battering bad guys, these shortcomings can be parked. The dust-up in Metropolis between the League and one familiar super-powered adversary is a doozy."
223,"Honestly, Justice League's main problem is that it's boring, and fails to convince me why I should care... beyond the fact that they are all famous cultural properties."
224,"Jason Momoa as Aquaman and Ezra Miller as Flash are bright spots in this fractured coming together of DC's heavy hitters, but the film takes so many happy pills it almost overdoses on them. Sometimes shadows need to fall to show us what to be scared of."
225,"From the corporate logo depicting the iconic superheroes to the supervillain's flying robot army to the post-credits sequence, Justice League takes its lead from The Avengers, and the comparison does not flatter the current film."
226,"As if watching listless characters exchange infantile monologues isn't bad enough, the ""villain of the week"" is a complete bore."
227,"As with the lamentable Suicide Squad, Justice League opts for action over substance, forgoing any depth and dropping in only token attempts at humour. It's essentially one long third act, which is as deafening as it is dull."
228,A film in which solid storytelling is neglected in favor of grandiose but ultimately empty special effects.
229,"If Batman v. Superman was the DC Comics film equivalent of dread and darkness, then Justice League is a look into the light, and it's all the better for its story of hope."
230,"While Justice League endeavors to save the world -- and plant the seeds to do so again -- this is the sort of film, given DC's track record, that should celebrate small victories where it can find them."
231,"All that said, Justice League still stands well enough on its own. It wobbles only because it's a movie -- a franchise -- at a crossroads."
232,"Proving Wonder Woman wasn't just a happy fluke, Justice League boom tubes onto the playing field to finally challenge Marvel Studios' comic book movie dominance."
233,"They finally got Superman right! It took two previous movies, but they got Superman right, and I'm so happy."
234,...imperfect but another clear step towards the DC Universe taking its rightful place as Marvel's equal.
235,"DCEU is floundering. It needs to find a bold new direction if it ever hopes to flap its wings, let alone compete with Marvel."
236,"Gone is the semi-pornographic depiction of muscles and male angst, and also missing is the grey-on-grey colour scheme."
237,"As formation movies go, this was hugely enjoyable and the ten-year-old me left the cinema looking forward to the next JL escapade."
238,It falls to Henry Cavill and Amy Adams to bring some semblance of humanity to the unlovely material. But it's not enough to save us from the balderdash.
239,"For all the money poured into Justice League, the effects have a slapdash, unfinished quality. Perhaps the talented FX people were too busy working on Thor."
240,"After the undeniable failure of last year's ""Batman v Superman,"" the question was whether a good movie could be built upon the foundation of a bad one? And after seeing ""Justice League,"" the answer is that it is possible only to make a better one."
241,"A depressing reminder that Wonder Woman was an anomaly, not the new normal. Busy and boring and oppressively computer generated, Justice League screams we're back to business as usual."
242,Justice League successfully ushers in a new era for DC Films and delivers lots of superhero fun - at the expense of a richer and more layered movie.
243,"""Justice League"" is a one-step-forwards-two-steps-back affair"
244,"Mediocrity, thy name is Justice League."
245,"With scenes careening into each other oblivious of momentum, tone or plot structure, it feels like a Frankenstein of a film."
246,"while it offers little new story-wise...and suffers from the same, sludgy CGI battles that marred the end of ""Wonder Woman,"" it's better than the film it picks up from and two of its three new characters are a lot of fun."
247,"If you can't do anything right, move so quickly that no one has time to notice."
248,"Justice League has just enough good to combat the bad, ultimately squeaking by on the promise that the next time will be even better."
249,"An empty mess, trying to please everyone; we suspect it will satisfy very few."
250,"I went into Justice League with high hopes but low expectations. It exceeded the expectations, but didn't rise to the level of the hopes."
251,"""Justice League"" has its moments (when asked what his superpower is, Batman replies, ""I'm rich."") but bottom line? It's no Thor."
252,A movie that sets up a bunch of other movies and ticks all its boxes with brightly colour-coded markers but takes no risks and delivers no thrills.
253,It's a sad day when superheroes fail to show you why they are so super.
254,It never does more than fulfill its minimum obligations.
255,"Fittingly for a film that follows directly on from Batman Vs Superman, it's an ugly mess."
256,"Justice League is fun, but in some ways a sadly missed opportunity."
257,"Even though its main villain is terrible, the heroes are well delineated and the pace keeps the movie entertaining. [Full review in Portuguese.]"
258,Justice League has jokes; that doesn't mean it's funny.
259,"The filmmaking is just slipshod, with action sequences that swing in and out of coherence and dialogue scenes framed for maximum awkwardness."
260,"Miller's weird, antiheroic Flash is one of the most refreshing breezes to blow through Justice League, making three years seem a long time to wait for the character's 2020 stand-alone film."
261,"What happens with the Justice League is perhaps a symptom of muscle fatigue, creativity and ideas. The plot is simple and the fights, simple. [Full review in Spanish]"
262,Years from now - or maybe even as you read this - filmmakers are going to use the DC Comics Extended Universe as a prime example of how not to build a movie franchise.
263,Works best when it's just letting this surrogate family bond over their mutual guilt and fears.
264,"A film that feels so contrived, vying desperately to inject a sense of effervescence, and yet feels so forced and tedious when doing so."
265,"If Justice League had come out in the late '90s, we'd still be hailing it as one of the best superhero films ever made."
266,"The next time these characters band together, perhaps they will do so with stronger backgrounds, a real sense of purpose, and a story that's more than a cobbled-together mess."
267,"The film is marginally better than last year's sour and dispiriting Batman v Superman: Dawn of Justice, but that's like saying that dental surgery is preferable to passing a kidney stone."
268,"The gang is all here as DC Comics finally brings together its brooding bigwigs for a lugubrious, deafening and occasionally (but only occasionally) enjoyable team-up."
269,A mixture of darkness and light with a certain sputter-y fizz that never quite builds into a full steam.
270,"When the film's tone slides so firmly back into the murk, it's hard not to see DC's notion of heroism as borderline nihilistic."
271,There's no getting round the fact that DC can't seem to get it together when it comes to expanding its iconic roster of superheroes into a coherent cinematic universe.
272,"It's always engaging, and whatever inconsistencies it has - and it has many - they're all connected through fine character work and a meaningful, unifying theme."
273,"Look, at this point you know what you're getting. It's a DC movie; it's loud and frenetic when it doesn't need to be, overstuffed with peripheral characters who don't matter and action sequences that barely register."
274,"Justice League is no magic carpet ride, no matter how hard it strives for multi-superhero awesomeness."
275,"But most of all, the fun came from the fact that these superheroes actually enjoyed working together and truly wanted to save the world."
276,Guys. THEY PUT AQUAMAN IN JEANS.
277,"A colossal, garish shambles that offers minor relief by being a smidgen less painful than Batman v Superman: Dawn of Justice."
278,"At least at two hours -- brief by modern superhero standards -- Justice League doesn't overstay its welcome. But like most all-star games, it's better as fantasy than it is reality. Level your expectations to the league minimum."
279,"The good news is Justice League is not as terrible as you feared. The bad news is it's still a bloated, disjointed affair that makes little sense and a hash of one of the coolest superheroes."
280,"The ""new and improved"" model looks claustrophobically like an over-priced TV pilot, and not in a good way. Say what you want about the tenets of brooding, art-school-fascist superhero worship, but at least it's an ethos."
281,"... Justice League is enjoyable, smart and interesting, with touches of humour, an almost overwhelmingly high-calibre cast, and plenty going on."
282,"The result is a horror show. A Frankenstein's monster of input and influence that knows not what to do, where to go or how to be."
283,"""The stench of your fear is making my soldiers hungry!"" Steppenwolf warns at one point, and we have to wonder: Are they trying to provide us all with wisecracks?"
284,Batman and Wonder Woman are the de facto leaders of the team but what Justice League does really well is give moviegoers a chance to get to know the new characters.
285,Watching Warner Bros. pump out superhero flick after superhero flick over the past four years has felt a little like watching your favorite Olympic figure skater with plenty of star potential flub one triple axel after another.
286,"The core team is good, with Affleck, Momoa and the newcomer Fisher putting in solid efforts. But... Gadot's portrayal of Wonder Woman -- robust, athletic and kind-hearted -- saves the day and makes Justice League a team worth following."
287,"For people who value these characters as symbols of truth, justice and the American way, Justice League never really feels like the start of something truly heroic."
288,People of Earth! Rejoice! The Justice League is here to save the day. Listen. Do you hear that? It's the sound of one hand clapping.
289,"The Justice League is not without fault, but the good outweighs the bad by a mile. The characters form a solid foundation for future greatness."
290,Overall Justice League is a fun action ride that gives us great introductions to new heroes and solid chemistry within the team.
291,Justice League is a thoroughly enjoyable unification of superheroes that moves at a thrilling pace.
292,"The DC machine has finally manufactured a product that actually tastes pretty good, even if still feels like a copy overall."
293,"There's a sense of laying the groundwork, with new characters to be introduced, new attitudes to establish, and a new team to bring to life. On those three counts, the film gets the job done."
294,"This must go down as the single stupidest, big-budget superhero motion picture ever unleashed upon an unsuspecting public by a major Hollywood studio."
295,[Justice League] occasionally finds its footing but often stumbles just at the moment it should soar.
296,"With the stakes as low as this, it should come as no surprise that Justice League stays locked in a groove that neither overwhelms nor underwhelms."
297,"A deflated Batman may have looked intriguing on the page. But on screen, he comes across as sleepy. Quick. To the Bat Cave. Fire up the Espresso machine, Alfred!"
298,"Another misshapen, boring franchise flick that may struggle to satisfy the studio, the filmmaker(s), and-most importantly-the audience"
299,"After the success of her own vehicle earlier this year, Gal Gadot's Wonder Woman is now reduced to rolling her eyes indulgently at jostling male colleagues."
300,"Justice League feels like a pilot episode -- it's half-formed, overstuffed, and narratively a chore -- but at least its gotten all those annoying introductions out of the way. And it only took five movies to get there."
301,"It's a putting-the-band-together origins movie, executed with great fun and energy."
302,"Justice League doesn't break the formula, but it has the cast, spectacle, and characters to be elevated abiding by it."
303,"Justice League adds wit, invention, color and warmth as it goes along, a strategy befitting a story about characters (and a world) waking up from emotional sleep and learning to take risks and care again."
304,"But the banter has a droopy, depressed air, as if the actors know they're coming from behind."
305,"Justice League thinks of itself as a massive event, a culture-rocking fusion of star-power and intellectual property. Instead, it's another bloated blockbuster with generic effects, stock action scenes and strained dialogue."
306,"Now it's time for another dour Zack Snyder DC Universe movie, so bring your long face."
307,"Well they did it, folks. DC made two movies in a row that don't suck. So... good for them. Well done."
308,...a cacophonous mess from start to finish.
309,Watching Justice League feels like looking at a photo in a wet magazine.
310,As grey and grim as its critically maligned predecessor Batman v Superman: Dawn of Justice.
311,"The standout is Momoa as Aquaman. Now THAT is a character I want to see more of, which is ironic since he has been the butt of media jokes for years."
312,"Any superhero movie worth its salt has to give us something to root against. A computer-generated bad guy stomping around looking for boxes doesn't cut it, even if he is voiced by the great Ciaran Hinds."
313,"The biggest sin a movie like this can commit is being boring. And bottom line: Justice League is seriously ho-hum, offering negligible thrills and some screamingly ridiculous plot twists."
314,"The story is a confusion of noise, visual clutter and murderous digital gnats, but every so often a glimmer of life flickers through."
315,"Justice League is just fine. But considering that the would-be blockbuster features a collection of A-list superheroes, the word ""fine"" is like kryptonite."
316,"As it is, it just feels like somebody haphazardly threw several ingredients into a pot and prayed that it would work. Unfortunately it does not, merely leaving behind arguably the biggest stain on the DCEU yet."
317,"""Justice League"" is arguably Snyder's most infuriating work yet."
318,"This team effort feels less joyous, more uninspired."
319,"Seeing these childhood heroes together on the big screen is an unforgettable experience. Flawed, yet highly enjoyable DCEU entry. [Full review in Spanish]"
320,"Justice League is by no means a classic movie, but it does enough to point towards a brighter future for the DCEU."
321,"The 2-hour runtime mandated by Warner Bros makes the setup feel rushed, but the chemistry of the game cast, the heroic tone, and the exciting action keep Justice League afloat."
322,"Surprisingly enjoyable... visually too dark, and it's hobbled by a villain who's a crashing bore, but it adds a welcome dose of humor to what had been pervasive grimness, and some promising new characters as well."
323,"Justice League delivers on its action, special effects, performance, and story. It's a pleasant surprise to see a film with both Batman and Superman that isn't abominable, horrendous and dreadful."
324,"Justice League winds up feeling so much like a straw poll for viewers, with a mishmash of everything they might want, all run together."
325,"Facetious, tongue-in-cheek humour doesn't help."
326,"DC fans might not like hearing this, but Justice League works most effectively when it feels most like Whedon's The Avengers."
327,"Gadot, Momoa and Miller give this one rough parity with ""The Avengers"" movies."
328,I am legitimately bummed out about how much I disliked Justice League.
329,"Fast paced & with its eye always on moving the story forward, Justice League balances frequent humor with equally frequent character exchanges & development... [A] two-hour live-action superhero cartoon made for kids as well as adults."
330,"Justice League, overall, leaves the impression that we can finally rest easy that future DCEU movies will at least be OK."
331,"It's teamwork that saves the day, with DC's trademark darkness giving way to a brand of sentimental uplift that Snyder, Whedon and company apparently see as necessary in our own dark times."
332,"It's the kind of movie you don't necessarily flip past when it shows up on HBO, but that doesn't mean it's good."
333,A lumbering blockbuster that dilutes what's so stirring about these fabled fictional champions.
334,"This isn't the worst movie you'll see this year, but it's by far the most worked over, which makes Justice League belong in an undistinguished category all its own."
335,"This time, universe keeper Zack Snyder nearly gets it right."
336,"It may be slightly better than 'Batman v Superman', but that's a low bar."
337,"[Justice League is] an insanely fun time as it absolutely nails these DC heroes, offers up some phenomenal fan service, and promises a ton of hope for the future of the DCEU."
338,It's up to Wonder Woman again to save the day. And Gadot's Amazon warrior does just that in every scene she steals as the conscience and muscle of the group.
339,Justice League is a collection of missed opportunities and flubbed ideas.
340,"Don't rule out the possibility that a movie dedicated to Aquaman (on the schedule for 2018) or the Flash might be fun, but the Justice League itself needs to disband."
341,Wonder Woman whips the boys into heroes in this epic and action packed comic book spectacular.
342,"It dives headlong into a scrappy, Swiss-cheese plot which, while true to DC Comics' mix-and-match mythology, clumsily slaps together its disparate elements."
343,"Justice League is as solid an outing as any superhero fan could hope, with a clear family vibe: Wonder Woman and Batman prove to be a dynamic mom-and-dad duo while the fastest kid around steals the show."
344,"Justice League's most significant shortcoming is how forgettable it all is. There's barely a moment that sticks, not a single sequence to rival the standout superhero set-pieces of recent years."
345,"Finally, DC's superheroes are assembled on screen at last. It's just a shame that the resulting film is a chaotic, baffling mess."
346,"While disjointed and more than a little incoherent, gosh darn it all if Justice League doesn't end up proving to be a heck of a lot more fun than it has any right to be."
347,"Although marginally better than Batman v Superman and Suicide Squad, director Zack Snyder's latest is still a profound mess of maudlin muscles, incoherent action and jaw-droppingly awful CGI. It is big, loud, awful to look at and oh-so-dumb."
348,"The whole world loves these characters, and so much time, effort and money has been hurled at this property. But the story in Justice League is practically non-existent -- and, even more insulting, the big Hollywood special effects look like garbage."
349,It's messy and flawed but it still offers enough entertainment value (mostly thanks to its likable characters) to make it worthwhile.
350,"After a decade of Marvel dunking on them, DC has given fans a brilliant Wonder Woman movie and a perfectly fine Justice League movie in one year, and that's the first step to a braver and bolder cinematic future."
351,"There's a lot of loud action. There are a lot of flashy visuals. Everything goes by quickly. It's just that, like Batman v. Superman: Dawn of Justice, it's not a hell of a lot of fun."
352,"These off-kilter rhythms actually lend the film a pleasant unpredictability. As does the humor, which often sits uneasily next to the moodiness, but is somehow fast and witty enough to work."
353,These comic-book cinematic universes...train audiences to see the forest for the trees...Enjoy the trees. For the forest is a tad gnarly.
354,Whedon's Avengers was an endearing accumulation of characters whose stories assembled over the course of 10 years and several movies; Justice League attempts to speed the process and blurs its appeal.
355,"This hodgepodge throws a bunch of superheroes into a mix that neither congeals nor particularly makes you want to see more of them in future. Plainly put, it's simply not fun."
356,"The film is, plainly stated, terrible, and I'm sorry that everyone wasted their time and money making it-and that people are being asked to waste their time and money seeing it."
357,"Some day, hopefully soon, DC will get the recipe right again and duplicate Wonder Woman's storytelling magic. But today isn't that day, and Justice League unfortunately isn't that film."
358,"It is the key reason Justice League is a seriously satisfying superhero movie, one that, rife with lines like ""the stench of your fear is making my soldiers hungry,"" actually feels like the earnest comic books of our squandered youth."
359,"There are good, cute and funny moments that the editing team should be applauded for, but there aren't enough to distract from the beautiful, chaotic mess that Justice League ends up being."
