,text
0,"For a long, glorious stretch, Shazam! plays like the anti-Nolan antidote it is."
1,"It's a bummer when the bad guy shows up and Shazam becomes like every other superhero movie - worse, really, because the storyboarding is so poor that it's hard to tell what's going on. In the climax, Sandberg misses nearly every one of his marks."
2,"Director David F. Sandberg remains a horror guy at heart (Lights Out, Annabelle: Creation), and the ping-ponging between yuks and yikes leads to a pretty nasty case of aesthetic whiplash."
3,"""Shazam!"" is the funniest, sweetest and most innocent movie in the DC Extended Universe - a sign that it is at last ready to compete with Marvel."
4,"""Shazam!"" is hardly a solution. But at its best, it's just deft and clever enough to not feel like part of the problem."
5,"What ""Shazam!"" lacks most obviously is gravitas. And grimness. Also bleakness, darkness and relentless self-seriousness. In other words, it's terrific fun."
6,An entertaining fantasy adventure that never loses its spirit of fun even when it otherwise falters.
7,A fun superhero movie and not just for the reasons that usually make superhero movies fun
8,"What ""Shazam!"" does really, really well is pummel us with more aggressive versions of well-worn blockbuster tropes."
9,...a seriously appealing premise that's employed to decidedly erratic effect...
10,One of the most thoroughly entertaining and emotionally grounded films the genre has given us in recent memory.
11,"[It's] endlessly entertaining, a ton of heart while making plenty of meta-commentary on the superhero genre."
12,"...[T]his film melds the unpretentious, dreamy joys of old-time comic books with the sly, rambunctious humor of Rocky and Bullwinkle cartoon featurettes..."
13,Get rid of the brash and broody DC and deliver movies like Shazam! more often. This is what superhero movies should be like - very good and unashamedly fun.
14,"David F. Sandberg has made Shazam! intentionally small, leaning into the goofiness of its concept and leaving some time for small-scale human drama."
15,"It's good, but it's not great, so everybody needs to just calm down...calm down."
16,What's impressive about the warmth and wonder that dominates Shazam is that the warmth ekes out on all levels even as the film recognises the ever-present darkness of the world.
17,I can applaud Shazam! for trying something new in its attempt to hone the Saturday-morning-cartoon-feel it's clearly aiming for
18,"It's Power Rangers under a different name, it's a Nickelodeon type cartoon re-envisioned for the big screen."
19,The mood of Shazam! is blissfully nostalgic. The acting from the well-rounded and perfectly chosen cast is terrific.
20,"This is what Shazam! does best: puts you in an underprivileged, bullied teen's head, and lets you feel how mind-blowingly exciting it would be to suddenly have powers with which to smack every bully upside the head."
21,"More focused on pleasing kids than most superhero films, the film is graced with breezy performances, a slick sense of humour and the theme that even superheroes can't do it alone."
22,"I'd give Shazam! a pass on ""you can choose your own family"", even though it hammers at it like a Fast and Furious movie. That said, it's an unassuming breath of fresh air."
23,"If you're looking to be entertained for a couple of hours, then you've come to the right place. But if you want a smarter movie, then look elsewhere."
24,A breath of fresh air for DC. [Full Review in Spanish]
25,"Levi at least is having fun, his puppyish excitement occasionally transcending the rote material. But he's a bright spark in a film that never ignites."
26,"The second Captain Marvel movie to be released this spring, DC's valiant effort doesn't soar as high as its Marvel counterpart, though there's still a hefty amount to enjoy in this thematically loose-limbed undertaking."
27,"Charming, high-spirited and embraces its youthful, goofy side."
28,"""Amusing, but the same old shit""."
29,"Shazam is easily the second best DCEU movie and fun for the whole family (but parents be warned, it might be a bit graphic for some little ones)."
30,Shazam! is an unequivocally silly movie that happens to be ridiculously fun too.
31,So good at depicting the ins and outs of this family group... that it's an active disappointment whenever the film feels compelled to leave it.
32,'Shazam!' is the DC Universe's most solid movie [along] with 'Wonder Woman' and 'Man of Steel'. [Full review in Spanish]
33,"The action finale of Shazam! takes place at a carnival. It's clever, and packs a surprising emotional payoff. The same can be said of this whole big goofy irresistible flick. It isn't too soon to call this one of the best superhero movies ever."
34,The transformation is complete. The grim 'n' gritty darkness of the early DCEU movies seems like a distant memory.
35,"Compared to the rest of the DCEU, Shazam feels Marvel-esque, almost like a kiddie-friendly, less-overtly-meta version of Deadpool."
36,"It's like 'Big,' only with a cape and without Tom Hanks."
37,"Shazam! is definitely a film for 15-year-olds, but might I suggest it's also for grown-ups who haven't seen their teen years in a very, very long time?"
38,"The most fun movie -- in terms of simply being entertaining -- from that comic book line since perhaps the 1978 Christopher Reeve version of ""Superman."" (Full Content Review for Parents - Violence, Profanity, etc. - also Available)"
39,"This a fun, funny, exciting, action-packed, thrilling, big-hearted, sincerely-felt family adventure movie that rates with the best of the superhero genre."
40,Shazam! can't decide whether it wants to be a superhero movie or a parody of one.
41,"Despite elements that are both corny and confusing, SHAZAM! has real heart with likable characters experiencing real teenage problems--even in the body of a superhero."
42,It was one of the best payoffs in the final act of a superhero movie that I've ever seen.
43,Shazam! is the most enjoyable superhero movie that DC Comics has made. [Full review in Spanish]
44,"The way the movie switches quickly back and forth between adult and child themes, comedy and horror, is a bit disconcerting, but it worked for me. I am not sure how well it would go over with young children."
45,"The screenwriters, Henry Gayden and Darren Lemke, prove unable to elevate the material beyond its 1970s Saturday-morning-television feel."
46,"An unabashed triumph for the DC Universe, delivering charming characters, laugh-out-loud humour and pleasingly goofy comic-book action in crowd-pleasing quantities."
47,"It's a welcome reprieve from the dreariness superhero films can bring, and what it lacks in consistency it more than makes up for in the final, emotional wallops."
48,"Happily, Sandberg's commitment to the weirder aspects of this universe pays off, especially when he plays it with a straight face."
49,"If you left the cinema feeling meh, don't worry. There are a few of us for whom Shazam! did not spark or take off, which is ironic for a lightning-powered superhero."
50,Shazam! is a superhero movie that would have been better without superheroics.
51,"[An] engagingly cheeky and robust popcorn pleaser. In any event, 'Shazam!' is a heroic hoot for the ages."
52,"It checks all the superhero boxes while also having a spirit that is undeniably its own. Action-packed, self-aware and legitimately funny, Shazam! is a high-flying delight."
53,"Mostly satisfying, often juvenile, Shazam! is a Christmas-in-Easter superhero origin story.... Ultimately, one wishes there had been more bounce and less grit."
54,"Drawing from a wealth of material with more supporting Marvels and hangers-on than can be accommodated in one film, Shazam! picks and mixes with confidence."
55,"The major problem with ""Shazam!"" is its constant back-and-forth shifting between irreverent comedy and darker moments, provided by Mark Strong's evil Dr. Thaddeus Sivana, who doesn't even crack a smile."
56,"It breaks the formula enough that I felt like I was seeing something I haven't seen before, while also being warmly familiar."
57,When's the last time a DC movie ended and you left the theater actually excited to see the story continue? That happens here.
58,"Fresh and fabulous, this blast of a superhero adventure ticks all the boxes. It is funny, cool and the narrative flies on the wings of a good script and excellent direction."
59,"Zachary Levi effortlessly steals the spotlight in a crowded landscape of hero films with an instantly iconic performance, and I personally want to see more of what follows."
60,I can't even deny it. Shazam is a freakin' blast.
61,"The comedic chemistry between stars Zachary Levi, Asher Angel and Jack Dylan Grazer is hard to fault."
62,"The overall result is a welcome new entry into the superhero genre that chills, thrills, subverts and massively entertains."
63,"Had Shazam! been given the green light to forgo world-building and genre considerations to concentrate harder on its strengths, it would have been something very special instead of just very refreshing."
64,Presents more of the same with a funny premise. [Full review in Spanish]
65,"While never going full Deadpool in dissecting the tropes of comic book lore, it pokes fun at the genre while simultaneously making sure DC finally gets the memo: superhero movies can just be an unashamedly good time."
66,"Shazam! is not a great movie, but it's just good enough to wash some off the grungy smell of the earlier DCEU entries and freshen things up a bit."
67,"Sandberg juggles tone to great effect, weaving together an effervescent sense of humor, satisfyingly emotional moments and exciting, character-driven action."
68,"Resisting the power of a consequence-free existence to embrace what's important in life is a noble goal, and tapping into that is the film's true magic... a welcome addition to the New DCEU; if only they'd found that Magic 8-Ball sooner."
69,"In a vacuum, Shazam is an exceptionally average film. Among superhero movies, and especially those outside the Marvel brand, there's a lot to like about Shazam."
70,"Shazam! has big action, big laughs, and a big heart underneath."
71,Shazam! wears a big heart on its sleeve.
72,"It riffs mightily off Tom Hanks' Big - Big in spandex if you will, and has a giddy joy in its superpowered hero akin to that of the earlier Superman films."
73,"The stakes in Shazam! aren't quite world-endingly high but are resonant for their universality, and the film bounces well between kid-focused humor and suitably scary action sequences."
74,Even the standard crash-bang action scenes -- although not especially inspired -- are enlivened by the film's vital freedom: it's not trying to be cool.
75,"The Easter holidays approach and first of the family blockbusters to show face is this cheeky, refreshingly enjoyable if overlong take on superhero movies."
76,"A silly, irreverent, ebullient, easily forgotten escapade."
77,"Shazam! was a delightful, sentimental superhero flick that is exactly what the doctor ordered for DC."
78,"Shazam! is not a perfect film--there's something moribund about its early going, and while the gags are reliably fun, they're seldom all that original. What works is the picture's lightness."
79,"Okay... it's cute. And if you're 9 years old, you'll think it's pretty good. There's not a lot here to appreciate if you're an adult, and you'll watch it while fondly remembering Spider-Man: Homecoming which abso-freaking-lutely nailed the comedy and pathos"
80,"Thanks to a script filled with razor-sharp quips, a fully committed performance from Levi, and an unapologetic embrace its own goofiness, Shazam is an absolute blast."
81,"DC -- owner of the Batman, Superman and Justice League franchises, of course -- has found itself a new film superhero. And he's a winner."
82,"The title may end in an exclamation point, but I was left with a different punctuation mark hanging over my head."
83,"...Think of Shazam! as D.C. comics' DUPLO - a simplified and safe take on what could be seen as the Marvel Comic Universe's LEGO, a well-designed, scalable and interlocked structure of franchise success."
84,A more personal and down to Earth tale with very relevant overtones about bullies and the damage they can inflict...
85,"A mixed bag, but its a good time at the theatre."
86,"A lighthearted film, a bit superficial, but innocent that flows with enough grace for an enjoyment without too many demands. [Full Review in Spanish]"
87,"Zach Levi embodies the childlike wonder of this experience so well, you can't help but go along for the wish fulfillment ride."
88,Shazam! has a smart mouth and a heart of pure gold.
89,"The film takes care to plant the seeds of its world building, making the promise of a return all the more enjoyable."
90,It's an effervescent genre entry that's not afraid to indulge in the irreverent silliness that drew so many of us to comic books in the first place.
91,Shazam! succeeds with a pure heart. [Full Review in Spanish]
92,"Bursting with humour, both silly and at times risqué, David F. Sandberg's film is a pure delight."
93,"Zachary Levi is born to play the role as Billy Batson. Shazam is a heartfelt, emotional, surprising and funny, a superhero film for everyone."
94,"It's grounded, funny, and seems to take place in the real world, with something that was notably missing from the early DCEU pictures: joy."
95,"David F. Sandberg manages to compose a beautiful, funny and self-conscious tribute to Richard Donner. [Full Review in Spanish]"
96,"Nice blend of action and comedy but Levi and Angel were supposed to be playing the same character. When ""Billy Batson"" gets superpowers he loses brain cells."
97,"Shazam! is the best film of the DCEU thus far, an action-packed adventure full of humor and heart."
98,"It has just enough charm and gentle humour to be enjoyable, the way a hot milk drink eases the transition to sleep."
99,"Superhero comics were originally aimed at kids. It's refreshing to me to see a superhero movie that remembers that, leans heavily into the adolescent wish fulfillment and isn't obnoxiously self-serious."
100,A movie that is just as much about family - not necessarily the one you are born with - as it is about super powers and vanquishing bad guys...
101,"After lazy reliance on phoney gravitas and blundering with its first serious stab at levity with Aquaman, DC has found a comic torch-bearer of pure heart to illuminate the path of righteousness ahead."
102,The filmmakers were going for (and mostly achieve) the 1980s Amblin Entertainment feel of a movie out to have an unpretentious good time - a welcome throwback to days before comic books movies became gargantuan and grim.
103,"There's a sense of Stranger Things camaraderie among Billy and his foster siblings, who are actually fun to spend time with, and the film's message of found family is a sweet one."
104,"A terrifically fun comedy, a serviceable superhero movie."
105,"Shazam! works better as a wacky buddy comedy than as a superhero movie, and the genre is all the better for it."
106,Not only is Shazam! the best DC Extended Universe film...it's also the best DC Comics movie since Christopher Nolan's The Dark Knight.
107,"There is a wondrously cheesy sincerity to SHAZAM! that makes its weak spots irrelevant. It is, in many ways, as pure of heart as its champion, and just as giddy about discovering that magic is real."
108,"The delight of this movie rests in the equal parts of sincerity and fun the actors bring to a much needed reboot of the D.C. brand, besieged by characters and story lines whose self-seriousness is at odds with their discount cosplay aesthetic."
109,"Sweet, fun, heartfelt experience. Not the dark depths of evil we are used to in superhero films lately. But why does the pretty teenage girl need to be so useless in a fight and why did a family film have to have a strip club?"
110,Whatever magic this film holds just passed me by.
111,"For lack of a better word, this movie simply rules, and DC would be smart to hand Sandberg the keys to the future of their kingdom. He's earned it after this one."
112,"Shazam may get his power from a wizard, but it is Zachary Levi's performance that really is the magic behind this fun and heartwarming film."
113,"Shazam isn't as flashy as its DC counterparts, but it brings a lot of heart and laughter to the screen as a superhero movie suitable for the whole family."
114,"Shazam is an uproarious showcase for the charming Levi, with an entertaining and heartwarming final act."
115,"Shazam! launches a superhero franchise that has a quality that shouldn't be dismissed: It doesn't seem to matter much and, in the high-stakes world of other superheroes, that's a definite virtue."
116,"Shazam! is a coming-of-age tale that reminds us that we have to grow up when the situation calls for it. At the same time, it's OK to remain a child at heart and to have a brighter outlook on the world."
117,"There are plenty of sight jokes, but these never descend into farce and the dialogue is quick and witty."
118,"The climactic battle drags, going on for far too long. ""Shazam!"" could have been a major revelation if it was edited more tightly and took itself less seriously."
119,"A work that constantly strives to defend its own distinctive personality, but can not completely avoid the dangers. [Full Review in Spanish]"
120,"While it plays to some of the similar beats of a superhero film, it hits so many notes on its comedy, performances and storytelling. If this is the track record DC is going with...I'm all about it."
121,
122,The main thing you get from this movie is a lot of fun and a lot of heart. You can give it credit in moments where the special effects aren't the best.
123,"It's like having a party, watching this film. Overall, it's really good, even though there are problems with the movie...I cared about them less the second time."
124,"An atypical blockbuster, exemplary and carefree in which the great heart of his dramatic vision works at the same level as his look of unpretentious amusement. [Full Review in Spanish]"
125,"Shazam! is a fun time at the movies, and it tells an interesting story in a very enjoyable manner."
126,"Clearly, not all heroes wear capes...it runs a tad too long...but the film delivers laughs and emotions. A refreshingly goofy superhero movie."
127,Surprisingly funny. Very good cast. I still think the suit is padded.
128,Something like a family film from the dying years of the first Bush administration.
129,"Shazman is the new superhero kid on the block as Zachary Levi's energetic, yet heartfelt performance nails his DC character for years to come!"
130,The crucial distinction for Shazam! is that it doesn't seriously expand the idea beyond Superman and Batman being public knowledge; the movie is perfectly content being its own fun little thing.
131,"All-in-all, by investing in comedy, DC has pushed all the right buttons as far as this franchise is concerned. Let's hope the good run continues and Shazam! brightens up the rather dark and dreary DC Universe."
132,Shazam! just refused to take any risks and put all its eggs in the family and comedy basket. The performances by all the leads are the best part of the film.
133,"This is a passable movie, lifted by the humour and by Grazer's performance. It does become stereotypical towards the end, but that, like the ability to leap tall buildings in a single bound, is part of the DNA of superhero films."
134,Take away the comedic moments from the trailer and I was left a depressingly bland movie. Shazam! was kind of a douchebag and Levi's serious face made him look like he was taking a giant dump.
135,"Shazam! seems acutely aware of the self-serious, killjoy reputations of some of its DC universe brethren. It both celebrates the nerds who've stuck it out this long and (gently) dunks on the franchise's wonkier moments."
136,"The truth is, the DC Justice League version of Captain Marvel is a lot of fun, mostly family friendly (except for a monster biting off a guy's head), and just a tad too long to earn an extra 50 cents in yours truly's money-tinged ratings system."
137,"You can't help but root for a protagonist who, once he realises he has superpowers, uses them to make strangers pay for selfies with him and to pose at the top of the steps where Stallone's Rocky Balboa used to do his workouts."
138,"Although it doesn't have great special effects, the action sequences are good and entertaining. [Full review in Spanish]"
139,"The screenplay never falls prey to melodrama, and the usual genre tropes are acknowledged, then promptly downplayed. The stakes are relatively lower than what we're used to, and yet crucial enough within this film."
140,"Shazam! is surprisingly good - as immensely enjoyable, in fact, as Wonder Woman was."
141,Under David F. Sandberg's direction... the film moves along with great energy. [Full review in Spanish]
142,"At times there are elements of The Goonies about it... not world changing, but it was fun."
143,A fine representation of the appeal of superheroes and comic books.
144,This is probably the funniest DC movie so far.
145,"Goofy, often quite funny, sometimes touching, and occasionally a bit darker or nastier than I expected from a superhero movie that seems to want to skew younger than most."
146,"Shazam! makes the most of its child-in-a-man's-body theme, and only wears out its welcome in a messy finale."
147,"In context and considering the movie monstrosities that have preceded it, Shazam! is irrepressibly fresh and wholesome, and ultimately suggests a new and exciting future for the stars of the DC Extended Universe. Up, up and away!"
148,"Shazam! gets a little greedy towards the end, and it could probably stand to lose at least 20 minutes from its noisy finale. But hey, it gets the job done. It might just kick-start a new franchise. It's a bit of a hoot. I didn't see that coming."
149,It's a fantasy film laced with comedy where the kids are the big attraction and fun to watch
150,"Shazam! could well be a remedy for a ""super"" market saturated with dark, brooding action heroes."
151,Shazam!'s candy-floss sweetness rarely fails to hit the spot.
152,The hero we need at the moment.
153,"Sadly, all this takes far too long to get going - the film could lose 15 minutes at both ends - but it's fun when it does, and Levi milks every drop of goofy comedy out of the superhero guise."
154,"While screenwriter Henry Gayden may be adapting a character from Fawcett Comics, through much of the movie, he's cleverly updating Penny Marshall's Big."
155,"At its heart, Shazam is a movie about making your own family, bridging the gap differences seem to make, and having a good laugh while you do."
156,"It's a bird! It's a plane! No, it's just a fun, frothy superhero film, and there's little wrong with that."
157,The greatest element of Shazam! is that it doesn't fall into the trap of earnestness. It is not ashamed to embrace the more outré elements of the comic book universe.
158,"I certainly wouldn't mind seeing [Shazam] teamed up with other DC characters in future films, but as a standalone movie, it had my inner 14-year-old dreaming of the ability to speed up time, or at least hit a magic fast forward button in the IMAX theater."
159,"Billy Batson has the power to become a grown up superhero in Shazam!. By doing so, he gives us the power to become children again. A truly heartfelt and sincere origin story. [Full review in Spanish]"
160,"Teenage Billy and superhero'd Billy often barely register as the same character, a flaw in the central conceit needed to make Shazam! really work."
161,"The fun, breezy film captures the imaginative joy of curling up with a comic book as a 12-year-old and envisioning the boundless superhero dreams that burst to cinematic life."
162,"Earns its punctuation through unrelenting, gee-whiz cheerfulness. Fueled by nerd energy and sold by a goofy cast, this superhero spin-off carves its own path through the usual comic-book material."
163,The new superhero in town bursts on screen in a blaze of adolescent energy and excitement. At last we have a DC character filled with mirth rather than mourning.
164,"Think Batman's sidekick, a few years younger, in a more outrageous costume with primo superpowers, Shazam! (2019)"
165,"Fun and funny, Levi's charismatic captain is a marvel."
166,Shazam! is the magic word that turns the DC Extended Universe into a super-charged good time.
167,Shazam! wants to be slick & smartassy except when it suddenly chooses to be warm and sincere-like a TV commercial for some medication or life insurance. You can't have it both ways but this film repeatedly tries to do so. This movie is a muddle
168,Adventures in superhero-ing.
169,"As the troubled DC Extended Universe finally finds its footing, after a quick sprint along no man's land and a dip in the ocean, it finds itself in an odd situation - emerging, as it were, from an abusive past, determined to reignite its passion for life."
170,",,,a fun entry in the superhero genre that dares touch on the underlying theme of all these films: they're wish fulfillment for nerdy kids who feel put-upon in real life."
171,"That special kind of magic that has eluded most of the DCEU cinematic efforts finally makes an appearance on screen, and it's an absolute blast. [Full Review in Spanish]"
172,Shazam! is the kind of carefree superhero film that reinvigorates the fantasy of actually being  a superhero.
173,"Leaning real hard into the jokes about horny teenage boys and meta-skewerings of superhero films, Shazam! can't help but comment on its genre ad nauseam, though, unlike Deadpool, it never risks arguing against its own existence."
174,Shazam! Ekes Out a Good Time
175,A joyous celebration of friendship and family in all its oddball guises.
176,Samberg imparted a distinct style to this film and freed it from having to share or expand a cinematic universe all for the best. [Full Review in Spanish]
177,It's fine as a superhero movie but better as a warmhearted story about makeshift families.
178,"Put simply, Shazam! is nothing more than non-stop fun, which at its best both sends up and stares down every stale and stodgy superhero flick you've ever had to sit through."
179,"[Shazam!] revels in its comedy and post-modern self-reference, undercutting serious moments with humor like we've seen Marvel do for so many years now."
180,"Thank you, Shazam!, for breaking through our superhero fatigue when we needed it the most."
181,"Good-natured fun that hews to a rather old-fashioned comic-book sensibility...very much a live-action cartoon, in spirit and style."
182,"So beyond working as an advertisement for D.C.'s other movies, Shazam! also offers a stiflingly claustrophobic cinematic landscape, which has no point of reference outside of D.C.'s own intellectual properties."
183,"The DC Universe finally learns how to laugh combining big chuckles with heartfelt moments DC rarely placed in the Man of Steel or Batman. Zachary Levi is the latest likable superhero, stepping into the box-office-gold of Wonder Woman and Aquaman."
184,"Shazam! is a heartwarming story that talks about finding the joy in being a hero, and in finding the family that understands you."
185,"Functioning both as a standard, predictable, but completely serviceable Hollywood blockbuster and something a bit more comedically irreverent, Shazam! is the type of film that's good enough and smart enough..."
186,I loved the spirit and the heart of this film.
187,Jack Dylan Grazer's Freddy flat steals the movie with his charm and sincerity.
188,"The suits and cheesy hairpieces can go, but Angel, costar of Disney Channel's Andi Mack, will be more than welcome to return as the kid half of this heroic tandem."
189,Shazam! arrives with an honest and simple story that isn't afraid to let its hero have fun with their powers. [Full Review in Spanish]
190,"Put it this way: in terms of superhero movies, it's more fun than most, because the comedy is self-satirising. It's fairly rough around the edges."
191,"No offense to the interconnected, multi-layered storytelling of the Marvel Cinematic Universe or the DC Cinematic Universe, but sometimes it's fun to watch a movie about a doofus in a cape."
192,The film is so attuned to the fundamental appeal that superheroes have for children that it feels like the first film in an age designed specifically with them in mind...
193,"Best of all, Shazam! feels young, a world apart from that stone-cold cosmos in which self-serious villains descend upon humanity with their dumb jeweled gloves."
194,"While the humor is definitely broad, ""Shazam!"" still offers some terrific laughs. Most of the time, it's bright and fun and good-natured."
195,"The film's enthusiasm may be a little overwhelming at times, but it is contagious."
196,"Shazam! is irreverent in a sweet way, not a cynical way like Deadpool. There's more reason to fear a ""suitcase wedgie"" (don't ask) than the threatened planetary destruction (yawn)."
197,"Being retro is not always a good thing, but in Shazam!, it amounts to a breath of fresh, lightning-singed air."
198,"This movie is basically ""Big"" with a superhero. Need I say anything more? That premise already has you in the popcorn line, right?"
199,"Emphatically earns its exclamation mark, but very little rewatch value with this one."
200,"Pure magic! Funny, charming and by far the most enjoyable film to date from the DC universe. [Full review in Spanish]"
201,"Again, not the most original idea, but here it is presented with the unbridled joy of two teens who have just found the keys to their parent's liquor cabinet."
202,"[Shazam!] has the irreverence of Deadpool, but much less cheek. [Full review in Spanish]"
203,"""Shazam!"" is a superhero story that's rooted in a tale of family. It's able to fly because it's so grounded."
204,"""Shazam!"" operates as a thrilling fantasy and a comedy about the learning curve of growing up. It's also a stirring tale of the heroic potential that lies inside each of us, if only we're put to the test."
205,Shazam! will entertain and thrill. [Full review in Spanish]
206,"With just one word, 'Shazam!' becomes a winner for the DC Extended Universe."
207,"After Patty Jenkins' Wonder Woman, Shazam! is even better-placed to let the fun bubble back."
208,"It all adds up to a surprising winning formula -- an unexpected bit of fun that is one of the better DC creations. ""Shazam!"" is so effortless, it makes you wonder why it took the DC universe so long to get it right."
209,"Shazam!, a movie explicitly built around our childhood fascination with superheroes. One wonders how the franchise producers manage to make sense of it all."
210,"Zachary Levi is easily the best part of ""Shazam!""... Unfortunately for him, the film more or less turns out to be a one-man-show that sags considerably when he is off the screen."
211,Swings further into the goofy abyss than necessary.
212,"Sometimes these types of movies are only as good as their villains, but ""Shazam!"" rises above because the comedy, courage and family elements are super-strong."
213,"Shazam! is a great superhero film, because it pokes at the silliness of these stories while still embracing the core of why they matter."
214,"There's magic within ""Shazam!,"" but it's also pure magic as well. When it comes to the amount of smiling you'll do, few things in 2019 so far can compare."
215,"""Shazam!"" has a long list of strengths, starting with a cheeky, bright sense of humor that leads to many laugh-out-loud moments."
216,Even the most jaded superhero fan (hands up) will find something to like here.
217,"For the most part, 'Shazam!' is a joyous and upbeat superhero movie that values the importance of family."
218,Shazam! ended up being exactly what I needed when I needed it.
219,"A playful, witty, clever, teen-centric jaunt that soars with a simple, uncluttered story, free of the past and full of both humor and heart."
220,"The movie's one joke gets old quickly, and what's left is a slow, underwhelming superhero story, along with some equally slow family drama."
221,An impressive first cinematic outing for one of DC's most loved superheroes.
222,"Wildly entertaining, downright delightful, and, yes, adorable."
223,"The best, most complete entry yet in the new DC Comic Universe."
224,"[A]mid the unattributed riffing, the pinballing among YA-style quaintness, perv jokes, and graphic jolts, you start to realize: ""Shazam!"" is pretty entertaining."
225,"It really does not have to be as packed with comic-book references or be as long or have as many characters as it does, but this go at an origin story makes up for its bloat with strong comedy performances."
226,"Once Billy says that magic word and his supersized alter ego appears, the movie goes to its happy place and comfortably embraces its own identity as a light, jocular, modest entertainment."
227,"Genuinely sweet and funny in a way that feels unforced. And whereas most superhero movies are inherently Calvinist, Shazam's refreshingly simple, straightforward message is ""don't be an asshole."""
228,"""Shazam!"" is goofy but good."
229,Shazam! continues DC's newfound grove as the weirdo cousin of the superhero movie multiverse.
230,"In a genre that often tries way too hard to be taken seriously, Shazam! is a pile of good-natured fun."
231,Best of all is that DC Comics doesn't run from its primary-colour roots this time.
232,We're just as invested in Billy's search for his long-lost mom as we are in his ability to jump off a skyscraper unscathed. Now that's super!
233,"Truth be told, though, one wishes the movie had a little more heft to it. It's fine, even welcome, to see a superhero exult in his abilities, and on that level, ""Shazam!"" is generally fun."
234,The refreshing tone and a wonderfully winning performance by Zachary Levi combine for a delightful experience ...
235,"Shazam! is a throwback in all the right ways: a superhero tale for a simpler blockbuster era, one that is well worthy of viewers' nostalgia."
236,"While a little leisurely paced, I still can't say there was any time watching Shazam! where I felt DC's latest superhero was failing to deliver the goods."
237,"In a comic book movie-saturated world, Shazam! comes along and makes it feel new again."
238,"This is a campy, over-the-top, action comedy with heart, and not a comic book-inspired deep dive into the conflicted minds of flawed human beings."
239,"To paraphrase Jack Lipnik, the studio head in ""Barton Fink"": It has heart. And we need more of that in motion pictures."
240,"Solid, entertaining superhero fare aimed at younger viewers."
241,"In Shazam!, the positives outweigh the negatives. The film's fresh aspects are strong enough to keep the stale ones at bay."
242,"Kid-friendly without straining to be too down with them, Shazam! is a film that finally injects the F-word into DC's dark and angsty universe: fun."
243,A manic two-hour exclamation mark.
244,"But turning these tropes into jokes isn't the same thing as deconstructing them, and underneath the laughs, ""Shazam!"" might just be the purest distillation of the comic-book ethos to come to big screen."
245,"A fun flick but frightfully schizophrenic, seemingly aimed at children but too long and too crude to pass muster with smaller kids."
246,"Despite shortcomings, Shazam! is a fun time at the movies for the most part and easily one of the better outings in the DC stable."
247,"DC's answer to Marvel's Ant-Man: a family-friendly, comical comic-book adventure that never crosses the line into camp."
248,Shazam! is the humanist kind of blockbuster we see all too rarely nowadays
249,Zach Levi and Jack Dylan Grazer steal the show in this superhero film that turns the usual weaknesses of origin stories into a fun time with a good message about family
250,"Although it's technically about saving the world (again), Shazam! plays out at eye level, grounded by the belief that who people love and where they feel they belong is stakes enough."
251,"While the story of ""Shazam!"" may be unwieldy at times, Levi and his kid costars make this new (to us) superhero just so gosh-darn appealing, it's hard to resist making room in our hearts for one more."
252,"The latest action fantasy in the DC Comics stable might not be very deep, but it is a whole lot of fun."
253,Zachary Levi shines as the electrifying energetic star of Shazam!
254,"Superhero comedy is charming, goofy, with fantasy violence."
255,"Like the '80s Spielberg films to which it's paying clear homage, Shazam! manages to balance its irreverent goofball antics with a surprisingly emotional nucleus."
256,"The film brims with self-awareness and chutzpah, building a bridge between fearless kids and encouraging adults who know when to let the heroes take over."
257,"Shazam! is a breath of fresh air in the cluttered comic genre. Mixed with heaping spoonfuls of heart, humor, and adventure; Shazam! reminds us how much fun being a superhero can be"
258,"While Shazam! is goofier (and darker) than it may look, you'll wish its superhero came with a little more spark."
259,Thirty minutes of fun in a two hour and twelve minute movie.
260,"Nothing matters in this literal adolescent-male power fantasy, a cheesy mishmash of nonsense and low stakes. Anyone who needs at least a bit of meat in their superhero tales will be disappointed."
261,...it's the most fun to watch of all the DC films!
262,"With an enthusiastic energy that's genuinely infectious and a screenplay that deftly flows with equal lashings of humour and heart, the resulting film is pure cinematic bliss from start to finish."
263,Shazam! redefines the DC superhero film... through light humor and touching family moments.
264,"...anybody suffering from superhero fatigue, but for the rest of us it's an engaging, heartfelt ode to the slightly jerky teenager inside us all and our often untapped potential to do the right thing."
265,"Power by a firecracker Zachary Levi and a junior-Deadpool irreverence, Shazam is an irresistible blast of comic-book kick-ass that slaps a smile on your face that just won't quit."
266,This is the superhero movie that explains why kids love superhero movies.
267,Endearing performances... can't overcome the pedantic world-building and generic C.G.I. gyrations.
268,"Unlike so many superhero films, where the final third reverts to CG spectacle, Shazam! really takes flight, with inspired jokes, emotion and surprising cameos that deliver a real blast of joy. It's bound to be a festive family staple for years to come."
269,The film packs so much heart and fun with a superhero that truly feels like no other.
270,"Big for today's superhero crazed world; hilarious, packed with heart and carelessly breezy."
271,A superhero movie that focuses on lightness and humor with a cast delivered for the cause and a director who knows how to enhance his virtues. [Full Review in Spanish]
272,"While Shazam! has its share of action and heavy moments, the film ultimately works best as an irreverent comedy."
273,They did what they set out to do. Shazam is a fun kind of side-note in where we're going in DC...get excited if you're a DC fan.
274,"It's balancing out with Man of Steel for my favorite DC movie at this moment...for the most part, I was in from start to finish."
275,"Lighthearted and campy, Shazam is a happily self-aware throwback."
276,"The trailer did not do it justice. This is great. Just, so so great. This movie blew me away."
277,"SHAZAM! is a bright cheery sugar rush of a movie. It made me leave the theatre thinking, ""Is it too late to give this whole DCEU thing another shot?"""
278,"Given the relative obscurity of the hero, expectations for his solo picture were essentially non-existent, so the film easily ends up rocketing past whatever hopes there are and landing in a place of pure delight."
279,This is one incredible introduction to a hero. One that had me screaming in the theater!
280,"Family friendly but not childish, skewing younger than Wonder Woman but with just as much charm, DC has knocked it out of the park with Shazam!."
281,Shazam! is a fun superhero movie that the whole family can enjoy
282,A superhero movie that does its best to combat the silliness of its premise through the use of humour and fine action set pieces.
283,"There hasn't been a superhero movie quite like Shazam! since Sam Raimi's Spider-Man, revitalising the optimism and childlike wonder of superhero movies for a modern age."
284,"While loaded with good intentions, it's an overlong, underwritten film with casting issues, giving Shazam a rocky introduction to the big screen world of costumed heroism."
285,The CGI... I'm just going to squint and blur my eyes because I'm trying to like this and I'm having fun.
286,Shazam! is exactly what a super hero movie is supposed to be -- fun and complete entertaining escapism.
287,Shazam! focuses so much effort to being funny that it sacrifices the inspirational part of being a hero. The result is an entertaining comedy and middling superhero movie.
288,"Impressively, [director David] Sandberg captures the wonder, magic, and inherent danger of these astonishing tales, creating a frequently hilarious, earnest, and adventurous ride."
289,"It invests in how the young (or young at heart) characters interact with all the ridiculous superhero mechanics thrown at them. They do it with heavy dollops of humour, excitement and wonder."
290,"Like a kid-friendly ""Deadpool,"" the film combines action, broad comedy, and emotion into a pleasing brew."
291,"For a movie that clearly operates on a heightened plane, it actually feels relatively realistic."
292,"Shazam! is bright and colorful, both visually and emotionally, and is a nimble, effervescent take on the superhero origin story."
293,"I'll be darned that DC made a Big-esque origin film out of him and, honestly, it works!"
294,Shazam! wears its heart unabashedly on the sleeve of its hero's over-the-top superhero suit and embraces some of the sillier aspects of the genre.
295,The most complete beginning-to-end film in the DCEU so far.
296,This heartfelt origin story is more than the sum of its immense charm and Spielbergian attention to detail.
297,I was shocked and kind of delighted that a movie like this could be so scary... in a throwback to the '80s and '90s kids movies.
298,Proof Warner Bros. might have cracked the master code to making films equal to the Marvel Cinematic Universe. So much fun and immensely entertaining.
299,"By letting this movie stay true to the nature of the character, Shazam! is free to have a unique voice of its own."
300,Shazam! is as blandly presentational as a market research PowerPoint.
301,"With heart and imagination to spare, Shazam is the real deal and you shouldn't miss it."
302,"A (mostly) family-friendly movie that is not only a delight, but probably the slickest DC movie in years."
303,"A magnificently heartfelt, entertaining and hilarious look at a what happens when a good kid takes on the body of a man and the powers of a god. Solidifies DC's new direction!"
304,"Zany is the bullseye of Shazam! and, boy, is that all kinds of satisfaction."
305,It gets a bit repetitive.
306,"Shazam excels best when the daffy and vintage performance by Levi soaks up the screen, this despite Sandberg's need to utilize and adopt every superhero cliché in the book."
307,"Plenty to like here, especially Zachary Levi's unabashedly-exuberant performance in a role he's born to play. I have my quibbles but still excited for what Shazam will do next in the inevitable sequels."
308,"A raucous, charming kid adventure that is a delight to behold from start to finish, Shazam! feels like a throwback both to '80s comedies and to the superhero movies of the early 2000s."
309,Horror director David F. Sandberg is the perfect choice to bring this character to fruition because of these nightmarish themes.
310,"Even when Shazam! falls for the Superhero movie tropes, it does so with a smattering of comedy that elevates it above the status quo."
311,But the origin story of Billy Batson is earnest and actually builds in time for the story and the characters to breathe.
312,"""Shazam!"" is the magic word as far as DCU establishment is concerned, as David Sandberg proves WB's superhero slate can be hilarious, heartfelt *and* pack an electrified blast of action all at the same time."
313,"It's a gloriously successful hybrid of BIG, ANTWONE FISHER and SPIDER-MAN, with the best part of GREEN LANTERN thrown in for good measure, proving that AQUAMAN and WONDER WOMAN were no flukes."
314,"Ridiculously entertaining and non-stop fun from beginning to end, Shazam! is the reason why you go to the movies."
315,The innocent nature of it all is hugely enjoyable.
316,It has fun moments but the tone was all over the place and jarring.
317,"In the vein of Gremlins, Shazam is an edgy family movie that pushes the edge of the envelope in a very fun and exciting way! Mark Strong's villain is MVP."
318,"Loaded with amusing gag after amusing gag and a perfectly measured lighthearted approach, with just enough emotional resonance. It's an energizing kick that will ensure superhero fatigue does not become a real thing"
319,"Shazam! is a game-charger for the DCEU and comic book movies in general. It is an amazing family movie with incredible fight scenes, and great humor."
320,"""Shazam"" exudes a boyish spirit appropriate for a superhero origin story about a teenager who gets invested with powers far beyond his adolescent imagination. This latest DC adventure is, however, a mixed bag that doesn't quite work."
321,"Shazam solidifies the DCEU even more, giving us a superhero film with strong comedic elements while still having depth and heart."
322,"In the pantheon of the genre, SHAZAM! is pure superhero entertainment."
323,"'Shazam!' is an irresistibly fun mix of 'Big,' 'The Goonies,' and a superhero movie"
324,"Shazam is a delight! Vibrant, tons of heart and a great fun-loving vibe. The family element is a big charmer and so is watching Zachary Levi explore his new powers. Also, if you didn't already know this thanks to IT, Jack Dylan Grazer is sensational."
325,"If you've been a lifelong Shazam fan, you'll be pleased to see that [the filmmakers] found a way to make this often-neglected DC character fun and even cool at the same time."
326,"Captures the original comics' combination of breezy heroism and nutty plotting, transferred from the 1940s to the modern era with great skill."
327,The perfect origin story. It has fun teaching us the mythology of Shazam powers and teaching Billy to become a true hero. I love all these characters and hope to see them again in many more Shazam! films. Franchise Fred approves.
328,It's absolutely amazing how much fun DC can be when it's not taking itself so damned seriously.
329,"The trick of Shazam! is that the movie kind of realizes it's about a dopey character, so they lean heavily into the dopiness."
330,"It's the kind of stuff that is going to make my six-year-old nephew laugh, but it's also going to make my parents laugh. My face hurt from laughing. Hey, all-age chuckles!"
331,"David F. Sandberg, a genre director known for conjuring scares in Lights Out and Annabelle: Creation, delivers an outright joyful fantasy that doesn't waste a moment on feeling self-conscious."
332,"Buoyant and unpretentious, Shazam! aims low and mostly succeeds, a kid-friendly caper powered with enough energy to keep its target audience engaged with a fun central conceit that plays like a cross between Big and Superman."
333,"This superhero has great power, and great responsibility, but ""Shazam!"" wears it lightly and humorously."
334,"The ponderousness and ambivalence that hang over many of the ""grown-up"" entries in the genre are absent here; Shazam! is a big open sky inviting you to come on up and test out those flight powers you just acquired."
335,Lightning doesn't even strike once in Shazam!
336,"A welcome antidote to the usual brooding DC fare, an upbeat superhero movie that feels young at heart."
337,"After the great success of Aquaman, many have been hoping that DC's next film, Shazam! will live up to the brilliance of the film prior and I'm beyond glad to say it does."
338,"Ultimately, Shazam! is probably a little too mature for actual children and too childish for adults, but it's serviceable enough to warrant a sequel that explores the good, clear ideas introduced in this one."
339,"While the superhero action and comedy may be Shazam's big selling points, what makes it truly great is the touching story of a foster family weaved around everything else."
340,"""Shazam!"" is just a lightning bolt of unexpected joy that is certainly worth your time and money."
341,It's almost as if superhero stories were at heart about wish fulfillment. It's almost as if they're allowed to be fun.
342,"Whenever Levi is on screen, wowed by his new grown-up physique (his muscles seem to have muscles) and shocked by his newly discovered powers, the movie soars."
343,The very fun and funny Shazam! is DC's most joyful and sweet movie since the era of Christopher Reeve's Superman.
344,It's official: the Zack Snyder era of the DCEU is over once and for all.
345,"What is often the most businesslike part of a superhero origin story-establishing the hero's powers-ends up becoming the most entertaining part of Shazam!, carried along by Levi's fidgety, boyish charm."
346,"Shazam is a pure of heart, instant classic that adds a terrific new success story to the growing arsenal of the DCEU."
347,"Shazam! is a wildly fun superhero adventure, with plenty of humor and heart, but struggles at times to strike a good balance between levity and drama."
348,"Supes and Bats will never die, but in Shazam, a character who's been around for seven decades and is only now breaking through into the mainstream, youngsters have a new family-friendly hero to call their own."
349,In a word: magic.
