,text
0,"Obviously fans are happy to keep revisiting the bellowing Wookiee and the warp-speed dashes through the wide beyond, and satisfying as it is, Solo gives them what they want: more of the same."
1,"Luckily, just as tempers were starting to flare, Solo: A Star Wars Story has arrived to save the day."
2,The tropes and twists of shamelessly recycled clichés are presented throughout with an absurd earnestness.
3,"Of all the Star Wars-themed movies, this one is the closest to a Saturday afternoon serial/western. Don't expect more than that."
4,Young Han can only watch helplessly as the gravity of the Star Wars children's crusade overwhelms him and the wondrous fun run gives way to a joyless slog that actually undermines the heroism of A New Hope even as it seeks to foreshadow it.
5,"Whenever ""Star Wars"" tries to develop one of the franchise's key characters, it whiffs. ""Solo"" is no exception, a disappointment on par with ""The Last Jedi"" and the prequels."
6,"Solo: A Star Wars Story has a few missed opportunities and might not change anyone's life, but it is an enjoyable film with fun performances."
7,Survives on nostalgia and good faith rather than telling a story that brings new ingredients to the recipe
8,"Fans hoping to experience some of the most important parts of Han's legacy will have plenty to look forward to here, including the genesis of his lifelong friendship with Chewbacca, and an infamous game of sabacc against Lando."
9,"Solo is an entertaining ride that would make for a fun trilogy of its own. Although not everyone is used to their full potential and none of the action sequences are show-stopping, there are some nice teases for what comes in the future."
10,Solo: A Star Wars Story is a spiritless movie for a brave character. [Full review in Spanish]
11,"Overall I had a blast with this movie. It's a proper space adventure, you can even call it a space heist flick. I enjoyed the high-octane action scenes, specifically the chase scene in Falcon."
12,It was the pulpy space adventure I had been looking for and hadn't gotten for the last 2 films but L3 is the worst
13,Space western that does a decent job of forming a backstory we definitely didn't need. [Full review in Spanish].
14,"The character deaths in Solo: A Star Wars Story will leave you feeling angry, as they are unearned and disproportionately affect women."
15,"A promising and entertaining franchise-builder, but never quite gets to the heart of what makes Han Solo so legendary."
16,"The story is a bit slight and there are certain narrative mysteries that might have been better left unsolved, but all in all, it's a fun space opera/heist movie with a charming cast and some strong set pieces."
17,"Think of it like an appendix to your favorite book. It's a fun movie, but only because of its subject matter and characters. It can't stand on its own."
18,An old school blockbuster film that is far more entertaining than it has any right to be.
19,"It might not pack nearly as big a punch as Disney's other offerings, especially fresh off the emotional devastation that was Infinity War, but Solo: A Star Wars Story is still a journey worth taking."
20,"I think in this case, it's kinda like a magician revealing their tricks. It's still interesting to know and see, but it does lose some of the edge too."
21,"In short, it's clearly a movie made by committee with many hands on deck."
22,"Has some flaws, but it's mostly a harmless and fun film, and certainly deserved more attention and box office gross than it ended up getting."
23,A fine addition to the Star Wars franchise that grows in my estimation every time I watch it.
24,"For all the sci-fi trappings, however, the movie has the feel of a Western, which is apt enough given Han's image as the coolest gunslinger in the galaxy."
25,"The truth is, Solo is far from a risky venture-there's nothing surprising in it, just some good old-fashioned action-driven fun."
26,"I honestly hope the magic isn't completely gone from the Star Wars universe, because it certainly appears to be with this latest standalone film."
27,You might wanna buckle up baby because Solo brings the fun and adventure - if maybe not hitting the zany heights of previous entries.
28,Solo is so hellbent on shoehorning in ironic callbacks to previous films that the teasing presence of such breadcrumbs is more frustrating than nourishing.
29,"The film, as a whole, is unabashed fan-service ... Still, I had a great time watching it and its own way of conveying the fun and feel of the original films."
30,It's fun and satisfying but it never reaches the heights it's aiming for.
31,"It's far better than I expected, and I truly believe that the backlash will fade over time so people can really appreciate how Ron Howard pulled it all together."
32,Solo: A Star Wars Story represents the highs and lows of the series.
33,"Solo does its damndest to generate tension, mostly by cramming every second of screen time with action and plot advancement."
34,"Solo feels more like a placeholder for a better movie yet to come...a pretty good, completely fine movie. Not bad, not great, just watchable."
35,"Once the movie (and the actors) settled in, I forget all of my predispositions and worries and went along for what amounted to an extremely fun ride."
36,"It makes a welcome change from the overthought, gurning pretensions of the Abrams-Edwards-Johnson fanboy exercises, and catches something of the spirit of the original trilogy"
37,"Solo isn't terrible, it isn't great; it's fine. A serviceable, if unmemorable space western that is pretty much redundant."
38,Solo plays it safe with an iconic character known for taking risks.
39,"Solo never does make the case that it needs to exist but, in terms of quality of execution, it's possibly the best movie one could hope for given the brief it has to fulfil."
40,"For the most part, it's almost the perfect in-betweener Star Wars movie."
41,"Unlike 2016's Rogue One, a heavier story predestined to end darkly, Solo is more of a caper that whizzes and hums along with the spritely energy of its title character."
42,"When the supporting cast is more appealing than your main character, it's hard to care about what they're supporting."
43,"Solo may have the look and feel of a Star Wars movie along with some iconic characters, but it's missing the heart of one."
44,"Solo is an uneven at times and pretty minor journey into that galaxy far, far away, but it has enough moments of simple fun that it steers clear of being an all-out disaster that many feared."
45,"I exited the theater with the same sense of delight and surprise that Han Solo expresses after a successful escapade through danger: well, I'm glad that somehow worked out."
46,"On the surface, Solo resembles the classic Star Wars film, but it doesn't take long to determine that Howard's entry is just a meek variation of the beloved franchise."
47,"If you allow yourself to surrender to its fast-paced heists and winning performances, it's a cracking little space adventure about the dregs of the galaxy."
48,"Ehrenreich tries the best he can, but just can't capture the same arrogant charm that Harrison Ford made so iconic. He winds up being just as bland and forgettable as the rest of the film."
49,"There are many enjoyable moments and sequences, a handful of surprising twists and revelations and a bevy of great performances."
50,"There is so much to love in SOLO: A STAR WARS STORY. From great character design to even more brilliantly executed practical effects, the pros far outweigh the cons with this production."
51,"It's entirely safe. It takes few risks and prefers to deliver what's entirely expected from its viewer. We get what we came for, and barely anything more."
52,"Solo doesn't just make the young Han boring; it reaches back and retrospectively makes the older Han more boring, too. That's some trick."
53,I'll throw my hands up and say that I didn't think Solo: A Star Wars Story was a good idea.
54,"There's enough swashbuckling action to stay for the ride for the rest, but don't be surprised when none of it moves you afterward."
55,The film is restless and hardly provides any reason to exist.
56,"Solo isn't a disaster, it's just an uninspired showing that is passably entertaining."
57,"Honestly, all the big draws to the film were the biggest letdowns of it for me."
58,"The movie is a blast, one you should definitely see if you have not, and you probably will since most Star Wars fans are completists even when they profess to hate a given installment."
59,What frustrates me is that it seems the original directors were trying to build an element of unpredictability into pre-manufactured franchises. What we have is the heartwarming Han as our connection to Star Wars grows a little dimmer.
60,I left with the sentiment of feeling uninspired...how am I coming out of a Star Wars movie like that?
61,I don't know how they botched it with such a great cast.
62,None of what the movie did made up for the fact that I still just didn't come out of this movie understanding the character of Han Solo any differently.
63,It was cohesive and the narrative made sense.
64,What's onscreen simply isn't magical enough. It might please die-hard fans to know how Han got the last name or how he made the Kessel Run in less than 12 parsecs...But I think even they might be disappointed.
65,"It's enjoyable, but this saga used to be iconic. Now [Star Wars has] merely become an aesthetic. And that's ok."
66,Alden Ehrenreich is a very snappy bit of casting.
67,So what's missing? The rogue spirit that let Han steal scenes in A New Hope so easily.
68,"It's not a perfect film, but it is a pure fun summer adventure. That's what they were going for, and that's what they absolutely crush."
69,"A few unexpected twists towards the end, and the work of its top-notch cast... simply aren't enough."
70,"I enjoyed [Alden Ehrenreich], I thought he was charming and cute. All the things I think about when I think about the character Han Solo."
71,If anything it was a bit TOO much action. I would have like to substitute that with more story.
72,"A scruffy nerf herder in a ""galaxy far, far, away..."" Solo: A Star Wars Story, a movie that has no reason to exist, is a fun lovable escapade that gives us a new introduction to the most famous non-Skywalker in the galaxy."
73,"This doesn't give much room for the actors to breathe. It's a miracle Ehrenreich is able to make anything at all with Han, given how much mimicry he has to do."
74,"This is not one of the best Star Wars movies, but it isn't a failure either. It works as a little adventure with winks at its classic predecessors."
75,"Even without Ford's sideways grin and whiskey edged roughness, Ehrenreich's got enough swagger and bravado, cool cockiness, and sex appeal to pull it off. And he's fun to watch."
76,Gladly abandons its tired out mythos (for the most part) by providing a fun space adventure that both fans and moviegoers can have a great time with.
77,"These characters are among the best parts of Solo, which does have good moments amid the awkward choices and ticky-boxing approach to Han's backstory."
78,"How did we get an origin story where Han Solo is not only NOT the most interesting character in the movie, he's honestly maybe sixth or seventh?"
79,"Howard is an excellent director and even given a beleaguered franchise movie, he delivers an epic fantasy picture that enthrals audiences from start to finish."
80,"With fantastic action sequences, a stellar cast and character dynamics, and a story you can get behind, Solo is very much worth the watch."
81,"Solo: A Star Wars Story is a rousing space cowboy yarn with a lot of action, fun special effects, a little romance, a few laughs and some tricky plot twists."
82,Solo revels in retro fun without groveling for fans' approval.
83,"There are more interesting and new unexplored corners of the Star Wars universe, unfortunately [Han] Solo's backstory isn't one of them."
84,"Despite all of the derivative banter, screen saver imagery and simplistic moralizing, Ehrenreich's combination of reckless glee and stubbornness endure with the same bravura Ford's did in the original Star Wars."
85,"Solo: A Star Wars Story is made for the geeks, and I mean that as a compliment. It would pass the Comic-Con smell test with flying colors."
86,"What it doesn't do, is expand the mythology in any way, and unlike the far better ""Rogue One,"" it lacks the confidence to tell a different kind of story."
87,There are some pretty good surprises here and I advise everyone to go in clean!
88,"Ultimately, Solo's biggest disappointment is that it is forgettable, especially among the sea of other hero movies that came out recently."
89,"It has a solid grounding in the series, and a respect for the people who made and love it."
90,"All in all, ""Solo"" is a welcome piece in the continuing ""Star Wars"" saga!"
91,Solo: A Star Wars Story wants to benefit from its main characters' legendary status without contributing much to it.
92,"At its best, Solo captures the origins of that unique mix of characteristics, portraying the young Han Solo as a man trying to find his voice and his identity and having to fit himself into the mold of outlaw smuggler."
93,"""It flatters Millennial audiences, who are largely unschooled in the literary-cinematic history of chivalry, to romanticize their own self-gratifying assumption of virtue-signaling."""
94,"Solo is actually fun, a rip-roaring adventure that never forgets that it's - and for better or worse, never aspires to more than - essentially a space Western."
95,A complete whiff...
96,"Considering everything Han Solo has been through, the new movie isn't as bad as, say, being frozen in carbonite or that long-awaited reunion with his son. But it isn't far behind."
97,"A stand alone film with great special effects, that pays homage to the Star Wars franchise while creating new and refreshing characters."
98,A fan-pleasing machine writ large across a swiftly-paced yarn with good humour and a handful of boisterous action set-pieces.
99,"A jovial jaunt with long-beloved figures, as opposed to a future-thinking continuation."
100,"The kind of glossy, undemanding romp the franchise has been aching for."
101,It's entertaining and maybe that's enough. [Full Review in Spanish]
102,It's a feel-good take on the saga's flyboy - and as such the film is immensely satisfying.
103,More fun than it has any right to be. Ehrenreich and Glover are terrific younger versions.
104,"Passable Star Wars entertainment...which adds up to it being sort of a disappointment. The messy production schedule is evident in final product, but it certainly has enough moments to make it fun at times."
105,No Star Wars installment has been more lost in space than this one. [Full review in Spanish]
106,"In conclusion, Solo is a playful space adventure film... whose B series charm connects it directly with the spirit of the original films. [Full review in Spanish]"
107,"The two entries into the new trilogy have felt epic and heavy but also joyous and uplifting. Solo tries to grasp at both ends of this spectrum, with doomed romances alongside soaring Falcon chase sequences, but it never really reaches either."
108,"It is a rollicking, action-filled space adventure full of rogues and monsters, evil-doers and femme fatales, space ships and robots."
109,"The trio [of Ehrenreich, Glover, and Clarke] might've made an excellent film, had they been given better material than the exposition heavy dialogue in Solo. Would that it were so simple."
110,"It's a shame that a project that on paper had the potential to be something interesting, turned out to be a movie so mediocre for a character who doesn't deserve that. [Full Review in Spanish]"
111,"""Solo: A Star Wars Story"" unveils at breakneck speed: seldom slowing down for any viewer but the most ""Star Wars""-literate to comprehend much more than a simple he's-good-he's-bad-shoot-fast-and-speed-off storyline."
112,The problems extend from characterization to plot.
113,Maybe some Star Wars stories don't actually need to be told.
114,"It's all good. And that's its problem. This was the film for Star Wars to go completely rogue. It didn't. Yes, it might have been bad. But at least it wouldn't have been so boringly, satisfyingly good."
115,Solo is essentially a 135-minute version of the River Phoenix sequence from Indiana Jones and the Last Crusade - only it looks like complete garbage and is no fun at all.
116,This is the most authentic Star Wars movie since The Force Awakens.
117,"How Han Solo meets Chewbacca is one of the highlights of this thoroughly enjoyable, action packed adventure in which friendships are forged, hearts are broken; and plans change."
118,This spin-off works despite some of its shortcomings and successfully entertains. [Full Review in Spanish]
119,"Filmmaker Ron Howard delivers a narrative that doesn't, at the outset, hold a lot of promise..."
120,A movie meant to cash in on one of Star Wars' most iconic characters. But going in with those kinds of expectations leaves you with a movie that is pretty fun most of the time.
121,"The fan service is strong with this one, dropping easter eggs, deep cuts, and obscure references that touch upon everything from the original movies to the prequels and even some of the Marvel and Dark Horse comic book series."
122,"There's no ""force"", so you don't have to keep track of who's got the force and who's strong with the force. There's a good villain and a surprisingly heartfelt romance. But the heart of the film is the relationship between one man and his wookie."
123,"If you want to see a perfect example of a once-loved and brilliant movie franchise being milked bone-dry, then the prequel spinoff ""Solo"" is the movie for you."
124,"You can go ahead and put me firmly in the ""loved it"" camp. It wasn't a perfect movie, but it was enjoyable from beginning to end, and I had a lot of fun."
125,"Solo may not be the best Star Wars movie (it's definitely not the worst), but it's an important one that should provoke conversations."
126,"The movie is at its best when it's just about the one-upping maneuvers of interstellar con men (and women, and various nonhumans)."
127,"Howard raises his game here, speeding us through unusual landscapes and top-notch set pieces."
128,"Howard keeps everything moving at a whip, as if he wants to finish the film under twelve parsecs. But speed paradoxically doesn't make for excitement. Too much breathlessness and we simply suffocate."
129,Watching Ehrenreich is one of the film's greatest pleasures. His performance balances the weaknesses in a script filled with starts and stops and a movie whose pace stutters rather than flows.
130,"Focussed, fun and faithful to the lore, Solo is a worthy and entertaining expansion of the Star Wars universe."
131,Great popcorn fans for 'Star Wars' fans.
132,"The first act is glacial, the extended universe connections weak and the entire concept and execution of L3 abysmal. But Ron Howard's cliffhanger confidence in the action and the smoky, alluring cinematography from Bradford Young carry it through."
133,"While Solo is not the greatest Star Wars film, it is certainly a good one."
134,I recommend [Solo: A Star Wars Story] if you have enjoyed the previous entries. [Full Review in Spanish]
135,"Compared to the other Disney offerings in the franchise, Solo is the most consistent."
136,Solo: A Star Wars Story is a film designed for complacency in particular for the thousands of fans who clutch Star Wars to their heart. [Full Review in Spanish]
137,"The only disappointment about Solo, in fact, is Solo. It's not Ehrenreich's fault...he's an actor, not a celebrity impersonator, and he cannot be blamed for our disappointment..."
138,"Everything about Solo seems just plain tired, from Ron Howard's rudimentary direction to the more-of-the-same/ incessant score to the murky cinematography."
139,"Ron Howard has ensured that Solo is no embarrassment to the franchise, but the chases and hair's breadth escapes become a little tiresome in a less coherent second half."
140,"This popcorn Star Wars prequel is light, funny and entertaining for the most part, unlike the previous, heavy, serious, tragic prequel, 'Rogue One: A Star Wars Story,' but nevertheless, it seems pretty sleight, with thin characterizations."
141,This is franchise film-making at its worst.
142,"Solo is entertaining but never compelling. Given the troubled production history, though, that still counts as a win."
143,"Solo's blockbuster burden is heavy, but as ""a Star Wars story,"" it succeeds: Han shoots first, and most of us go home happy."
144,"Franchise fatigue is real and it's acutely felt in a galaxy far, far away."
145,"A modest yet fun movie full of energetic action sequences, great special effects and efficient performances. [Full review in Spanish]"
146,Solo fleshes out a solid past for a guy who learns to trust less and still has enough goodness within to join up with a galactic rebellion later
147,"Director Ron Howard breathes new life into a franchise that had grown tired and repetitive...The story is good enough to survive if it were set in our galaxy, on our little planet, in today's time."
148,"A film comprised entirely of information whose significance was determined decades ago, ""Solo"" explores events that shaped Han Solo, but seems actively at war with itself over how much to humanize the most irresistible rogue in the galaxy."
149,"It's no The Last Jedi, but it's fun, exciting, and quite entertaining, a combo that is made all the more impressive given the long, bumpy, and nearly-disastrous road that it took to finally come to the screen."
150,"(Ehrenreich) does emulate the actor and the character of Han, and it doesn't take long to accept him as a younger model... with a familiar knowing smirk that informs him as a good guy among bad guys... even if not law-abiding."
151,"Firmly rooted within the Star Wars universe, thanks largely to a script by Lawrence Kasdan, who knows this universe intimately, and knows how to write Han."
152,What in Alden Ehrenreich's resume convinced someone he could be the next Han Solo! Star making role that just fizzled. But long live Chewy.
153,"The picture is zippy enough to almost earn a recommendation. But while those folks who love all things Star Wars regardless of quality will adore it, those of us who grew up with the franchise and find it still rooted in our DNA deserved something better."
154,It's ... fine.
155,File Solo under 'Frivolous Fan Fiction.' ... The starship streaking into light speed here is strictly the millennials' Falcon.
156,A mostly successful adventure with a few great action sequences and memorable new characters.
157,How could they do this to a good joe like Chewie? They've turned him into a wonky Wookiee enslaved by incompetents in a universe of stifling mediocrity.
158,"SOLO: A STAR WARS STORY is well-rendered, fun, and exciting, hitting many of the nostalgic touchstones of those earliest films, while introducing a story all its own, and well worth your summer box-office bucks."
159,"Solo: A Star Wars Story is a ricocheting experience of highs and lows, and the end result doesn't inspire any real extreme reaction."
160,"Even at a stretched two hours, the whole thing feels like an aside - a small, low-stakes story stripped of the mythos and epic scale that make the new crop of Star Wars films land."
161,"If you're going to make a film that is essentially a narrative colouring-in exercise, you might as well make it zippy and fun - and that's precisely what director Ron Howard delivers."
162,"Out of all of the prequels set before ""A New Hope,"" I would definitely say that ""Solo"" is my favorite..."
163,"[H]as its faults, but works fine as a buoyant popcorn flick with a charismatic lead [and his] close calls, barbed quips, and vast swaths of deeply satisfying swagger, the which Eherenreich pulls off with a nifty nonchalance."
164,"Finally, Han Solo's origin film is satisfying enough with its nicely executed and elaborate actions sequences... [Full review in Spanish]"
165,"Solo is fun, flawed and ultimately forgettable. It's an amiable popcorn adventure... and sometimes that's all you need."
166,There is not much of this narrative prelude to praise... [Full review in Spanish]
167,"At any rate, Solo: A Star Wars Story is worthy entertainment (and is even very solid in its second half)... [Full review in Spanish]"
168,Solo works as a window to classic cinema. [Full Review in Spanish]
169,"If you've ever wondered who Han Solo was and where he came from - this scruffy, adventurous prequel supplies the answers."
170,Han and Chewie heading into warp speed (then flashback) might have provided the early bolt the first act sorely needs. Still. it's an OK space vehicle for anyone but 'Star Wars' junkies likely expecting a better ride.
171,"Works as a heist movie, less successful as an origin story."
172,"Lucasfilm is once again playing it safe with its post-George Lucas movies, giving up what might have been a riskier, more surprising film."
173,"This Star Wars prequel comes down to the charm and charisma of its characters, who are ... adequate."
174,"As for the debts with the past, 'Han Solo' manages to unfold the most recognizable qualities of its iconic protagonist... [Full review in Spanish]"
175,"In short, the story of Solo... turns out to be an entertaining film, but one that does not show the stars in their entirety. [Full review in Spanish]"
176,"Overall, 'Solo: A Star Wars Story' is a great time at the cinema and really gives Han Solo the spotlight he deserves."
177,"Ron Howard delivers a rip roarin' single in the Star Wars saga with this entertaining origin story of Han Solo, Chewy, and Lando."
178,"It wasn't necessary to fill in all the gaps about Han Solo's life before Luke Skywalker enlists his help in a Tattooine cantina, but the movie exists anyway, and it's a whole lot better than most cinematic prequels."
179,"A strong cast and the beginnings of a compelling story are wasted by what is, whichever director or directors is responsible, some of the worst filmmaking in Star Wars history"
180,"If a robot... is the most charismatic character, something is wrong. [Full review in Spanish]"
181,The star of the film is its black director of photography Bradford Young.
182,The largely adorable cast is one of the only things about Solo that works particularly well.
183,"By the end of this safe, bland origin story, one will walk away feeling entertained, but without having learnt anything surprising-or even interesting-about one of the franchise's most important characters."
184,"This is a solid addition to the Star Wars series, with enough action to keep younger viewers in their seats. It doesn't add a lot to the story, but neither does it diminish it."
185,"Taking its cues from the superhero origin story, Solo goes to great lengths to do fan service over its two-hour running time. For the rest, this prequel is a by-the-numbers entry in the franchise and easily the weakest film in the rebooted series."
186,"Ehrenreich never seems to linger in a moment, find the right timing, or scratch a sniff of sincerity. For the most part, he's trapped somewhere between frat boy and fake soldier - which really isn't all that attractive."
187,"With a fine balance of action and humour, the film leaves one yearning for more from the epic sci-fi saga."
188,"Alden Ehrenreich makes for a likeable Han Solo. He doesn't ape the mannerisms of Harrison Ford, the original Solo but gets the spirit of the character right."
189,"Curiously, the least interesting thing about the movie is the title character."
190,"Considering its production history and the fact that most ""origin"" films are inherently blasé, ""Solo"" acquits itself quite nicely. Maybe it doesn't add a great deal to the mythology, but for fans of the space western genre, it's solid entertainment."
191,"It's good enough. Like Rogue One, it features scene stealing droid. Train robbery sequence is a highlight. Kessel Run not so much."
192,"Nothing in Solo can compete with a single scene in The Force Awakens. But what this film does have is cape-clad pilot Lando Calrissian (Donald Glover) and his pal, uppity droid L3-37 (Phoebe Waller-Bridge)."
193,"If you're after slick action scenes, spectacular special effects and exhaustive explanations for every reference to a key character's past, this is the blockbuster you've been looking for."
194,SOLO takes the idea first explored in George Lucas' abominable prequels-explain away the magic-and runs it aground.
195,"Satisfying, action-packed prequel explores Han's roots."
196,A fun couple of hours. Cowboys in space like Star Wars should be. Ehrenreich doesn't have Ford's natural swagger but his 84-tooth smile more than makes up for it.
197,This isn't The Force Awakens but proves about on par with the dreary Rogue One.
198,It's an against-the-odds triumph. But never tell him the odds.
199,"Solo can't decide how many elements of the primary Star Wars narrative it wants to include, which translates into an uneasy mix of fan service and original thought."
200,"The film is cohesive, zippy and confident to a fault, an interlocking piece of an ever-expanding - or should that be contracting - universe where most of the spontaneity has been relegated to the bad press."
201,"I doubt many people were hankering for this to be made, but it's a pretty good b-movie."
202,"If you've liked most if not all of the previous entries in this movie universe, you're probably going to be entertained. (Full Content Review for Parents - Violence, etc. - also Available)"
203,"Breezy and forgettable, Solo reveals the franchise coasting on autopilot with only one woke character to spoil the fun."
204,"Han is a character that is all about living on the edge, playing the risk/reward angles. And this film doesn't take enough risks to be completely rewarding."
205,"These auxiliary tales are starting to look less and less like true standalone efforts, picking up the bad habits of one too many convenient tie-ins from their MCU cousins."
206,"...A fun and exciting, though imperfect, addition to the Star Wars array. 'Solo' is well worth seeing, particularly for fans."
207,"If the resulting film isn't as zesty as The Last Jedi, it at least provides a solid night of thrills and chills - which was what George Lucas's original Star Wars was supposed to be about, anyway."
208,"Solo is at its best when it's uncoupled from all that heavy lifting, just crammed in a cockpit with its likeable cast and shooting for the stars."
209,The story may be slight but it's propulsive enough and enjoyable enough to be a fine Star Wars movie in its own right - a far cry from the sterile prequels it invokes in a sop to younger fans.
210,It's a rite-of-passage movie about what it takes this free spirited rebel - a reckless kid more concerned with impressing a girl rather than igniting the spark that will eventually fuel the rebellion - to become the character we know and love.
211,"While the film is titled, ""Solo: A Star Wars Story"" it should have been called ""Solo and Chewie: A Star Wars Bromance"" because it is their relationship that is the heart and soul of this story."
212,"If if offers nothing new, it does what it does with craft and skill."
213,The film is at its thriving best when the screen is filled by the potpourri of personality that orbits the pivotal pilot of the title.
214,"Even if most of the plot's twists and turns are fairly obvious, it's amusing to watch the balance of power shift between the characters. And no one is just along for the ride."
215,Ron Howard's prequel has enough to satisfy the cognoscenti and the dabbler alike.
216,"Howard lends his expertise as a narrator, but deploys a staging and assembly without spark or claw. [Full Review in Spanish]"
217,"Solo: A Star Wars Story is a swift breeze, cheerful and exhilarating, without feeling too long or exhausting."
218,It's telling to note the most compelling characters are Donald Glover's Lando and Emilia Clarke's Qi'ra in a film that's supposed to be spotlighting Han Solo.
219,Solo shows that Rogue One was not a fluke. There are stories to be told in the Star Wars universe that don't have to advance the main saga.
220,The Ron Howard-directed origin story lacks the thrills expected from watching a young Han Solo scraping by in the galaxy.
221,"We want our Star Wars movies to resonate and stay with us... and the more I thought about Solo, the more I disliked it. That's not to say that it's without a few highlights, but I find it a little bothersome."
222,This is a lively affair with treats for fans and a barrage of entertainment for all.
223,"If you're going to introduce a prequel to the Star Wars saga in a different way than anyone has tried before, you'd better deliver the goods. Solo does exactly that. I think the magic key can be summed up in one word: casting."
224,"In the end, Solo is a planet-hopping action romp that hits the ground running and rarely hits the breaks. And it comes with a scene almost as good as Rogue One's Darth Vader moment."
225,One senses that completing production was the primary accomplishment to the exclusion of those virtues that made Star Wars and The Empire Strikes Back so transporting.
226,Imagine you have all the money in the world. You can tell any story you want! Nobody to stop you. No one. And what you give a hypothetically eager audience is Ron Howard's Solo.
227,"It doesn't feel like a cohesive piece, so while it's at times charming, and does get off the ground in the last act, the getting there is extremely bumpy."
228,"Tons of people are going to be entertained by this movie, but it didn't really justify its existence beyond making money."
229,"This is just a heist movie, an origin of Han Solo and an explanation of the character we all love. And I am here for it...it could have been a lot better than it was, but I expected it to be worse."
230,The best - and worst thing - you can say about Solo: A Star Wars Story is that it is a fun throwback.
231,"With Ron Howard at the wheel, the film becomes a galactic western with a good dosis of humor and adventure. [Full Review in Spanish]"
232,Solo is the first indication of a future where the movies in this saga become exercises in obligatory commercialism that contain no amount of creative spark. [Full Review in Spanish]
233,"Howard knows how to make the film move. But for all the characters, chases, card games, twists and turns, the story itself is surprisingly ordinary, and even a little dull at times."
234,"Yes, these are all important moments in Han's formative years, but onscreen they are average and often pedestrian."
235,"As for actually understanding and seeing how Han turns ... into the character we already know, these are, apparently, matters for later."
236,My main beef is that there is no sense of originality despite it being an origin story.
237,A dizzyingly effervescent spectacle that reminded me precisely why I fell in love with Star Wars as a child.
238,As disconcerting as the film's start is... it takes off like the Millennium Falcon in its second half. [Full review in Spanish]
239,"It may not look like much, but it's got it where it counts, kid."
240,"There's nothing here like the wince-inducing dialogue or wooden acting of George Lucas's prequel trilogy. On the other hand, there's nothing like their visionary quality either."
241,"Considering all the turmoil behind it, Solo: A Star Wars Story has no business being as good as it is."
242,"A tedious, overlong and insipid bore with no emotional core nor any palpable thrills."
243,"The best thing about ""Solo"" is its tight script, filled with interesting twists and double-crosses all the way to the end."
244,Solo is an effective and entertaining space western...
245,"A rollicking, entertaining entry in the storied franchise."
246,The formula is strong with this one.
247,"Solo: A Star Wars Story delivers exactly what it promises. It is a very competent and, at times, riotously enjoyable film. If that is all you want your Star Wars to be, then you'll go home happy enough."
248,The early life of Han Solo unfolds in this action-filled galactic western.
249,The action is surprisingly disappointing. Most of the blockbuster moments feature so many fast cuts that there is none of the epic quality that is a mainstay of the franchise. With no tension or sense of menace these scenes drag rather than exhilarate.
250,"""Solo: A Star Wars Story"" isn't necessary in the grand scheme of all things ""Star Wars."""
251,"It's fine, and occasionally even inspired, with a couple of set pieces finding the playful energy a young Han movie should have by the barrelful."
252,"A fun, fast-paced adventure, chockablock with gadgets and action yet populated by characters we care about."
253,"It turns out there's room for some swashbuckling in a galaxy far, far away as ""Solo"" shoots first and sweats the details later."
254,An adventure that lacks poetry but succeeds as popcorn entertainment.
255,"There is a rote quality to Solo: A Star Wars Story that not only undercuts many of these thrills, but runs directly counter to the spirit of Han Solo."
256,"Solo probably won't top anyone's list of their favorite Star Wars movies, and if you're looking for any surprises, you've come to the wrong place. But that doesn't mean it's not a whole lot of fun."
257,"While everyone who isn't named ""Han"" is short shrifted, Ehrenreich gets a really good grip on the character from the get-go, and watching him fumble and flail through his adventures is immensely enjoyable."
258,"There's no heavy lifting to be done here, just have fun with the material. And yet fun is oddly lacking...There's nothing terrible about Solo. It can be spectacular, it can be charming, but it lacks sparkle."
259,"An annual Star Wars film might have been the childhood dream of many of us, but Solo suggests otherwise."
260,"Ron Howard may be the person that Disney claims saved Solo, but it's a salvage job that proves less than endearing."
261,"Where Harrison Ford brought humor, sex appeal, and depth to Han Solo, Alden Ehrenreich brings an arched eyebrow, an idiot's grin, and the sex appeal of seaweed."
262,"It doesn't achieve greatness, but it's certainly not the disappointment many expected it to be."
263,"Like Han Solo himself, Solo is rough around the edges. Under the grime, though, is a fun romp through space that's more lighthearted than you might expect from Star Wars."
264,"As a B-movie, ""Solo"" delivers, sometimes in a way that reminds a viewer of this franchise's roots in classic Saturday matinee adventure serials and sometimes simply as proficient, dutiful, time-passing entertainment."
265,"As long as it sticks to that straightforward action-adventure premise, Solo is a blast."
266,"It's weighed down by so much unnecessary fan service, but on the bright side, that means the sequel will automatically be better."
267,"By and large, Howard delivers, although he does so in a typically Ron Howardesque manner, with a solid movie that is eminently watchable, but very much in the realms of ""good"" rather than ""great."""
268,"The new movie has been described as a space western, but I think it's more like a pirate movie - and almost pure fun from start to finish."
269,"If you think of it as an isolated action movie, however, it's a lot of fun."
270,"Solo is a closer cousin to the original source material, than to the new crop of trilogies and standalone films."
271,"A thoroughly reliable addition to the 'Star Wars' corpus, closely mimicking the spirit of the first two movies in the series if not managing to recapture their magic."
272,"Could Solo, like Rogue One, become something deeper than an appeal to nostalgia? As it turns out, the answer's no."
273,Han Solo is no longer one of Star Wars' most enigmatic characters - he emerges from this film with enough backstory to satisfy the most dim-witted armchair psychoanalyst.
274,"Solo is efficient entertainment and no more than that, but it's also no less."
275,"But the neutral news about ""Solo"" is exactly that, its dramatic neutrality. Time ticks by at a drifty pace while lots of action of no great consequence grinds on."
276,"Certainly one of the most romantic of the 10 films so far. But it's also spotted with doughy patches, heavy info dumps and battle scenes that aren't quite coherent."
277,"Solo: A Star Wars Story is engineered to be vigorously cute and unflappably charming, so there are plenty of little bits that brighten the experience throughout, but they add up to a mountain of mostly nothing."
278,"The movie generates a decent amount of good will, and after a couple of hours under the hood, Howard gets it running."
279,Although it strongly embraces a sense of fun and derring-do...Depth of emotion is not its strong suit.
280,"a proficient, well-made film with some moments of genuine inspiration, even if it likely won't set the world on fire."
281,"Regardless, Solo is a good time at the movies, even if Howard should not have helmed it."
282,"There's no denying that Solo: A Star Wars Story is, for the most part, an absolute blast."
283,The heavy Star Wars legacy sits lightly on Mr. Ehrenreich's shoulders in a Disney-Lucasfilm movie that is finally having fun.
284,"Not as strong with the force, this one is."
285,"It may not be one of the best Star Wars movies, but viewed as a sci-fi summer blockbuster, it's a blast."
286,"The director(s) left Han in the background. The iconic Solo deserved a better origin story. A seasoned actor would have demanded more presence and not a hobbled, wimpy love story. A typical Ron Howard movie lacking passion."
287,"A Star Wars-flavored juice drink* of a movie (*contains 10% real juice) that tells us nothing of significance we didn't already know about Han Solo, in an incarnation that lacks his essential charisma and precarious danger."
288,A breezy summer entertainment that benefits from high spirits and low expectations.
289,Solo: a movie no one was clamoring for that has been made without any distinguishing qualities.
290,This is a film that prefers the version of Han Solo where Greedo shoots first.
291,As Han himself might say: 'I have a bad feeling about this'. But any rough edges resulting from the abrupt change of director have been entirely smoothed over.
292,STAR WARS films will forever be entertaining --- they incorporate so many feelings --- and so much humor. SOLO: A STAR WARS STORY is no exception --- looking forward to the next.
293,"Anchored by a strong, even heroic performance from Alden Ehrenreich who manages to accomplish the near impossible --- do justice to the iconic character perfected by Harrison Ford. Otherwise, SOLO is pretty standard stuff."
294,"A lighthearted and enjoyable Star Wars adventure film. Alden Ehrenreich shines, exceeding unfair expectations. [Full review in Spanish]"
295,"Solo is a space Western, more or less, and the more it leans into that model, the more fun it is."
296,"Most of me really loves this movie, but the Star Wars fan inside just can't."
297,How does a movie about the galaxy's most dashingly roguish outlaw end up being the safest Star Wars to date?
298,"It may not be necessary, but it is most welcome...fits as satisfyingly into the ""Star Wars"" universe as that last piece in a jigsaw puzzle."
299,"There are times when Solo: A Star Wars Story gets it right, and all the measures of Cool that generations have adored and emulated positively glow on the big screen with an eye twinkle and naughty grin."
300,"Avait-on vraiment besoin de voir tout ça? Probablement pas. Mais pour ce qu'il est, Solo livre relativement la marchandise. [Full review in French]"
301,"Solo tied me out with a lengthy action sequence about three-quarters of the way through, but overall the origins story of Han Solo proves an entertaining enough addition to the Star Wars galaxy to drown out quibbles."
302,The charm in Solo comes more from the cast than the story. It's a rogue's gallery of likeable characters.
303,[Solo: A Star Wars Story] manages to distance itself from failed attempts into the darkness of the saga and returns with product that cannot fail to gain the empathy of the public. [Full Review in Spanish]
304,"Ron Howard, who picked up the reins [from Lord and Miller], has delivered a seamless, planet-hopping adventure that charts Han's beginnings as a desperate street urchin with big dreams through his rascally acquisition of his famous ship."
305,Like expensively produced fan fiction that is entertaining enough but never quite manages to find its own footing to stand on its own.
306,"A slam-bang action movie that never quits moving, but more than that, it creates an authentic universe."
307,"These are some big space shoes to fill. But hey, give the new Han some room to grow--to become Solo--and he grows on you."
308,"It's not that it's terrible, but it certainly falls into the take-it-or-leave-it category with its mediocre plotting, inconsistent characterisation and regrettable writing. It was decidedly underwhelming and definitely too long."
309,"At times, ""adequate,"" save for the lead, who is miscast"
310,After a wobbly start it works fairly well...with enough for [Star Wars] geeks and non-geeks alike.
311,It's cool that Solo: A Star Wars Story lets you know how Han met Chewbacca and Lando. But that's just enough intrigue to fill a trailer -- not a feature film.
312,"It's clear that [Alden] Ehrenreich is from from having the charisma of the young Harrison Ford, but he manages... [Full Review in Spanish]"
313,"Han Solo dedicates a lot of space to those little details, and that's why (among other things) it's not the disaster that was predicted until now. [Full review in Spanish]"
314,"I'm not sure who ultimately deserves the credit given the director change but Solo: A Star Wars Story, as a finished product, is an entertaining film."
315,"Like Rogue One before it, Solo: A Star Wars Story brings elevated expectations for future Star Wars spin-offs back down to Earth. Except when it comes to a vehicle for Lando. Now there's a new hope."
316,"There's some fun to be had, but it's lacking in stakes, energy and depth. Alden Ehrenreich delivers a solid performance, but the movie overall doesn't add all that much to the character."
317,"There's a whole galaxy out there, but Ron Howard doesn't seem to realise it. His Han Solo prequel is a pedestrian journey through a series of inconsequential set-pieces, where character development of its iconic protagonist is stuck to the surface."
318,"[A] lot better than fans had any right to expect, but it is not the ripping yarn we collectively yearned for."
319,"No one had to squeeze their brain in order to present the 20-something Han Solo. Everything is mechanic, routine and the only thing remotely shocking is that it used shockingly dark photography on a story meant to be bright. [Full Review in Spanish]"
320,Solo is not the disaster that many feared... it's very much a film of good bits and bad bits.
321,It would take a disaster the size of an exploding Death Star to bump Menace from the place as the worst Star Wars movie. Solo comes in second.
322,So it turns out Han Solo may have a lot in common with your grandparents.
323,"A pure dose of adrenalin and joy straight to the heart, Solo has kickstarted a whole new corner of the Star Wars universe, and I can't wait to go back again."
324,"It's a smorgasbord of fanservice moments that practically look directly into the camera and wink, but each time it happens, the gesture gets less and less endearing."
325,A high-spirited adventure that reminds us why we all fell in love with Star Wars in the first place.
326,"Unlike The Last Jedi, it contains no moments when one questions the sanity of the writers, or why, with so many resources and so much talent at their fingertips, they resorted to egregious twists built on flaky or even non-existent logic."
327,"...the Old West with the serial numbers filed off and a light dusting of spaceships, droids, and Wookiees."
328,"The action zips along, with the help of some predictably terrific special effects, but as a whole it feels more functional than exhilarating."
329,"The middle 80 per cent is a great ride, real edge-of-your-seat, seat-of-your-pants adventure; hence the four-out-of-five stars."
330,Solo is not a big-time Star Wars movie. It is a goodtime Star Wars movie.
331,"I really like some of the additions we got...Paul Bettany works very well with Ron Howard, and he gave a hell of a performance in this."
332,"The fans will most assuredly be appeased, and if nothing else, Han Solo will go down in Lucasfilm history as the movie that conclusively affirmed that humans can and do have sex with droids."
333,The chemistry always worked...but I do think some plot points were kind of clunky and things dragged on for a while...
334,Struck me as intellectual property unconvincingly arranged into the shape of a movie.
335,"Think of Solo as you would its eponymous hero: a scruffy-looking, half-witted nerf-herder of a film that's not bad to look at, and oh-so devilishly fun."
336,"""Solo: A Star Wars Story"" is a blast. A thoroughly satisfying, unusually fresh entry with a restless, free-wheeling aura and plenty of heart."
337,An unrelenting thrill-ride with little respite.
338,"Ehrenreich manages to make Han Solo his own while never betraying the character's legacy. Have no fear, this far, far away galaxy is still in great shape."
339,"If anything, Solo proves the spin-off side is far more daring, creative and respectful for fans who don't want their Star Wars memories treated like Bantha poodoo."
340,A bland heist movie in space that does nothing unexpected and never justifies its existence.
341,"Whether shooting down TIE fighters or squeezing through constricted black holes, the action is relentless and top notch while hewing to the George Lucas formula of old."
342,"Solo, like the Falcon in Empire, tends to sputter just when it should leap into hyperdrive."
343,"Its flawed central performance ultimately makes ""Solo"" a distinct disappointment."
344,Watching a bromance that you're already super invested in blossom before your eyes is genuinely heart-warming.
345,The rest is nothing more than a compendium of action scenes filmed in a pedestrian way and without inspiration. [Full review in Spanish]
346,"In short, neither more nor less than a fun robbery movie, perhaps a missed opportunity, and certainly a catastrophe avoided. [Full review in Spanish]"
347,"But no one need worry about Solo: A Star Wars Story upsetting the apple cart, or indeed the landspeeder: it does exactly what you might predict a prequel featuring Harrison Ford's iconic space-scoundrel would do."
348,To say that Solo: A Star Wars Story is devoid of ideas is an understatement.
349,"The excitement picks up in the second half, when the film slows down enough so that we can have some feeling for the characters."
350,The only thing this version of Han would do first to Greedo is bore him to death.
351,"Might have looked more at home on the smaller screen... It's a pedestrian affair, visually flat and dingy, with a plot that amounts to a lot of to-ing and fro-ing without establishing very much."
352,"Designed to be safe, familiar, and smile-inducing."
353,One of the lighter of the Star Wars adventures... entertaining as hell but not particularly deep.
354,Cosmos-crashing hokum high on adrenaline and low on visual impact.
355,"Solo: A Star Wars Story hits all the expected Han Solo origin story beats, delivering a solidly entertaining experience with few surprises."
356,"Director Ron Howard ... delivers serviceable goods ... ensuring that this long-running intergalactic series will continue, for better or for worse, into the foreseeable future."
357,"It's tantalizing to wonder what the film that Miller and Lord would have been. Might it have offered a promising glimpse of what a less boilerplate ""Star Wars"" might look like?"
358,"""Solo"" is the worst ""Star Wars"" movie ever released"
359,"Less a movie, more a colouring in exercise."
360,The movie's light tone of an uncompromising and humorous adventure may reflect the fact this is the first film in the series to be completely free of the drama of the most problematic family in the galaxy.
361,"As a standalone movie this is a hell of a lot of fun, with just enough of the old-school Star Wars magic to satisfy the die hards."
362,"So much that weighs down the franchise isn't here yet: no Death Star, no use of the Force. This one's a straight up space cowboy heist movie."
363,I think the comedy version of Solo could have worked.
364,"An entertaining and often thrilling exercise in fan service, Solo checks off all the expected boxes."
365,"After a bumpy start, Ron Howard's prequel settles in and takes us on an entertaining enough ride. There's one great actor in it. And it isn't Alden Ehrenreich."
366,"Solo is a fun ride for sure, but it feels too commercial. It is the least epic installment of the Star Wars franchise."
367,"Solo, the latest entry in the Lucasfilm franchise, brings Star Wars back to earth with a Millennium Falcon-rattling bump."
368,It's no minor accomplishment that the movie is making its targeted May 25 release date and borderline miraculous that it isn't a total disaster.
369,Solo is the first Star Wars film in recent memory that feels like it's selling something.
370,"Things do feel shaky at first, but there's spunk to [Alden] Ehrenreich's delivery and, once he settles in, a twinkle in his eye."
371,"Ehrenreich hasn't failed Solo: A Star Wars Story. The truth, I daresay, is exactly the opposite."
372,No doubt Harrison Ford's Han Solo would casually dismiss this adequately fun origin story with a wink and a wry smile.
373,"It's got a couple of gasps, a lot of action and a built-in Star Wars audience, pretty much everything a movie needs except one: a compelling reason for being."
374,It's a dazzling affair that captures the whimsy and tactility of the original trilogy arguably better than any of the other Disney-era Star Wars flicks.
375,Solo is also the most lighthearted and fun film so far in the expanded Star Wars universe.
376,"Strip away the nostalgia, the familiar Star Wars backdrop and take it for what it's worth, and ""Solo"" is a bit of a clunker."
377,"Best of all, the movie is different."
378,"It's checklist mythology, but thankfully served up with enough panache to make the trip engaging."
379,No light sabres are on display and nor is there any sign of Darth Vader but Solo: A Star Wars delivers exactly what you want and expect from a movie about the young Han Solo.
380,"""Solo"" is not an awful movie, it just has a few awful parts that feel uninspired."
381,"It's ""How I Met Your Wookiee""!"
382,Things fall into place too easily. Intensity is in short supply. I dub this movie Soso.
383,"Solo is pretty, but it's a desolate place to be."
384,Solo: A Star Wars Storyis a film that gives us Han Solo's cinematic origin story while staying true to the original Star Wars trilogy.
385,"""Solo: A Star Wars Story"" gets the job done with little fuss, but also with precious little finesse."
386,"Solo is technically a Star Wars movie, but it's one that has set pieces in place of a personality. It's a film whose base level is ""fine"". Despite some unique cinematography, Ron Howard's direction is staid, stolid, and completely without personality."
387,"Howard and the Kasdans play the series game without ever raising the stakes, defaulting to dull and dutiful when they might have blasted off into creative anarchy."
388,"Far better than we had any right to expect. Thrilling set-pieces, spine-tingling iconography and a Han/Chewie bromance to savour."
389,Solo: A Star Wars Story is a great heist movie and an underwhelming origin story.
390,"A slick, swift-footed adventure which plays like a planet-hopping heist movie."
391,"Although the action can feel at times curiously low-stakes, Solo: A Star Wars Story is an all-round diverting foray into a galaxy, far, far away which doesn't take itself too seriously."
392,"A spectacularly exciting journey with terrific casting and loads of fan service that will honestly probably make even novices with the lore smile, but the prequels do need to find a better middle ground between fan service and taking storytelling risks"
393,"It's merely a solidly made, fun adventure in the company of familiar characters."
394,"In an age when our blockbusters feel more pointlessly busy and somber than ever, [Solo] just might come as a relief."
395,"Solo will please fans, if not necessarily astound them, and leave them anticipating how the story will connect with the original Star Wars saga."
396,"Though ""Solo"" finishes with a satisfying sense of arrival, the movie leaves room for a sequel, and it may be the best measure of this movie's ultimate quality that the idea of another one of these sounds fun."
397,"With [Ron] Howard at the controls, the movie is a fun-fuelled entertainment."
398,"Solo is 'prequel bad,' and as anyone who really loves this franchise knows, there aren't a lot of things worse."
399,"As an intergalactic adventure, it's mostly adequate, with some very successful elements, but if you stripped the Star Wars names and places, it's doubtful that it would spawn much excitement, let alone sequels."
400,"Operating in a middle-ground register that's defined by its bland safeness, he sturdily shoulders the weight of the chaotic material...in a role that demands greatness, he is, in a word, okay."
401,"A corporate directive made flesh, a quarterly earnings report in a vest and black leather boots."
402,"Sorry, ""Star Wars"" fans: The first dud of the new series has arrived in ""Solo: A Star Wars Story."""
403,The imprint of Star Wars on everyday American life now feels so despotic that it's too much to ask a film like Solo to be moving or thrilling as a piece of cinema.
404,"While Solo is a Star Wars movie that gambles on not really being a ""Star Wars movie,"" it's a winning chapter that only sparingly (though intriguingly) shows its hand in connecting to the bigger universe."
405,"A fun, if lightweight space Western, made slightly serious by an equal rights - for humans, Wookiees, even droids - subtext."
406,"Solo doesn't break new ground, but with an adventure this fun, that's just fine."
407,"Overall, don't get a bad feeling about this. You may even laugh it up, fuzzball."
408,"It may be a prequel, and it may ostensibly stand alone, but it fits into the wider galaxy with ease."
409,An entertaining two-plus hours.
410,"It gets off to a slow, muddy, grimly predictable start-but Solo is ultimately, thankfully, one of the good ones."
411,"While ""Solo"" hasn't completely overcome the long odds, those harboring a love of the franchise should come away, ultimately, with a good feeling about this."
412,"Solo is not a bad film, just a relentlessly average one that has no reason to exist."
413,"""Solo"" is a straightforward piece of pulpy entertainment with some very agreeable performances from [Alden] Ehrenreich and [Donald] Glover, who seems to be having the most fun of all the actors..."
414,The relationship between Lando and Han feels designed for a Star Wars generation that wants to see more between its characters - especially those embedded in Star Wars lore who might appear in the next decade of sequels.
415,"Because it sets its sights lower, its aim is truer. It may not look like much - but it's got it where it counts."
416,"This movie springboards off the flaws of Star Wars movies that have come before it, not the strengths... If new Star Wars movies are meant for a new generation, then I feel like a new generation deserves better than this."
417,"There are things to like in SOLO, just not nearly enough of them."
418,Han's evolution in this movie is entirely superficial. He doesn't become the character we recognize.
419,Ehrenreich is not the Han you are looking for.
420,"It doesn't take itself too seriously, but it also holds whatever irreverent, anarchic impulses it might possess in careful check."
421,Solo: A Star Wars Story works both on its own merits as an exciting action spectacle and as an origin story for the franchise's favorite scoundrel.
422,"For better or worse, this is the first STAR WARS movie that doesn't feel or play like an event."
423,"I take a good portion of my naysaying back, and gladly: Solo was the first Star Wars movie in a long time that gave me anything like the light-hearted thrill I first felt seeing A New Hope as a kid."
424,"It's the very definition of ""solid"" and ""competent."" Nothing more, nothing less."
425,"A few quibbles are triggered along the way, but the adventure remains exciting and the performances satisfy immensely, giving the side mission some real charisma and ""Star Wars""-style hustle."
426,Solo: A Star Wars Story commits to being a charming and fun exercise in repackaging nostalgia and pre-owned protagonists. It's just too bad its script never fully committed to seeing through Han's arc ... to its preordained end.
427,"The movie's real hero...is Howard. He managed to bring a fun, if slightly scuffed up, joyride into theaters - against the odds."
428,"Though burdened with a slow start and enough thirsty fan-service to power Comic-Con's Hall H for a decade, it has a kicky, kinetic heist movie at its heart, and its action sequences are machine-tooled spectacles of the first order."
429,"Once Solo gets cooking, it's as cohesive as Star Wars gets, and ultimately, that comes down to the script."
430,"""Solo: A Star Wars Story"" has the makings of a rewatchable and enjoyable flick for a popcorn night. Unsure if this expands the base or isolates it all together."
431,You can feel the two versions of Solo: A Star Wars Story tugging at each other throughout.
432,"Chewbacca, I recognize. Lando Calrissian? He seems familiar. But this is not my Han Solo..."
433,"As soon as I walked out of the theater after seeing Solo: A Star Wars Story, I wanted to see more."
434,"Rather than try to mimic Ford's work beat-for-beat, Ehrenreich has found a way to make the role his own, and in doing so to show us this familiar character from a fresh perspective."
435,"Howard's efficient, confident, slightly square direction does the job. It's his best film in a decade."
436,"Despite the intermittent lags, the production proves to be more than a salvage operation thanks mainly to those engagingly choreographed performances, led by an irresistibly charismatic title turn from Alden Ehrenreich."
437,"In his universally acceptable dreaminess and broad likability, Alden Ehrenreich is a walking hedge, a human limitation of risk. It's the movie star as politician. And that's not what I go to movies for."
438,"Like estimations of how many parsecs it takes to make the Kessel Run, your mileage may vary when it comes to Solo: A Star Wars Story."
439,"Entertaining, but heavy on the fan service-y and far too familiar."
