,text
0,"What makes this homecoming fun is [Tom] Holland, who seems as excited about Spider-Man as his classmates even though he is Spider-Man."
1,"If ""Spider-Man: Homecoming"" is to be judged solely on its ability to unite a diverse audience behind a fun motion picture, it seems to have succeeded wildly."
2,"A strangely oblivious film, one that undercuts its story with exactly the sort of praise-hungriness that its hero learns to overcome."
3,A film that smuggles in a delightfully dorky high school saga under the banner of a too familiar superhero one.
4,This is the Spidey movie we've been waiting for. It's also the best Spider-Man movie of the bunch.
5,"An utter gas, a fast and very funny superflick that inserts Spidey into the larger Marvel Cinematic Universe without ever losing sight of what makes him unique and beloved."
6,"Somewhere inside Homecoming, there is a better movie. A tighter, more effective one. The film we do have is fine, though, occasonally sluggish with an excellent performance from Tom Holland."
7,"The laughs are genuine, but when it comes time for the inventive fight scenes to take place, the movie shines."
8,Easily the best Spider-Man movie - ever.
9,"A good time, but not at the expense of your intelligence."
10,"Spider-Man: Homecoming plays like a coming of age tale in an action-packed superhero setting, and gives us what is perhaps the best portrayal of its titular character."
11,The script is really well done and if I was a teenager I would love this movie to pieces.
12,"[I]ts pervasive bubbly effervescence sets it apart from other depictions of the character (... ). Marvel's Peter Parker is young, bright and eager to participate."
13,"Homecoming is so close to delivering a home run and one of the best superhero films in years, and it's a very hard film to quibble with."
14,"Spider-Man: Homecoming is a winner through and through. It may not be the greatest Spider-Man film of all-time, but it just might be the best first solo outing in the MCU."
15,Spider-Man: Homecoming is smart and sincere and dorky and fun in all the right ways.
16,"You root for Spider-Man / Peter Parker throughout the film, and you also get a great villain to boot, which is normally the MCU's biggest problem. I can't recommend it enough!"
17,Holland is the perfect Peter Parker.
18,Everything is derived. Spider-Man: Homecoming is a typical product of this annoyingly collaborative philosophy.
19,"Spider-Man: Homecoming rightly pulls back on the grandeur and delivers a fresh, sharp, and down-right wonderful piece of popcorn cinema."
20,[Holland} is just as funny and wise-cracking as you'd hope he'd be...he has a sort of earnestness ala Marty McFly that someone like Andrew Garfield could never quite capture.
21,"Fresh, fun and fantastic."
22,What might have been an average movie with the wrong lead turns out to be an excellent vehicle for Holland's budding talent and Keaton's experienced charm.
23,Another cog in a flimsy wheel
24,"Finally, the Spider-Man movie we've all been waiting for is here. And it delivers."
25,"Not only is it a fun ride as a superhero romp, but the bubbly pace will also warrant multiple viewings. This is finally a fresh take on the classic hero. Welcome home, buddy."
26,"We have never witnessed the ""friendly neighborhood Spider-Man"" like we see in the comics...until now ... (school and life problems make him) relatable."
27,This is a bildungsroman with web shooters.
28,"Women and people of color exist at the margins of Homecoming, peeking in but never developing corporeal form."
29,"The choice to make such a different story was a bold one, and it made for an exciting and fun film that has plenty of callbacks to Spidey's villains and the MCU while also feeling new and intriguing."
30,"Yup. Marvel actually made Sony release a whole movie about the hero of their ""their"" superhero franchise begging Robert Downey Jr. to please, pretty-please, let him be in more of the Avengers movies."
31,"Once the story is allowed to relax into itself by about the 30-minute mark, it's a funny and entertaining adventure with some good, but not overegged action sequences."
32,"Lacking a bit of an emotional component present in some past Spider-Man movies, but makes up for it with sheer fun and entertainment value."
33,Jon Watts' vision doesn't top Sam Raimi's nor does his breezy fun times take on the character offer much in the way of substance.
34,"This is without a doubt an amazing return for our legendary web-head, leaving great scope for an even greater future. Welcome home, Spidey."
35,"This feels like the one I've been waiting for even if I didn't know it. Welcome home, Spidey. Hope you'll stick around for awhile."
36,"It gives the character the fun and carefree attitude he's needed for years, but in grounding him so much from the larger Avengers action it robs him of his sincerity."
37,"Welcome home, Spidey."
38,Homecoming is one of the best Spider-Man films to date -- a delightful mix of the Marvel Universe and the world of John Hughes that has plenty of laughs and human elements mixed into the action.
39,"It might be the third reboot of the character in 15 years, but it also gives us the most appealing, fully-dimensional, and naturalistic Peter Parker yet."
40,Tom Holland has been prepping for this role all his life and he absolutely nailed it in his first outing as the new webslinger.
41,The MCU's most family-friendly installment.
42,"Spider-Man: Homecoming reinvents the character for a new generation, while forgetting its roots."
43,I liked the movie quite a bit. It was longer than I would've liked...you really got to dive into [Peter Parker] and it genuinely felt like you were a part of his high school life.
44,Maybe the best movie in the MCU so far? This cast is so great. These teens look like teens. This mix of high schoolers rings true. Why did this take so long?
45,"With a strong performance by Holland, ""Homecoming"" doesn't only incorporate Peter Parker to the MCU but provides a character driven story with humor & heart throughout."
46,One of the most pleasing aspects of Spider-Man: Homecoming is that it feels proportionate. The scope of the plot is big enough to be entertaining and suitable for superheroes.
47,"The film is about Spider-Man facing what it means to be a hero, and what that entails. But instead of saying it as a fancy dialogue, it shows how great power brings great responsibility."
48,"Homecoming can't get too deep into the darker side of heroic activity - it's Spider-Man's movie, after all, his coming-of-age, his acceptance of the hero he is right now and the place that needs him."
49,Holland is a hurricane of fresh air as the new Spider-Man.
50,"If my mind wanders toward television, that's because ""Homecoming"" often feels like a 'roided-up pilot for a season's worth of tidy small-screen fare."
51,"There's plenty of fan fodder for Avengers lovers, but for those of us less Marvelously inclined, it feels more like a rollicking kids' feature."
52,How good is Spider-Man: Homecoming? The short answer: the most fun superhero film you have seen in a long time.
53,"Spider-Man: Homecoming is the type of superhero film that has a message, is wildly entertaining, but also feels incredibly well-thought-out."
54,The hype is real - Spider-Man: Homecoming is definitely the best Spider-Man movie made to date
55,Tom Holland IS Peter Parker.
56,The moral the film does champion is a good one.
57,"The good news is that Spider Man: Homecoming is actually a lot of fun ... And at least this is not a pure origin story, yet again."
58,Tom Holland is the best Spider-Man I've ever seen.
59,"Spider-Man: Homecoming reintroduced an excitement to a character who lost his pizazz a decade ago, and in doing so, reminded us why we loved watching Spider-Man on the big screen in the first place."
60,[John Watts and his team] have pulled off a Marvel of a movie that has as many laughs as thrills and accomplishes the unlikely task of making the endlessly rehashed Spider-Man feel fresh again.
61,"Spider-Man Homecoming is not the best movie in Marvel's highly profitable cinematic universe, but it's the best Spider-Man film ever produced."
62,[Homecoming] is an inventive effort that makes the joke-cracking wall crawler relevant again.
63,"It's not groundbreaking or transcendent or particularly original, but it has great action and a lot of humor, delivering the appropriate spectacle while capturing the charge of youthful enthusiasm..."
64,"This isn't just a homecoming for high school, it's a homecoming for great Spider-Man movies. Spider-Man: Homecoming is another hit for the carefully crafted MCU, which is a force of nature in itself and showing no signs of fading away"
65,"This movie's ultimate achievement is remembering what a great Spider-Man movie should always be in the end: fun, heartfelt, and exciting without ever losing sight of what makes the character so beloved and iconic."
66,Director Jon Watts is avowedly channelling the spirit of 1980s John Hughes teen movies... And it's this strand that sets the movie's enjoyably breezy tone and gives Holland's puppyish charm the chance to shine.
67,"Though now part of a plot-driven epic universe overflowing with self-importance, Spidey's first solo adventure within it is lighthearted fun."
68,Spider-Man: Homecoming is the best incarnation of Spider-Man on the big screen...
69,"Exciting action sequences, a great sense of humor and a terrific turn by Tom Holland make this reboot stand out."
70,"A fine addition to the Marvel Movie Universe, ""Spider-man: Homecoming"" is one of the best in the series."
71,"The great part about Spider-Man is that it manages to be a seamless part of the current Marvel universe and yet, etch out a wonderfully snazzy world for a new superhero."
72,Spider-Man: Homecoming breathes new life into the MCU (Marvel Cinematic Universe) as well as the friendly neighbourhood superhero that was forever torn between love and responsibility.
73,"The problem is that this being the third cinematic attempt at Spidey, it's been overdone and it doesn't help Raimi produced the very peak of it in 2004."
74,"The action is plentiful, though not particularly memorable, and, sigh, a sequel has already been announced."
75,"Like Wonder Woman, Homecoming leans into sincerity and the earnestness of its hero, and also like Wonder Woman, it's a better movie for it."
76,This is a decent Spider-Man film if never a great one.
77,"Homecoming is as much about a superhero as it is about a good, smart kid who makes mistakes, and whose best efforts sometimes just aren't enough."
78,"What makes this version better than its predecessors is that director Jon Watts never forgets that Peter is still a kid, despite having great powers."
79,Homecoming is a friendly reminder that even the most spectacular heroes have a lot of growing up to do.
80,"One clever step back, and several adroit steps forward, Sony and Marvel's Spider-Man: Homecoming is a thrillingly alive origin story."
81,"The audience immediately connects with that teenager who, although he has no bad intentions, sometimes has no idea when to stop. [Full review in Spanish]"
82,"Too much Tony Stark, not enough Spidey universe."
83,Spider-Man: Homecoming suggests we might be ready to think about youth - which has acquired a reputation for angst and narcissism and basic uselessness - as the superpower it could be.
84,"There definitely could be something here, if the film was a little bit looser, limber, and not so transparently micro-managed by two different multinational media companies."
85,"Instead of being crammed with typical action set pieces and clunky character development, Homecoming is actually a good-natured teen comedy . . ."
86,"Given our justifiable fatigue with comic-book movies, Spider-Man: Homecoming fares better than we have any right to expect."
87,Watts and Company give us a new Parker and a new Spider-Man entirely sufficient to the task of course-correcting and extending the webslinger's adventures on the big screen.
88,"The film has the perfect mix of fun, action and poignant moments that, without being too deep, are able to touch sensitive fibers and generate strong empathy with the characters. [Full review in Spanish]"
89,The film claims that the true power of Peter Parker are his naive youth and sense of humor. [Full review in Spanish]
90,A successful Spider-man movie with a Tom Holland that bears the adventurous spirit of the Marvel heroe. [Full review in Spanish]
91,"Holland knocks it out of the park, striking a perfect balance between awkward, bright, and eager high schooler Peter Parker, and as newly minted, Spider-Man, still figuring out superhero-dom."
92,"Cool, fun and different from other versions. [Full review in Spanish]"
93,It's simply amazing.
94,Finds the right balance between growing pains teen drama and superhero spectacular.
95,The best Spider-man movie so far. [Full review in Spanish]
96,Spidey Senses are set to snooze.
97,"By releasing itself from this burden of rehashing old stories, Homecoming was able to benefit greatly."
98,One of the most fun and exciting films of Spiderman that remains in the first place for me because of that classic air of Richard Donner that no longer exists in the current superhero cinema. [Full review in Spanish]
99,"Spider-Man: Homecoming is a great individual superhero movie that, with confidence and charisma, integrates with the complex logic of the MCU. [Full review in Spanish"
100,"A middling high school action-comedy with dull setpieces; a lesser ""Superbad"" with superhero cameos."
101,"Watts does his bit with a remarkable job of pacing, clarity, action, humor, etc. His action scenes are genuinely exciting and tense, and his character interactions are funny and warm."
102,Spider-Man returns in yet another iteration of Stan Lee's most famous character...
103,"While it is frequently enjoyably, it is also an overly managed and manufactured product, designed and refined to fit neatly into the Marvel Universe without causing any ripples."
104,Spider-Man is fun again.
105,"Sadly, the promising start soon falls flat, and we're left with an unmemorable attempt to replace Tobey Maguire and Andrew Garfield, both of whose tales about the boy-superhero far surpass this one."
106,"The web-slinger's latest big-screen outing is fresh, funny and fairly exciting."
107,Homecoming is great fun and provides an excellent foundation for a series we hope continues for many more years to come.
108,These characters are Marvel's most tangibly human screen creations to date.
109,"This is a charming, funny, coming-of-age story about a 15-year-old, Peter Parker, who has more power than he can handle and at the same time is frustrated that he can't show it off."
110,Spider-Man: Homecoming is a sublime coming out party for the teenage wall-crawler.
111,Holland's wonderful performance keeps everything grounded.
112,Spider-Man: Homecoming is a sensitive attempt at depicting the teenage anxieties of wanting prove oneself.
113,"It's hard to say where Spider-Man will go after Homecoming, but this movie, right now, feels worth it."
114,It has created a vision of Spider-Man entertaining enough to make one look forward to the inevitable followup.
115,Spider-Man: Homecoming manages to be a breath of fresh air in an increasingly dense universe.
116,"While it won't convert any superhero haters, this version of the Spidey saga might just stick."
117,SPIDER-MAN will soon be celebrating his 15th birthday. Marvel Studios decided that 15% of moviegoers age 12-17 is the demographic they are investing in.
118,"This film marks a happy return for Marvel's popular yet humble hero, and to Spider-Man's classic themes of power and responsibility."
119,"The youthful vibe of this character reset, with its sense of humor and its light touch, makes Spider-Man: Homecoming one of the most enjoyable Marvel movies in years."
120,Director Jon Watts has learned from his predecessors that the huge set-piece scenes only work with Spider-Man if there's a character point being made.
121,Marvel's latest reboot of this troubled franchise offers some new-toy fun for fans dead-set on a good time.
122,"Spider-Man: Homecoming is fresh, a bit funky and a worthy entry to the comic-book genre that builds anticipation to see where the series and character go next."
123,This is a pleasant diversion and an antidote to the glummer Spideys we saw from Tobey Maguire and Andrew Garfield; there's also good business from Downey and from Jon Favreau.
124,"Spiderman: Homecoming sags in the middle, but delivers where it counts."
125,"So yeah, I liked Spider-Man: Homecoming. I laughed during the funny parts, felt moved during the moving parts, and got excited during the exciting parts. And that Tom Holland -- he seems like a good kid."
126,"This one's sweet, entertaining, consistently funny, humane, optimistic and eager to please."
127,"Peter is fallible and eager to a fault, with a lot to learn, but he is trying to be good, to save the day and to make the lives of others better. That's heroic."
128,"Marvel has stumbled in the past by going too dark; Homecoming is an effervescent, witty, fun ride with a casually diverse -- culturally and in body type -- cast of teens to support."
129,"A thoughtful, nimble argument for a more character-focused superhero movie, Spider-Man: Homecoming demonstrates what can be gained when the fate of the planet isn't at stake."
130,"This film introduces us to a new, younger, more upbeat, lively Spider-Man and some good new characters, including a more complex, believable villain than one usually sees in these kinds of films."
131,"Spider-Man: Homecoming can be light-hearted and enjoyable, but it probably won't knock your socks off."
132,"In an age of glowering caped crusaders, Homecoming reminds us that we should be having fun watching men in tights smack into walls."
133,Holland's performance is wonderfully accompanied by a cast of talented young actors and seasoned veterans who provide an intellectual parallel for the millennial mindset.
134,"The duration is frankly excessive and the final fight is the same old thing -confusing and without genuine cinematographic sense-, but these defects end up being lesser to the consistent good humor of the film. [Full review in Spanish]"
135,"Holland is one of the key elements here that makes this Jon-Watts-directed Marvel epic work so well, as his Spidey/Peter Parker is a nerdy high school student (just like in the original comics) who's full of goofy enthusiasm about his Spidery powers."
136,"Just like Cop Car, amid the key moments of Homecoming is an insightful coming-of-age throughline."
137,"There's too much to explore with this version of the character in sequels and spin-offs and so on. If they maintain this level of quality and simplicity (or raise it), there should be no problem. [Full review in Spanish]"
138,"Here we are again, watching the same thin plot told with great surface power, but little attention given to the great responsibility of keeping an audience surprised."
139,"It is a film that shows that cohesion of universe, a clear vision for a character, and a whole lot of money can make something of lasting value, and not just an eyesore that fizzles out after a single weekend."
140,"Puts Peter Parker the teenager first, and piles superhero woes on top of him, but it never loses its sense of mirth"
141,"Headlined by a winning performance from Tom Holland as a teenager enduring a truly demanding puberty, Spider-Man: Homecoming downscales the superhero movie."
142,"A film with a constant but not absurd humor, is perhaps the funniest from Spiderman, and perhaps the most entertaining of Marvel. [Full review in Spanish]"
143,"Spiderman:Homecoming is a throwback to a superhero age Avengers storylines can't access alone anymore. At stake are friends and neighbourhoods, not entire galaxies."
144,"Spider-Man: Homecoming has the benefit of a brilliant young lead in Tom Holland and a fantastically-layered villain turn by Michael Keaton, but it bears the burden of all the films that came before it and all those yet to come."
145,This is the best Spidey movie since 2004's Spider-Man 2.
146,"Spider-Man: Homecoming is the perfect superhero flick for millennials (or anyone who lives for a really good movie). Like Peter Parker, we're all just trying to figure things out."
147,"These tweaks are enough to make Jon Watts's film sufficiently different from past Spider-movies; and its tight story, funny jokes and cute characters are enough to make it pretty enjoyable."
148,The chorus of advance raves has declared that Watts has hit the sweet spot. I'd call it sweet-and-sour.
149,"A smart, fresh film, savvy enough to make a John Hughes reference a throwaway gag and not a mission statement."
150,Spider-Man: Homecoming is neither a full disappointment nor a complete triumph.
151,The most faithful version to the comics of the beloved Marvel character with a diverse cast and a tone and vision that move away from the common MCU. [Full review in Spanish]
152,"It's not just a great Spider-Man movie, but a wonderful teen drama."
153,"Scrappy sequel, evoking fond memories of the adolescent angst in John Hughes' 'Ferris Bueller's Day Off."""
154,It's Peter Parker Pastiche.
155,"Zippy, witty and thoroughly enjoyable ..."
156,"Part superhero movie, part high-school coming-of-age story, it's bouncy, likable and completely devoid of threat."
157,"Holland is a disarming blend of teenage impetuosity, angst, and awkwardness, and one that is still absorbing with unaffected glee the whiz-bang niftiness of his superpowers."
158,"In most respects, Spider-Man: Homecoming swings and scores."
159,"See ""Homecoming"" and tell me there's an Avengers character you love more. I don't expect to hear from you because I know I'm right. And I'm right because the magnificent Tom Holland proves I am."
160,An exercise in diminishment. Feels like like one of the smallest and most inconsequential Marvel films yet.
161,"It's Holland's ability to capture the restless adolescent spirit that needs public affirmation, but also wants to hide under a rock, that makes it such a giddy treat. He's a recognizable kid struggling with identity issues -- on an exaggerated scale."
162,"It plays like a very long TV show and might even remind old-timers of the '50s-era ""Adventures of Superman."" That's the laughable series in which no one ever recognized George Reeves after he showed up as Clark Kent as soon as his alter ego flew away."
163,The film sparkles best in its small scenes built around normal high school life.
164,It's a nearly complete triumph- and all it took was going back to high school.
165,"In director Jon Watts' hands, Spider-Man: Homecoming is a true comedy. There may be better Spider-Man movies, but there's never been a funnier one, one that avoids the origin story and poor old Uncle Ben."
166,"Tom Holland seems to have been born to play the role, infusing the entire film with cheeky teenage energy. And it's also one of the funniest, most complex blockbusters of the year."
167,"Directed by Jon Watts and concocted by a team of eight writers, Homecoming is a sleekly-wrought blend of high-school rom-com and high-octane blockbuster."
168,"Lots of comedy, Marvel universe and even Star Wars references, unexpected cameos, surprising plot twists and an uncontainable charisma from Holland will make you enjoy this film. [Full review in Spanish]"
169,Perfectly calibrated entertainment.
170,"Holland makes breakthrough, and rest of cast is excellent; film not so much. Hey, ho, let's kind of go?"
171,I hope Sony don't do another reboot for some time now; I'd enjoy following this new iteration of the franchise for a while. [Full review in Portuguese.]
172,"The combination, which starts from the conflict between being a hero at the level of the Avengers or continuing to mature slowly, amuses and takes advantage of one of Marvel's most charismatic superheroes. [Full review in Spanish]"
173,"The charisma of the cast transcends the expectation of seeing old acquaintances and gives the audience the opportunity to accept characters and different narrative arcs, instead of tracing models that had previously worked. [Full review in Spanish]"
174,"If Sony felt the need to hit the restart button yet again on its signature superhero, Spider-Man: Homecoming is the way to do it."
175,Not retelling the origin story also gives the film room to explore and develop its characters.
176,"Spider-Man: Homecoming isn't really a Spider-Man movie. It's a Peter Parker movie, and that turns out to be an incredibly good thing."
177,What are the odds that a film with six credited screenwriters and a director (Jon Watts) with more Onion content than anything else could recapture the youthful thrill of superhero movies in general and the youthful appeal of Spider-Man in particular?
178,"Can the MCU breathe new life into an beaten-down and bloated spider? ... yes, true believers! Tom Holland is Spider-Man... Keaton does for the Vulture what Molina did for Doc Ock - 'nuff said."
179,"Best Spider-Man ever. Maguire so-so, Garfield too dark. Holland's SM is brash & funny as hell like the original comic. Well done. Most fun I've had in a theater all year."
180,"Diverse, entertaining reboot has some language, violence."
181,This refreshing new spin on the Spider-Man legend is fun and lighthearted with a few thrills along the way.
182,"It's taken six tries, but Marvel has finally nailed the spirit of its most iconic character on the silver screen."
183,"By partially demonstrating what a newer, fresher superhero movie might look like, Homecoming ultimately underlines its own genre-defined limitations."
184,"Marvel clearly had no interest in wasting this opportunity and now Spider-Man has his own Marvel-approved movie ""Spider-Man: Homecoming"" and the result is the best Spider-Man movie ever made."
185,The Greatest American Hero: The Movie.
186,"Another bleedin' Spider-Man movie, you say?"
187,"Spider-Man: Homecoming is light, quick and never too serious, bounding with a playful sense of humor lacking in the increasingly angsty and no longer fun franchise."
188,"An ungainly, cheeky swing from rooftop to rooftop has rarely been more endearing."
189,"Director Jon Watts' film is a fun and exciting action piece, perfect for the summer season, and it turns up its heat right when you think it's going to run out of gas."
190,Watts effortlessly juggles classroom comedy with larger than life derring-do. Having Keaton for a villain really helps because his manic energy can be amusing and threatening -- depending on the context.
191,"Spider-Man: Homecoming is a fine, fun continuation of the MCU content factory."
192,"Holland probably has five more years in which to dazzle us, and it'll be a crime if Batalon and Zendaya aren't by his side. This franchise is now all about Peter and his friends. Here's looking at you, kids."
193,For all the CGI-jinks (well up to standard) this is as much a high-school movie as classic superhero stuff.
194,"The notion of an immature, untrained Spider-Man brings a fresh feel and the always reliable Michael Keaton makes a sinister but strangely sympathetic villain as The Vulture."
195,"This one is the best Spider-Man movie ever, and among the best of any in the history of superhero films."
196,"It's taken six films and three iterations of the character, but Spider-Man: Homecoming is finally the comic version Spider-Man come to the big screen."
197,"A superhero movie viewers will want to spend more time with, but not because it's a superhero movie."
198,"Seamless and often stunning visual effects, fast-paced action, smooth writing, nods to the political churn in America, and an easily identifiable and charming hero."
199,"For long stretches, ""Spider-Man: Homecoming"" is an above-average young-adult movie with some super powers thrown in."
200,Watts and his five other screenwriters are better at the small stuff - the jaunty high school scenes - than the kapowie CGI battle sequences.
201,"The powers that be got it right this time as this is a thoroughly entertaining offering. (Full Content Review for Parents - Violence, Profanity, etc. - also Available)"
202,Thoroughly charming. Spider-Man's signature light comedy works surprisingly well even as this story is uniquely steeped in the darker Marvel Cinematic Universe.
203,The film is far from perfect but the end result is effective. [Full review in Spanish]
204,"An emotional film, whose initiative to reintroduce Spidey is sincere and purposeful. [Full review in Spanish]"
205,A film of superheroes against villains that takes good juice to its history and knows how to entertain. [Full review in Spanish]
206,"The only thing that can be said is that it's a great moment, probably the best that this character has had on screen, and that both Keaton and Holland exploit their dramatic potential to the fullest. [Full review in Spanish]"
207,Easily the most enjoyable Marvel Universe movie for the under 16s - and not far off it for the rest of us.
208,"Charming, fleet-footed and frequently hilarious, this latest take on the web-slinging do-gooder - the third since the early 2000s - is some seriously top-drawer fluff."
209,"An affable, jovial, lighthearted and very funny comedy coming of age that focuses on the psychological and moral growth of a teenager eager for risky and dangerous missions."
210,"Holland is immensely appealing, young but already very much a hero. My spidey-sense tells me he's just right for the job."
211,This Spider-Man isn't about the big moments; it celebrates the small ones.
212,Homecoming points to fun and humor as none of the previous five had done... nor any of the characters from The Avengers. [Full review in Spanish]
213,"we finally have an onscreen Peter and Spider-Man who captures the character's essence from the comics, flaws and all"
214,"After Spider-Man 2 in 2004, this is the best film of the friendly neighbor and there's no doubt the solid streak of films of the superhero genre in 2017 will continue. [Full review in Spanish]"
215,"If they're going to be as fizzy and funny and warmhearted as this, keep 'em coming."
216,Spider-Man: Homecoming gives us a hero who's still learning but is having a blast doing so.
217,"I really like Holland's effort to mix true-blue ""friendly neighborhood Spider-Man"" heroism with a teen boy's natural immaturity and awkwardness, but he needs a better movie."
218,It's fun. John Watts' film carries an innocence and wide-eyed brashness befitting its central character's coming-of-age journey. But it's also capable of surprising.
219,Packed with heart-pounding action and heartfelt emotion in equal measure.
220,"Funny without being tongue-in-cheek and epic without being ponderous, Spider-Man: Homecoming is what a summer movie should be."
221,Aunt May seems to have discovered the Fountain of Youth. Rosemary Harris was 75 and Sally Field was 66. Marisa Tomei is 53. Aunt May will soon be younger than her nephew.
222,"The movie's not flawless, but it is fun, a big improvement on the non-wowing The Amazing Spider-Man and its sequel of recent years."
223,Deviously original ...
224,Amazing? Yes. Spectacular? Most certainly. Superior? Without a shadow of a doubt.
225,"It's funny, and a couple of the big action sequences have tension as well as spectacle ..."
226,"After a decade and a half and five feature films of wildly varying quality, here is a Spider-Man movie that shows the pure heart of its excitable young hero."
227,"With its sunny warmth and its hilarious script by Watts and five other writers, Spider-Man: Homecoming is breezy fun, one of the most enjoyable superhero epics yet."
228,"Another good-enough Marvel movie that is less than the sum of its parts, a crowd-pleaser with many fine scenes but no great ones."
229,The best personification of the character on the big screen. [Full review in Spanish]
230,"No cobwebs on Spidey - Spider-Man: Homecoming feels breezily, pleasingly fresh."
231,"It is, like they promised, a quintessential American coming-of-age movie John Hughes would've been proud of, complete with jocks and nerds, bored teachers and detention, after-school hijinks, and first love."
232,Spider-Man: Homecoming benefits from its small scale and its focus on Peter's day-to-day teenage existence. The Marvel movies could use more of this.
233,"A summer film that re-creates in a surprisingly entertaining way the myth of a hero in the era of technology, and that all it seeks is to connect with a young audience eager to skip school and go to the movies. [Full review in Spanish]"
234,"Exhilarating, hilarious, fast-paced, and grounded in reality. It's the funniest chapter yet in the Marvel Cinematic Universe."
235,one can't deny that all involved have delivered exactly the movie that hardcore fans wanted
236,"Considering that it's the sixth Spider-Man movie in 15 years, and that it features the third actor in the title role, it's amazing that it's as distinctive and enjoyable as it is. You might even say that it's a marvel."
237,"(Tom) Holland deftly wears Parker's uncertainties and insecurities - not only about his responsibilities as Spider-Man, but also about the hazards of navigating the shark-infested waters of high school."
238,"By making Spider-Man younger than before, Homecoming smartly sidesteps direct comparisons with the previous incarnations of the superhero."
239,"Darned if Holland's Spidey doesn't breathe new life into the old webslinger, who officially turns 55 this year and doesn't look a day over 15 in the movie. How'd they do it?"
240,"""Spider-Man: Homecoming"" is breezy fun."
241,"Tom Holland's Peter Parker, one of the liveliest characters in last year's Captain America: Civil War, now has an entire movie devoted to him - one with plenty of youthful snap and crackle."
242,"By all means put out the welcome mat for this Homecoming, but just don't expect too many vivid memories of the visit."
243,"The screen is a Fourth of July for firework special effects and pyrotechnic slug-outs by land, sky and sea. Take the kids; take the family; take yourself."
244,Marvel's heartfelt and wonderfully down to Earth approach to Spider-Man is a winner.
245,It's a summer blockbuster worthy of the moniker.
246,"Director Jon Watts and a mostly familiar cast have managed to put a fresh face on the franchise, one that's entertaining to boot."
247,"An authentic, refreshingly nerdy and high-spirited reboot of the well-worn Marvel franchise ..."
248,"In Holland, the silver screen has its youngest and best Spider-Man yet. He's juvenile, irresponsible and amateur. He's a kid. And you feel for him, since we've all experienced the social pressures of school."
249,"The filmic equivalent of mum's lasagne - it's comforting, tasty, nothing special, but exactly what you're looking for."
250,Holland plays a 15-year-old Peter Parker with such joyous naiveté and youthful exuberance that his predecessors -- the nerdy Tobey Maguire and the neatly coifed Andrew Garfield -- now seem more like grad students than high schoolers.
251,"For the first time, the most popular of all of Marvel's 1960s-era characters genuinely focuses less on the amazing and more on the boy behind the mask, and that's a welcome change of pace."
252,"The costumed antics of Homecoming are a joy to watch, with tense set pieces and well-choreographed action, but some of the movie's brightest spots are in its more down-to-earth moments."
253,"Ultimately, ""Spider-Man: Homecoming"" manages to be surprising, uplifting and heroic - all without letting our hero emerge too triumphant."
254,"Within seconds of meeting these characters, I got past the feeling that another Spider-Man seemed premature. Heck, when a superhero is as much fun as the one in ""Homecoming,"" he's always welcome."
255,"Most of Homecoming proceeds according to reliable Marvel formula, with solid but generic direction from Jon Watts."
256,"Holland was born to play this part, with just the right mixture of seriousness and silliness without ever being corny or cliche."
257,"Spider-Man: Homecoming does the improbable, successfully rebooting a reboot of a trilogy that did the job well enough only a decade ago. It's a movie that could be unnecessary but isn't."
258,"Just as the character's primary goal here is about proving himself, in terms of Marvel injecting a rejuvenating vitality into its wayward wall-crawler, ""Spider-Man: Homecoming"" clears that bar and then some."
259,A smart and entertaining reboot of the Spider-Man franchise is young at heart and in execution. This could be the first true coming of age comic book movie that adults will like just as much as their kids.
260,"Against considerable odds, ""Spider-Man: Homecoming"" finds its pace and rhythm by the end."
261,A Spider-Man movie trapped in an Iron Man movie.
262,"It delivers eye-popping spectacle in spades, but it's the characters that make it count."
263,"A mixed bag: it's nice to have Spider-Man rebooted with an actor so right for the part as Holland, but the effort to integrate him into the wider Marvel Universe raises doubts the movie doesn't resolve."
264,Even those of us who regard the Marvel aesthetic as a plague on world cinema can find much in Spider-Man: Homecoming to be charmed by.
265,"Beginning with a score that riffs on the late-'70s cartoon and closing with a slyly funny after-credits scene, it's as sure-footed as its arachnid namesake."
266,"The movie is as bubbly and eager as Peter himself, but a little more efficient. It designs its actions sequences around character and story and - a rare thing in comic-book blockbusters - lets the actors act during the climactic action piece."
267,[T]he perfect Spider-Man movie and one of the best films yet in the MCU. Audiences are going to fall in love with it...
268,"The movie lacks inspiration; even the big ""twist"" is more worthy of a suppressed chuckle than a dropped jaw - it's like something pulled out of a bad soap opera."
269,The fifth-best superhero film so far this year... is still pretty darn good.
270,"Adolescent in all the right ways: limber, reckless, full of youthful brio and uncertainty."
271,"The movie breaks no new ground, and action sequences that were intended to be thrilling - such as an epic battle on the Staten Island Ferry - just sit there on the screen, incapable of stirring a single pulse, but content in their competence."
272,"The movie delivers all of the expected action beats, but what it does better than perhaps any of the previous Spider-Man films is capture the humor and sense of fun from the comics."
273,"What Spider-Man: Homecoming lacks in depth, it more than makes up for with a pop sensibility that fizzes with verve and fun."
274,"A rollicking, soaring glide of a ride that puts a bright new, fun, feisty, re-energized spin on pop culture's top web star."
275,"It's a fun ride, but it seemed like the Director loved Peter Parker more than Spider-Man. The more I think about it, the more the movie bugs me."
276,"Borrowing heavily from John Hughes movies, the witty script ensures that the film succeeds as both high school movie and superhero adventure."
277,It may have taken 15 years and 3 reboots but Spidey finally has a decent villain.
278,Among the many virtues of this delightful film is an acknowledgement that these superhero things are essentially for children.
279,"Spider-Man: Homecoming never reaches greatness, but it aces goodness."
280,This Spidey gets the job done.
281,"This third time's the charm in Marvel's pantheon of Spider-Man portrayers. Tobey Maguire was pretty good, Andrew Garfield was so-so, but Holland ... Well, when you've got it, you've got it."
282,A comprehensively crowd-pleasing success.
283,"Holland, like his character, is clearly having a blast throughout, and you'll know just how he feels."
284,"While working inside the rigid confines of the Marvel blueprint, it manages to work equally well as a superhero movie and a teen comedy."
285,"For sheer fun, Spider-Man: Homecoming is hard to beat."
286,Stark tells Peter to be the friendly neighbourhood Spider-Man and that's exactly what Jon Watts has given us - a grounded hero who has to live in our world. All other superhero directors should take note.
287,"Cute, nothing more."
288,Spider-Man: Homecoming reaches its most impressive heights when the training wheels are off and Stark isn't around.
289,I can't think of a movie from the prolific Marvel Cinematic Universe that I have enjoyed more.
290,"For a film with six screenwriters, Homecoming creates a remarkably coherent vision of a smart kid still dumb about the world, battling the learning curves of his double lives."
291,This isn't the same old story of how Peter Parker becomes Spider-Man but rather the story of Spider-Man learning how to be Peter Parker.
292,"Against the odds, Homecoming breathes new life into the character."
293,"As long as the kids stay in the picture -- thankfully, that's most of the movie -- Spider-Man: Homecoming is the fun playdate most of us have been looking forward to since the character stole Cap's shield last spring in Captain America: Civil War."
294,"The less you know about the plot the more the fun, suffice to say that Homecoming trades adolescent angst for hit-the-spot humour (top work from co-stars Jacob Batalon and Zendaya) and throws in some surprises 'twixt webs and wisecracks."
295,The movie has heart and an ebullience that is infectious.
296,"The movie is a soaring, fearless teenage dream. And it feels so great to be able to say: Welcome home, Spidey."
297,"It's a relief to see a superhero engaged in deeply human activities, like getting ready for a date... This Spider-Man is still just a kid, after all, and he has no energy for existential angst -- just dealing with hormones is enough."
298,"This is a lighthearted lark that functions as both a standalone feature, as well as an endlessly entertaining entry in the Marvel Cinematic Universe."
299,"The less you know about the gags and twists in this film, the better. Go in as blind as you can and just enjoy the ride. You probably won't see a better or more satisfying superhero film all year."
300,"This Spider-Man film is undoubtedly the funniest Marvel product since Avengers Assemble, and mercifully we don't have to go through another origins plot."
301,A welcome narrowing of the Marvel mega-verse away from alien invasions and globe-smashing supervillains and back towards something more intimate.
302,A little of the new Spider-Man went an exhilaratingly long way in Captain America: Civil War last year. But a lot of him goes almost nowhere in this slack and spiritless solo escapade.
303,"An amazing Spider-Man, a spectacular Spider-Man, and yes, the ultimate Spider-Man."
304,"My new favorite Spider-Man film, my favorite film of the summer, and possibly my favorite film of 2017."
305,"Mr. Holland looks and sounds more like a teen than the actors who've previously suited up for this series, and he has fine support from a cast that includes Jacob Batalon as Peter's best friend."
306,Spider-Man: Homecoming's biggest achievement is that it makes you forget it's the third different Spider-Man - and second reboot - in less than 20 years.
307,"Spider-Man: Homecoming is fresh, funny and entertaining, but it ultimately works better as a teen flick than it does as a superhero movie."
308,It's not only the best Spider-Man movie -- it's one of the best films in Marvel's cinematic universe.
309,...works because it's only partly a Spider-Man movie.
310,"Holland is simply a likable face, a near-perfect blend of awkwardness, uncertainty and charisma exemplified by the simple physical comedy of putting on the Spider-Man costume."
311,"Director Jon Watts nicely handles the scenes of adolescent banter and awkwardness; if anything, they're more engaging than the action sequences."
312,"One might be tempted to have a few cynical thoughts about Spider-Man: Homecoming, were it not for the puppyish form of British actor Tom Holland in the red-and-blue superhero onesie."
313,The new Spider-Man's solo Marvel debut is a near-perfect mash-up of superhero movie and teen comedy.
314,"The characters and scenarios are familiar, but this is a loose, cool, funny remix that makes them feel fresh again. Plus, it's mercifully short on life lessons from Aunt May."
315,"Spidey is finally able to bounce off other familiar faces, and the results are nothing short of a triumph."
316,Spider-Man: Homecoming is both a homecoming for the character as well as a movie in which Spider-Man literally goes to homecoming-a fitting re-introduction and an endearingly goofy teen flick.
317,The first Spidey flick as ebullient as the comics you read when you were a kid.
318,"Spider-Man: Homecoming is a funny, heartfelt, coming of age story that defly captures the awkwardness of being a teenager."
319,"Peter Parker aka Spider-Man aka the wise-crackin', science-tinkerin', shy-around-girls neighborhood crime-fighter is back. Not just back-home."
320,"Sony, who had something to gain from allowing Spider-Man to be part of the MCU Universe, just allowed Marvel to make their superstar into a supporting player."
321,"What's particularly nice about this movie is what it doesn't have: too many bad guys, an overly complicated plot and a bunch of ridiculous fight scenes that are so needlessly complex you can't tell what's happening in them."
322,"A spry, lovable Spider-Man movie about a spry, lovable Spider-Man."
323,"Every time Peter has to choose whether to do his self-appointed job or seize one irreplaceable personal moment with Liz, the strain shows on his face. Civil War made his conflicts big, funny, and thrilling. Homecoming makes them personal."
324,Spider-Man: Homecoming is better than Spider-Man 3 but not by much.
325,"Holland is incredibly charming, and embodies Spidey's traditional fondness for wisecracks while not seeming smug. The jokes fly fast, but everything hangs together tonally."
326,"It's pure exhilaration to watch this new, pitch-perfect version of the iconic hero swing high above the New York City streets, and if the movie's forthcoming sequels are as fun as this, Marvel Studios can keep 'em coming."
327,Jon Watts' Spider-Man: Homecoming may be the most sheer fun audiences have ever had with the character.
328,Homecoming's sweet-natured hero and its ragtag group of cheery kids project a radiant optimism.
329,"By far the most lightweight and thematically inconsequential of any and all past ""Spider-Man"" features."
330,"This is a de-facto origin story, one that makes us wait for the sequel for a Spider-Man who isn't a menace to society."
331,"An action-packed, beat-the-heat distraction...Lands close enough to the summer-movie sweet spot that the quibbles feel a bit churlish."
332,Spider-Man: Homecoming is a soaring superhero adventure and is easily the best Spider-Man movie of them all.
333,That the movie comes off as loose and sweet and light on its feet as it does feels like sort of minor Marvel miracle.
334,Spider-Man: Homecoming is not your typical Marvel movie -- and that's exactly what makes it great.
335,It's the best homecoming imaginable.
336,Spider-Man: Homecoming works as both a (very) funny high school comedy/drama and strong standalone superhero movie set in the MCU.
337,"It's a near-miracle that six screenwriters were able to pool their talents and craft such a winsome, witty story."
338,"Director Jon Watts gives the iconic web-slinging character a heartfelt story, in what is easily the best written film of the Marvel MCU (::gasp:: villain included) yet."
339,"The sixth Spider-Man movie in 15 years proves to be a fun, likable coming-of-age tale, albeit one weighed down by its air of familiarity and need to adhere to the overarching narrative of the Marvel Cinematic Universe."
340,News Flash: Tom Holland is the best movie Spider-Man ever. He finds the kid inside the famous red onesie and brings out the kid in even the most hardened filmgoer.
341,"Watts nails the timeless cornerstones of adolescence: the crippling anxiety mixed with brash confidence, the life-or-death dimensions of a crush, the impatience to grow up."
342,"By thoughtfully considering how a modern Spider-Man would fit into the character-driven realm of the MCU, Watts not only created a superhero movie full of charm and surprises, but also one the best MCU movies yet."
343,"One of the very best Marvel Cinematic Universe films, and one of the best films of the year."
344,The magic of Homecoming is that it belongs more to the John Hughes cinematic universe than the Avengers'.
345,Spider-Man: Homecoming gets it right. It is my favorite Marvel Cinematic Universe movie.
346,"A funny, sunny superhero movie for the whole family."
347,"It's a solid ""Spider-Man"" adventure. And nearly every scene in ""Homecoming"" is filled with bits that rewards fans who play close attention to the details."
348,"Most impressive is that it's a blast to watch, harkening back to the sugar rush that accompanied flipping through Stan Lee and Steve Ditko's earliest comic adventures ."
349,"Homecoming takes Peter Parker in a fresh direction not only by investing in his teenage world rather than using it as a backdrop, but by letting him run towards being Spider-Man rather than wrestle with the weight of his responsibilities."
350,"You know what? Superhero cynicism aside, ""Spider-Man: Homecoming"" is really fun."
351,"On paper, it's among the most inessential blockbusters of the year, but Spider-Man: Homecoming proves that going back to square one and adding good-hearted altruism can go a long way."
352,"Spider-Man: Homecoming is so joyously entertaining that it's enough to temporarily cure any superhero fatigue. There's wit, smarts and a nifty, inventive plot that serves as a reminder of what buoyant fun such films can bring."
353,"It may not quite reach the heights of Raimi's Spider-Man 2, but Spider-Man: Homecoming emerges as one of the character's strongest films to date, granting him a clean slate and infinite room to grow."
354,Tom Holland's Spidey can't swing back onto screens again fast enough.
355,"Spider-Man: Training Wheels is entertaining, but still owes too much to Tony Stark."
356,"Hang in there, True Believers: Maybe it'll get better the second time around."
357,"Spider-Man: Homecoming is smart, incredibly funny and surprisingly clever. It is an entirely unexpected - perhaps even vanishingly implausible - fresh start for the third Spider-Man franchise of the past fifteen years."
358,"After 13 long years, we have ourselves another great Spider-Man movie."
359,A return to form with an incredibly likable cast.
