,text
0,"""Star Wars"" is not ""Breaking Bad,"" and the same narrative tricks that worked for the latter feel jarringly out of place in the former."
1,"What's most interesting to me about The Last Jedi is Luke's return as the mentor rather than the student, grappling with his failure in this new role, and later aspiring to be the wise and patient teacher."
2,"Fanatics will love it; for the rest of us, it's a tolerably good time."
3,"The devoted will no doubt be delighted; for the rest, a resigned acceptance may be the safest path to enjoyment."
4,"In a world bursting with flashy popcorn movies, there's still nothing quite like a ""Star Wars"" flick."
5,The Last Jedi probably does the best job of any Star Wars film of capturing the allure of the Dark Side and the spiritual turmoil that would lead to-and also result from-its embrace.
6,"[It] is the best kind of entry into a franchise that takes unexpected risks, keeps you on the edge of your seat, and is emotionally moving in a way that will be leave fans stunned."
7,"Let's not mince words: This will be remembered as one of the best science fiction/fantasy movies of all time, and this backlash simply must stop, because that's no way to treat a near-masterpiece."
8,"Unnecessary the longest Star Wars film to date, but has some of the most epic ground-breaking moments in the franchise."
9,A lot of the films ideas I like in theory but it was not executed well. The more I thought about it the less I liked it
10,[Rian Johnson] succeeded on a lot of levels; I feel like there were a lot of other levels that didn't work as much.
11,"The richest, most epic, most emotional Star Wars movie so far."
12,"A movie that allows for considerable plot development becomes stuffed to the brim with zigzagging, quick scene changes that left me sated, not satisfied."
13,Star Wars: The Last Jedi is a complete shift for the Star Wars saga and a brave reinvention of the jedi mythos. [Full review in Spanish]
14,"It's great to have a filmmaker who evidently has been a fan of the franchise since he was a kid, but still also an 'outsider' who dared to take the 40-year-old saga into unexpected paths."
15,"It's a visually stunning movie, finding moments both macro and micro to highlight the beautiful imagination that Star Wars can evoke."
16,"I should say, that Star Wars the Last Jedi is the best Star Wars film we have to date by default. This film is a natural progression of the Star Wars films because it incorporates all the good things we loved about the previous Star Wars films."
17,It may not be the reboot everyone wanted. But it's the one we deserve.
18,The film is a great reminder to listen to your elders. [Full Review in Spanish]
19,"An enthralling and gripping piece of cinema that's both sublimely moving and visually beautiful, The Last Jedi, while flawed, is ultimately a breath of fresh air."
20,[Rian Johnson] captured the tonal spirit of the preceding episodes and elevated it through bold and fresh ideas.
21,"When it works, it really works, but the fat overwhelms it all too often."
22,"The film starts off great and ends great, but sags in the middle. Still, well worth your while going to see, as it gives a good send off to a beloved character."
23,A brilliant continuation of the saga that legitimizes the sequel trilogy and Disney's handling of the franchise..
24,The Last Jedi is Disney's best contribution to the Star Wars canon so far and we can only hope that the final film of this trilogy will live up to the new standard.
25,"The Force Awakens came for your heart, but The Last Jedi is here for your spirit."
26,The Last Jedi is certainly an adventure that will pull you this way and throw you that way but never ceases to be anything but Star Wars
27,"The Last Jedi is a powerful, emotional and ambitious film that makes for one of the best films in the series."
28,"The film examines a questioning of ideals held throughout the ages, a deconstruction of what we know and hold dear."
29,Director Rian Johnson takes some major risks here. Some of them work well while other choices contribute to the film's uneven tone.
30,"It might not be what I wanted it to be, but I can't deny I was entertained."
31,"If The Force Awakens was an exercise in nostalgia, The Last Jedi is an experiment of expectancy. It pushes the boundaries of its characters, its audience, and the franchise's capacity..."
32,The Last Jedi isn't the Star Wars installment anyone wanted. It's the one we all deserve.
33,"A problem that carries over from The Force Awakens and becomes more evident here is the sense that the villains, and villainy in general, have been weakly determined."
34,"Like bantha fodder riddled with kyber crystals, The Last Jedi is a jumble of really good and kinda bad."
35,"A glorious cinematic tour-de-force, a sci-fi gift that never stops giving, a real achievement."
36,The Last Jedi offers aimless entertainment.
37,"The film breaks many franchise traditions on all levels, but it does so with a lot of respect and with the ambition to build something new and exciting from what remains."
38,"If Awakens was about The Resistance and The First Order repeating the cycle of The Rebellion and The Empire, this one is all about how they have to become their own things and what the proper way to get there is going to be - and that's exciting."
39,"The Last Jedi breathes urgent purpose into the new trilogy, purpose it had yet to prove."
40,"More than merely a continuation, The Last Jedi is in many ways an ending to the Star Wars we've known. And like many endings, it's anarchic and frustrating and poignant."
41,"Whatever the future holds for Star Wars, The Last Jedi will leave a lasting mark on this legendary series with numerous moments that are shocking and powerful with just enough humor to cut the tension."
42,"It's safe to say ""The Last Jedi"" is one of the best ""Star Wars"" movies ever made. It's right up there with ""Empire Strikes Back."""
43,"Grabs the audience from the very first scene and doesn't let up, guiding viewers on a thrill ride that will have audiences gasping, laughing and perhaps even shedding a tear."
44,"Big, bold and beautiful. It's hard to describe Rian Johnson's achievements here any other way."
45,"Rian Johnson's Star Wars: The Last Jedi manages to be both brilliant and terrible at the same time, a mix of classic mythos and insipid story telling."
46,"In every aspect conceivable, the film no longer operates between two realms, and the result is the most gratifying big-screen Star Wars experience thus far."
47,I can only wonder what The Last Jedi might have been with Finn and Poe taking a backseat. Because there is a great film within what's ultimately a good one.
48,"[The Last Jedi is] proof that well-made franchise stories... can deliver a new engrossing chapter that respects the much-loved past while slowly closing the lid on it, and steer the ship in exciting, mature ways that push the boundaries..."
49,"Star Wars: The Last Jedi works. It's macro and micro stories entertain, either if you're predisposed to like what it has to offer, or at least not actively resistant to it."
50,"But on many levels, The Last Jedi is the antithesis of the virulent discourse it generates: a reminder that flaws can give way to strengths, that being willing to be wrong is a strength, and that doing the work, not getting the credit, is what matters."
51,"Whereas the first half is a sort of a convoluted mess. ""The Last Jedi"" becomes a dark and exciting sequel that becomes the film you've been looking for by the 75-minute mark."
52,"The success of The Last Jedi, like its father before it, will most likely rest on the conclusion of the trilogy."
53,It's the one we've been waiting for.
54,"It's a two-and-a-half hour movie. It needs to be good in its own right, not just setting up for the next episode. A two-and-a-half hour, $200 million set up?"
55,"If you're a fan, you're going to appreciate the story continuing (on and on). If you're into makeup and CGI, you'll appreciate every minute of it."
56,"It calls the very idea of solo heroism into question. There are plenty of daring heroics in The Last Jedi and no shortage of characters who want to step into Luke's or Han's shoes, but now that impulse is shown to just make things worse."
57,"Along with non-stop action, there seems to be more wonder, whimsy and humor in The Last Jedi, some of it deliciously subtle."
58,"When it comes to pop cinema at this massive level, isn't it better for a movie to take Imperial-sized chances than just giving you what you want? I'll go with yes."
59,"Johnson takes the narrative through its paces, weaving a complicated and fascinating story. Just when you think one thing is going to happen, the story shifts."
60,Thoughtfully humane and visually epic.
61,"A wonderfully directed, acted, and progressive film. Though it takes place in a galaxy far far away, the emotions and politics are very much here on earth today."
62,"Whereas JJ Abrams's The Force Awakens delivered a nostalgic joy that focused on reigniting a legacy I grew to love and obsess over throughout the years, Rian Johnson instead creates a nostalgia towards my years of childhood imagination."
63,"With deep reverence for what has come before, Disney has proven that they aren't afraid to move the story forward."
64,"The best ""Star Wars"" film since the original trilogy."
65,"It is overall, a good movie worth watching. And timely, as our own modern-day First Order takes roots."
66,The Last Jedi is a challenging and satisfying movie on many levels. It's fluffy and diverting at times but ultimately delivers a much-needed message about how hope will always reignite the resistance.
67,"[The Last Jedi] is one of the best-looking movies of the year, and crafts images never before seen in a Star Wars film. I'd definitely recommend seeing it in the cinema."
68,The Last Jedi speaks for the strength of a united front against imperial aggression...The final image leaves us with the assurance that young people tired of injustice will pick up the ball their elders dropped.
69,"On a second pass, the questionable was extremely overpowered by the bold and the courageous, and I saw Star Wars: The Last Jedi through a different prism. I connected with it differently."
70,"Star Wars: The Last Jedi may not be perfect, but the need to accept imperfection and keep going becomes one of the movie's themes...It's about mentorship that's invigorating rather than smothering."
71,The great strength of the eighth part is also how it plays with the expectations of the audience. [Full review in Spanish]
72,"[Rian] Johnson fulfills the necessary action and emotion, but fails to make something intelligent. [Full Review in Spanish]"
73,"Despite Disney's humorous sequences, [The Last Jedi] revives the good in the saga. [Full Review in Spanish]"
74,"The highs definitely outweigh the lows, and The Last Jedi is in the upper tier of films set in that far, far away galaxy."
75,The evolution of all the new characters was really good.
76,It's a Force to be reckoned with.
77,"Even if the stuffed-gills plot grew frustrating, I'm still looking forward to the next foray into a galaxy far, far away."
78,There is just enough good material embedded in the excessive padding to appeal to our cravings for more Star Wars.
79,"When a character is in danger, you do feel that danger...there's something about the craftsmanship in this one. That feeling of security is gone, but the movie has a lot of humor too."
80,"The new, machine-tooled The Last Jedi is sufficiently busy (action scenes occurring every ten minutes) to make you grateful that it is, at least, agreeably paced, even if it isn't really about anything."
81,"I both loved it and strongly disliked it at the same time. I feel like there's a really great movie in there, all the pieces are there, everything is brilliant, but then there's a lot of extra fat that needed to be trimmed off or rearranged."
82,"At two-and-a-half hours, with about nine separate cliffhanger endings, it's a bit long, but Johnson's keen visual sense, doses of humor and a couple of cameos buoy the film"
83,"There's a lot to like in the new Star Wars film...But it is not, as so many are saying, either the best Star Wars movie ever nor even the best since The Empire Strikes Back."
84,"The music still feels fresh and Rian Johnson's film will please the fans with its wonderful visuals and abundance of action. But for me, there was something missing."
85,"The story is compelling and there are some good characters to follow on this journey through many twists and turns. The acting is solid, and the visual effects are top notch. This is an impressive effort by writer-director Rian Johnson ('Looper')."
86,"The mission is noble. The result, disastrous. [Full review in Spanish]"
87,"A red throne room evokes the Technicolor fantasies of Michael Powell and Vincente Minnelli, while the scratchy surfaces of a sand planet trace the arc of each combatant's footwork like a choreographer's notation, transforming a duel into a dance."
88,"There is simply no joy in The Last Jedi. But all great legacies, I guess, are destined to fade."
89,It's fun to look at.
90,"Same effects, new cast. Some should stay and some should go."
91,"A stellar, if slightly overlong, followup to 2015's Star Wars: Episode VII - The Force Awakens..."
92,"Daisy Ridley is always in motion. Her role of a young warrior is intense, but her moments with Adam Driver, comparing good and evil, are good, indeed."
93,"The thing that makes the film most interesting is its function as a bridge between two paradigms, really two distinct generations, Boomers and Millennials."
94,Jedi offers a rather bold reinvention and expansion of what the Star Wars universe is capable of.
95,"That's when the film offers moments... that go from euphoria to sadness, from fear to uncertainty, and from incredulity to the unexpected; moments that will surely be established as some of the best in the entire franchise. [Full review in Spanish]"
96,"Considering that the franchise returns to Abrams in the next installment, surely the producers will ask for neatness and solemnity ... for old times sake. [Full review in Spanish]"
97,I wish it were a much better movie than this one. [Full review in Spanish]
98,"The Last Jedi has been favourably compared to The Empire Strikes Back and while there's some truth to that, they're very different films. Yes, it's dark but it's the moments of light that you'll remember."
99,"I know I'm in the minority here, but director Rian Johnson's follow-up to The Force Awakens felt overstuffed and incredibly disjointed; a collection of uncorrelated rah-rah scenes and little else."
100,Writer-director Rian Johnson repeatedly shows an inability to build to moments. His screenplay's biggest beats come off as self-defeating and lifeless.
101,"They ticked off all the boxes except the one marked ""Jar Jar Binks."" You are very old if you needed to see all these characters again."
102,A fantastic sequel...
103,"With a script by director Johnson, ""The Last Jedi"" is a mash-up of many different stories, but all with the same main plot line; good versus evil."
104,"If you can accept the excess, the weird humour, the entirely inessential subplot, and the fact that it could stand to end a scene earlier, then the series will continue to thrive in a galaxy far, far away."
105,"Where Abrams left us eager for more, Johnson leaves us sated and willing to wait a couple of years for the next episode. Still, there's plenty of fun to be had, and the series faithful won't be disappointed."
106,The Last Jedi tackles the bigger questions that the morally sure previous entries did not.
107,It is the best and most innovative Star Wars film to come along in a long time and you would think that this would inspire celebration in the streets among longtime fans of the franchise.
108,"Hamill and Fisher, who give ""The Last Jedi"" its emotional depth, are joined by Adam Driver, who once again shows himself to be one of the most skillful young actors of his generation."
109,"""The Last Jedi"" is not a crude predictable entry to the series; Rian Johnson has delivered a luminous spark that's left the future of the franchise looking bright."
110,... the director manages to raise a moving monument to something as brilliant and even corny as the possibility of a shared dream. [Full review in Spanish]
111,"Digressive rather than progressive, The Last Jedi fails to develop the new, exciting and complex characters we met in The Force Awakens."
112,"Abrams gave us the gentle re-introduction we needed, and it paved the way for writer and director Rian Johnson to take the story in strange new directions."
113,"Luke Skywalker rules all in this movie, but there's a lot of stuff that doesn't work."
114,"Although not worse than the prequels for me, The Last Jedi is its own special kind of meh that demonstrates Disney doesn't have the guts to do this franchise any justice."
115,"Over-funded, bloated, self-important and virtually immobile, The Last Jedi bears more than a passing resemblance to Jabba the Hutt."
116,"This movie feels like a TIE fighter on the fritz, spinning in circles as it fires off one light-show after another."
117,"Here, [Mark] Hamill turns in his best performance, giving the character a depth and complexity that wasn't as evident in the original trilogy."
118,"With Johnson at the helm, the torch-along with the lightsaber-is safely passed to a new generation."
119,the most interesting people are no longer related to Darth Vader
120,"While a good Star Wars film, this was not the best. With issues across the board (technical, character and plot), The Last Jedi does leave much to be desired."
121,"Undoubtedly, Johnson is able to make some notable moments... [Full review in Spanish]"
122,There's a sense of closure. Which makes The Last Jedi an incredibly cathartic experience.
123,It's nice that the Rebellion is no longer defined by suicide attacks and The Force no longer a matter of hereditary title.
124,Rian Johnson leavens political high seriousness and fan-service tear-jerking with enough charm and humour to prevent The Last Jedi becoming the biggest downer ever delivered at Christmas by the Walt Disney Company.
125,"More good things and fewer bad things happen in this movie than in any of the three prequels, but the film is hellbent on presenting its good things in the worst possible light."
126,"What The Last Jedi does so well over its two-hour, 32-minute thrill-ride is start to escape the gravitational pull of orbiting the same Skywalker family squabbles on the big screen for 40 years."
127,Here's the first 'Star Wars' movie since 'Empire' that you don't have to make excuses for enjoying.
128,"Upends expectations, demythologizes the mythos, and takes an iconic series in a bold new direction with a story full of humor, courage, and dazzling imagery."
129,"... The Last Jedi moves in an interesting range of grays, sacrificing part of the ingenuity and regal values ​​of yesteryear for the despair and bitterness of the times. [Full review in Spanish]"
130,An excellent balance is created between telling us a new and interesting story...and having good action scenes. [Full Review in Spanish]
131,"The force is strong with Rian Johnson, who delivers de most exciting, risky, adult and entertaining Star Wars movie since, well, you know which one. [Full review in Spanish]"
132,A thing of beauty and work of art about which the loudest grumblers likely expected the most conventional developments - lost in Reddit rabbit holes and clickbait in which creatives graciously fielded insistent questions about parents or provenances.
133,"Each of these characters finds a surprising connection to others, derailing plans and sending each person on an unexpected journey. The way Johnson orchestrates all of this is remarkable because it's both coherent and compelling."
134,"The Last Jedi is a grand step forward, one that we can only hope will light the way for the franchise's future."
135,"With Star Wars: The Last Jedi, writer-director Rian Johnson takes the Star Wars saga into uncharted territory, with exciting results."
136,"Its scattered pacing and tangled subplots doesn't make THE LAST JEDI a failure, but neither is it a celebration - or more importantly, an elevation - of anything other than the legacies of the late Carrie Fisher, and justly revered Mark Hamill"
137,"In The Last Jedi, movie magic has been replaced by hocus pocus. Or perhaps even mumbo jumbo -- never has the eastern-western pop psychology of the franchise rung so hollow."
138,"The Last Jedi is good, in parts very good but not as good as The Force Awakens. It's too long but not tedious, it's often funny and full of action."
139,"From the seemingly infinite number of universes in which The Last Jedi was a bad film, or even just an OK one, Johnson has found his way to the one universe in which it is a good, occasionally first-rate one."
140,"For those of us who were there at the start, there's one thing that makes The Last Jedi unmissable: Carrie Fisher. Go and see it for her."
141,"This chapter relies so much on its call-backs and references that it all feels a little bit too safe. But still a damn fine movie, pushing the story forward in style."
142,The Last Jedi should be the last Jedi. My interest died along with Hans Solo who took with him that cowboys in space humor that made the franchise so special.
143,"As the third act approaches, the crescendo of air-punching interludes accelerates, eliciting gasps, cheers and OMG whoops from an audience whom Johnson treats with respect, affection, and evident admiration."
144,"It's a bold and challenging work -- exactly what we would expect from the auteur of Brick and Looper. In the debit column, it's also a tad bloated."
145,"Rian Johnson has delivered arguably the best Star Wars ever, or at least certainly the most fun."
146,"With The Last Jedi, there's a welcome return of hope for the Sequel Trilogy."
147,"not the best entry in the Star Wars franchise, but parts of it rank at the very top"
148,"Johnson infuses the proceedings with the same sense of wisecracking fun that made the original (now known as EPISODE IV: A NEW HOPE) so irresistible, while also ambitiously expanding on the mythos."
149,"Events fans dreamed of happening unfold differently than imagined, and that bit of reality highlights what's really going on here: Star Wars is pushing out of its comfort zone."
150,Rian Johnson's spectacular expansion of George Lucas' galactic adventure franchise is everything you want it to be - and more. What a great holiday gift for moviegoers! May the Force Be With You...
151,"At a point where the ever-extendable Star Wars franchise looked at risk of relying too much on its own legacy and table of cliches along comes The Last Jedi to push the saga into fresh, delightfully dangerous new territory."
152,Its nostalgia works well. Mark Hamill returns as Luke Skywalker and the late Carrie Fisher is again in her signature role of Leia Organa.
153,The Last Jedi brings to the audience something much more complicated for a movie to cause than tears: chills. [Full review in Portuguese.]
154,What serves filmmaker Johnson well is his willingness to take more risks within classic elements than Abrams may have been able to. The real measure of the success of a film in a franchise of this stature is whether or not it ignites the imagination.
155,"While The Last Jedi may not receive top marks for originality, the eighth official entry in the Star Wars saga is still one of the most entertaining blockbusters of the year..."
156,"... if all you want to know is can you go in expecting a good film, the answer is yes. A resounding yes!"
157,Star Wars: The Last Jedi successfully combines the thrill-a-minute fun that's always been part of the saga with a fresh spin on the light/dark theme embedded into the epic tale's DNA.
158,"With every super-spoilable turn, 'The Last Jedi' anticipates backlash, and asks longtime devotees to look inward."
159,"This delightful if overlong film has so many arcs and subplots that you'll find yourself parsing them later... not because they don't work, but because the film packs so many scenes that reward closer-than-normal observation."
160,"Star Wars: The Last Jedi is a spirited continuation - sometimes spectacular, often humorous - of the never-ending space saga."
161,"With The Last Jedi, Rian Johnson's done to the Star Wars franchise what Joss Whedon had done for Marvel with The Avengers. Disney and Lucasfilm have another solid franchise base in the offing now."
162,"These are small choices, but important ones. The kind that make us care. The kind that make us ask, Who hurt you? Kylo Ren may be a boy at heart, but he's a villain in full."
163,"With The Last Jedi, Johnson finds that sweet spot of reverentially seeing out the old to firmly make way for a new, perhaps final, space odyssey."
164,"Hope for generational change, the power of any single, small, nameless dreamer, who may yet know a world not manipulated by gunrunners, moneychangers, the venal and power-mad. Forces against The Force. The sky is filled with more stars than we know."
165,There are more genuine laughs and emotional resonance here than any of the movies have managed since 'Empire' ... But does it have even a fraction of the weird cross-genre spark that animated the original trilogy? Not at all.
166,"With deft direction by Johnson and his script that has its ominous and mythical moments but never quite feels over-the-top or silly, this features strong work from Hamill, Ridley, Driver and Boyega."
167,"A poignant farewell to Carrie Fisher. With dynamite women leading the action on all fronts, The Last Jedi is a fitting tribute to her legacy."
168,"Even if real fanboys are not pleased with some of the revelations (and, perhaps, not all should be believed), the major impact of The Force will go a long way in keeping everyone relatively happy."
169,"The battle that inaugurates The Last Jedi is now and in the eyes of a lonely child, the ray of light in the sky that awakens his imagination. [Full review in Spanish]"
170,"Arguably the most beautifully directed film of the series so far. About as good as it gets for four-quadrant, tent-pole film-making. Wonderful."
171,"The Last Jedi is awe-inspiring and poignant. Expect to be riveted, despite its runtime of two-and-a-half hours."
172,"Overall, Star Wars: The Last Jedi is an engaging mesh of new and old threads of past and present Star Wars narratives coming together to make a cohesive and exciting film."
173,It's all watchable to those of us in the Skeptics Tribe. I tacked on an extra half star to the star rating for this solely because of my outsized affection for a glorious section in the middle that I enjoyed as I have few other Star Wars side journeys.
174,"Sci-fi violence, strong female characters in thrilling epic."
175,[Rian] Johnson's miscue has posed a disquieting question: Are these filmmakers authors or fans?
176,Star Wars: The Last Jedi is a muddled movie that has some incredibly high points and beautiful scenes... [but] also contains a lot of distracting filler.
177,"It's a Rian Johnson film through and through, which is why it feels like a breath of fresh air. [Full Review in Spanish]"
178,"There are also quite a few new creatures, among them various icicle dogs, turtle-face monks, and some impossibly cute thingies called Porgs, which look as if they nest in gift shops at night."
179,"However, as much time and energy has been devoted to the goings on of Rey, Ren, and their various friends and enemies, try as the film might, it doesn't generate much in the way of genuine interest in these characters."
180,The film is a relentless crowd-pleaser that has as much in common with a pedigreed art film as it does a traditional action blowout.
181,"The characters, like the movie, take what they need from the past, leave the rest behind, and forge ahead into unexpected and exciting new terrain."
182,"Star Wars: The Last Jedi is a visual spectacle that expands our understanding of the Force and how it shapes a ""galaxy far, far away,"" adding to the mythology and lore of this franchise."
183,"Just like The Empire Strikes Back set the benchmark for the ""orig trij"", The Last Jedi does the same for the sequel trilogy."
184,Johnson - like George Lucas before him - has an eye for capturing epic moments that simultaneously feel effortless and throwaway.
185,"In short it is a dynamic, action-packed addition to the 40-year-old series that no self-respecting fan will want to miss."
186,Remixing the structure of the originals with the aesthetics of the prequels.
187,"Rian Johnson's film is the real deal, a bold, risky venture unafraid to tell its own story, freed from the weight of nostalgia and formula."
188,A profound spiritual experience.
189,The Last Jedi represents a triumph for the series and will make you forget Jar Jar Binks ever existed.
190,"Johnson ends the film with the rebel forces on the defensive and with their resources mostly spent. Yet he offers a sliver of hope - there's that word again - as he assures us, when the screen fades to dark, that brighter days are ahead."
191,"Demonstrates an understanding of the Star Wars universe and its appeal, while also taking it into wonderful new directions"
192,"""Star Wars: The Last Jedi"" reminds us all over again why this franchise is so beloved."
193,"I can say that the film is visually spectacular, with another superb soundtrack from John Williams, and mostly well cast."
194,"Johnson is easily the most skilled filmmaker to helm one of these (it's not even close) and it's not just that the film has a surface beauty of its own. He's aware of what we expect narratively from a 'Star Wars' movie, and delights in subverting it."
195,But the biggest thing this eighth chapter does is change where things go next in a fundamental way.
196,"Armed with intelligent dialogue, fully dimensional characters, and the requisite wowie-zowie audio-visual effects, the Rian Johnson-Walt Disney Pictures-Lucasfilm-Ram Bergman Productions of Star Wars: The Last Jedi is pretty darned good."
197,"The Star Wars franchise is in good hands with writer-director Rian Johnson, who delivers an enthralling, often funny and at times achingly beautiful galactic adventure in The Last Jedi."
198,"By being easily the most unconventional film in the octet, The Last Jedi underscores exactly what Star Wars was always about. Hope. We need it now more than ever."
199,"It's easy to forget the original movie was a terrifically bold, innovative, industry-realigning blockbuster. Lucas dreamed big and took massive risks. In that sense, The Last Jedi could not be more different to the Star Wars created four decades ago."
200,"Writer and director Rian Johnson will surprise you with new story possibilities, new emotions, new visuals to feast your eyes on."
201,"... plenty of twists, turns and pleasant surprises to hold an audience rapt over the two-and-a-half-hour running time."
202,"The Last Jedi is the best Star Wars film since 1980's The Empire Strikes Back because it's so much more than stars and wars. It's those stories, joys, and pains of the heroes, villains, and nobodies who lived it."
203,"In practically every frame, writer-director Rian Johnson conveys how much fun it is to do this stuff."
204,"an entertaining, engaging ride, and it's all thanks to having a true filmmaker behind the lens"
205,"Rian Johnson understands how to balance the strengths of the franchise, which is simultaneously a fun action-comedy for kids, and a decades-long epic with meaty philosophical themes."
206,"Whew! ... The Last Jedi thankfully returns to the tone of fun, adventure, and especially camaraderie that J.J. Abrams established so well in The Force Awakens."
207,"[Johnson] clearly knows the material well enough to give us exactly what we expect, and he loves it enough to take it into new territory."
208,"Moving on from previous glories to start anew furnishes greater moments for the characters than the story, but it adds to a movie that's thoughtful, emotional and contemplative."
209,"If the previous entry presented a respectably staid melding of old and new, this one wires everything up, cranks the juice, and lets her rip."
210,"There is a thrilling space opera somewhere in Star Wars: The Last Jedi, if only it could rise above the echoes of its original mythology."
211,"Epic, fun, visually sumptuous, it will tug at your heart strings because we come to know the characters across several episodes and we root for them when we recognise our own emotional responses in theirs."
212,"The Last Jedi is not a film for the faint of heart. But courage, a sense of wonder, a resounding faith in the strength of love, and a healthy dose of hope will take you far."
213,Rian Johnson's wildly fun and thoughtful entry into the Star Wars canon finds its heroes at a precarious turning point.
214,The movie's richness invites more than one viewing.
215,"The Last Jedi continues that transition in a way that will gratify those who were around for the beginning of the series. In other words, let the space exploration continue."
216,"Certainly J.J. Abrams' 2015 ""Star Wars: The Force Awakens"" was more than satisfying, but Johnson steps it up several notches, digging deeper into characters, and even adding nuance to the ""Star Wars"" mythos."
217,"Even with the warts, Star Wars: The Last Jedi feels like a big, dazzling holiday present most Star Wars fans should be able to tear into and enjoy."
218,The Last Jedi is built on a series of oppositions relative to one of the best known films ever made. It's the prisoner of its middle chapter predecessor.
219,"The Last Jedi is a sample of what Disney intends to do with this franchise, turning it into a product full of cliches, empty plots, forgettable villains, [and] one-dimensional characters. [Full Review in Spanish]"
220,"Nothing less than the smartest, most nuanced, most ambitious Star Wars film ever made."
221,"Sporadically thrilling, but overlong, exhausting, tonally uneven, and often dull."
222,"Johnson works in the somewhat limited palette that is Star Wars, but this middle chapter in the new trilogy also starts to break out in ways that should excite fans at the prospect of what's to come."
223,"With the passage of time, The Last Jedi may rise again as a necessary film, essential between one and another of the saga. [Full review in Spanish]"
224,The forceful 'Star Wars: The Last Jedi' is a cinematic triumph.
225,"Simply put, if you love or even just enjoy the ""SW"" universe and its various trappings, you're going to, at a minimum, find this one to your liking. (Full Content Review for Parents - Violence, etc. - also Available)"
226,"Nothing in ""The Last Jedi"" is allowed to be mundane, including the places the filmmakers take the story."
227,"But these are minor quibbles compared to the depth, wonder, and sense of heroism that The Last Jedi brings back."
228,"In the end, ""The Last Jedi"" delivers everything you would want from a ""Star Wars"" movie, something that's become both a blessing and a curse."
229,"There are twists you won't see coming and just when you think you've figured everything out, Rian Johnson pulls a rabbit out of his hat."
230,"""Star Wars: The Last Jedi"" could very well be the definite evolution of the series yet."
231,"Rian Johnson, writer and director of this film, took my Star Wars reveries and served them back to me with vast improvements."
232,"Has fresh story beats and new ideas ... Yet as the complicated, messy plot unfolds, the lack of a larger vision in this new trilogy becomes more glaring."
233,"Rian Johnson's middle chapter in the current Star Wars trilogy is the epic you've been looking for. Capped by Mark Hamill in the performance of his career, it points the way ahead to a next generation of skywalkers - and, thrillingly, to a new hope."
234,"The true star is Mark Hamill, giving the performance of his career as the anguished, isolated, tortured former Jedi Master. His scenes are worth the ticket price alone."
235,"Muddled by bombast, but it finds significance in the art of failure as a means to an end for a new beginning (again) for Star Wars."
236,"The dialogue is peppered with droll admissions and Star Wars-savvy sarcasm, which helps to prick the heroic sweep so common to these trilogies."
237,"Where J.J. Abrams sought to give this new trilogy a firm but predictable foundation to build upon, Rian Johnson's The Last Jedi is a risk-taker. This is to be applauded absolutely."
238,"Unjustifiably long and with misplaced humour throughout, The Last Jedi nonetheless delivers some scintillating action, spine-tingling lore and a loving farewell to Fisher."
239,Goes in bold new directions while delivering familiarity. Written and directed with thoughtfulness and visual flair.
240,"Movies should be better than those we could imagine up on our own. Rian Johnson knows what we want to see, and shows it to us in ways we couldn't have envisioned without him."
241,"By now, the franchise is mainly about giving the audience more of what it's already given it, and the gifted writer-director Rian Johnson (Looper) delivers just that..."
242,"...a great Star Wars film, one that honours the traditions of the franchise but boldly pushes the envelope in terms of thematic complexity and emotional tone..."
243,"The Last Jedi deserves nothing but acclaim, and Johnson, an incredibly adept director, deserves to be handed as many future Star Wars films as he can manage."
244,Lucas Hit the Jackpot!
245,"A reboot of Empire Strikes Back, Star Wars: The Last Jedi is overlong, heavy-handed and fun if mostly uninspired."
246,"Older characters pass the baton to a new, female-centric generation led by the outstanding Daisy Ridley, the new face now a confident actress with great screen charisma."
247,Rian Johnson has made a Star Wars movie that features so many great additions to canon and mythological intrigue that will have fans buzzing for years.
248,"The perfectly paced new entry to our galaxy far, far away features so many new Star Wars moments to love...a journey full of classic hallmarks and new additions that maintains a balance of lighthearted fun, intense action and deep emotion."
249,"The Last Jedi is everything a Star Wars film should be, and so much more. Johnson weaves an emotionally rewarding tale while balancing all the essential sci-fi action expected."
250,"For Star Wars aficionados, this entry is one of the most galvanizing, from beginning to end. What an Odyssey."
251,What's most thrilling about The Last Jedi is Johnson's seamless blending of old and new Star Wars lore.
252,Star Wars fans old and new are guaranteed to have an absolute blast.
253,"The Last Jedi suffers from occasional inconsistencies in character and plot, but these quibbles are easily absorbed into the impressively vast and colorful canvas that Johnson paints with such passion and empathy."
254,"Thankfully The Last Jedi won't be the last Jedi movie, but it should be your next."
255,"Fisher would be proud of Episode VIII, an injection of freshness into a series always only one movie away from staidness -- such is the scrutiny of something as loaded as Star Wars."
256,The force is still strong with this one. It just takes the occasional wobble.
257,"For all the complexity of the sub-plots, the storyline is reassuringly familiar."
258,"Big space battles are one thing, but there are smaller action setpieces here that can only be described as beautiful."
259,"Carrie Fisher, in her final Star Wars performance, is the heart and soul of the film, stealing scenes with ease and on more than one occasion bringing lumps to the throat."
260,"There's a refreshing gender balance among the key characters. Laura Dern's Vice Admiral Holdo may be dressed more for the opera but don't be fooled, kids."
261,"Bottom line: ""Star Wars: The Last Jedi"" may not be the best installment in the now 40-year-old franchise, but it packs enough action and surprises to keep fans happy through the Christmas season and beyond."
262,[Daisy] Ridley already proved herself a worthy addition to the Star Wars fold and does nothing here to convince us that we weren't right to welcome her for what evidently will be a long run.
263,"The series feels like it is truly moving forward for the first time in decades, and that future now looks more promising."
264,"It's full of moments both thrilling and poignant, with anticipated reunions and goodbyes, and pulse-pounding action."
265,"While The Last Jedi acknowledges the inevitable comparisons to [The Empire Strikes Back] by setting up some similar scenarios, it then does original and surprising things with those moments."
266,"Entertains as comfort food in filmic form, but this is an altogether slighter experience than the spectacular one ""The Force Awakens"" provided. This is a fine film in spite of its many issues, easily recommendable to fans."
267,The last act overcomes a sluggish middle and is as thrilling as this franchise ever gets.
268,"The Last Jedi delivers the all-too-rare thrill of a huge popcorn movie that respects the intelligence of its audience, while also serving up plenty of moments designed to make them lose their damn minds."
269,"It's a compelling feature for the most part, but it's too obsessed with surprises, often sacrificing stability just to rattle fans."
270,"Gorgeous cinematography, solid performances & one of the best scenes in Star Wars history. Though, it has issues incl. unnecessary comedy that affects tone. Liked but didn't love."
271,"Regardless of the jokes and explicit exposition, there was enough real emotion to make me care. Given the absolute ridiculousness of what happens in this unapologetic space soap opera, making me feel anything at all is an undeniable measure of success."
272,...a bit of a placeholder.
273,"So much movie, I think my engorged eyeballs had to stick a finger down their throats and vomit out a couple of epic battle scenes just so they could get through the finale."
274,"The Last Jedi is an epic to inspire, an adventure that truly carries you to a galaxy far, far away, and will hold in your heart as all the best stories do."
275,"[The Last Jedi] features some of the best drama, comedy and action of the whole series, as well as more visual invention than ever. [Full review in French]"
276,"The Last Jedi repeatedly goes against your every instinct, takes your emotions for a roller coaster, and takes the characters we know in directions that will blow your mind."
277,Director/screenwriter Rian Johnson has truly delivered the galaxy goods on this event-the second installment of the sequel trilogy.
278,[Johnson] does his best work in The Last Jedi when he stops trying for narrative complexity and just stages some cool outer-space action.
279,"It arrives at a very dark moment indeed, and yet like the movies that preceded it, it speaks very powerfully to where we're at right now."
280,There's a sense that Johnson is giving busy-work to certain characters while others are catching up. The Last Jedi is a great 105-minute movie stretched too thin.
281,[Rian Johnson] achieves what no one else has since The Empire Strikes Back: a fusion of junkyard genre parts and passion.
282,"On the whole, this is a great step forward for the franchise - it's deeper, it's darker and it has porgs."
283,Nothing can prepare you for what Star Wars: The Last Jedi delivers and that's exactly what makes so damn near perfect.
284,"While I have laughed at times during previous ""Star Wars"" movies, I did not expect to do so as quickly as ""The Last Jedi"" made me."
285,"[Rain] Johnson crafts an entertaining, swashbuckling flick in the series' eighth film. It possesses the whimsy, the heart and light sabers necessary for reverence in the Star Wars canon."
286,"This is a movie not only for Star Wars fans but also for fans of losing themselves in, and falling in love with, blockbuster movies. That's a feeling most Hollywood movies have forgotten-and The Last Jedi is here to make us remember it."
287,"While familiar, this is a Star Wars film that isn't overly beholden to its past, playing with the tropes, themes, and characters of its predecessors in a way that is both unsettling but necessary."
288,"[Director Rian Johnson's] movie has a sense of humor about itself and a sense of joy, but its emotional generosity, even in the midst of all the extravagant green-screen work, is its best special effect."
289,The spectacles in Star Wars: The Last Jedi are some of the most powerful and believable in the franchises.
290,Have we ever had a relaunch followed immediately by a reboot?
291,"Star Wars: The Last Jedi launches the franchise to another level of action and humor thanks to incoming writer-director Rian Johnson, whose imagination seems boundless as George Lucas' 40 years ago."
292,"You don't have to be a Star Wars fan to love this addition to the canon (heck, it works even if you haven't seen any of the other movies)."
293,"In short, it feels like a new hope."
294,It's a constantly churning engine of wonder and excitement that grapples with elemental questions of good and evil that have always been the driving force of this universe.
295,"Johnson has delivered the goods: a film that isn't afraid to be ambitious, that delights and dazzles in equal measure, while providing a worthwhile emotional investment. It is a crowd-pleaser that will be wholeheartedly embraced by fans."
296,"It soars and sinks, shrewdly building on franchise lore while scoring cheap shots against capitalism. Frustrating it is, hmmm?"
297,"As indebted to the previous installments and ""Star Wars"" canon as it is to classic Westerns, sword-and-sandal epics and martial arts films.... it's the blend of reverence for its roots and embrace of the new that makes ""The Last Jedi"" a triumph."
298,"A stunning black, white, and red color pallette, thrilling adventure, appealing new characters, worthy developments for old friends and a cause to root for."
299,"Star Wars fans, your sky high expectations are rewarded. Rian Johnson takes the fabled lore from a galaxy far away into uncharted territory. He will have you spellbound."
300,"The movie comes off as a work that's ironed out, flattened down, appallingly purified."
301,"Rian Johnson clearly remembers something that Lucas' most fervent followers sometimes forget: These are movies for the young, or at least the young at heart."
302,"The Last Jedi is that very rare thing, a brilliantly crafted, intelligent blockbuster that will deserve every penny of its doubtless immense box-office returns."
303,"Efficiently manufactured and enjoyable enough but overloaded with action and effects, and sorely lacking the magic that marked the first movies in the franchise."
304,"The Last Jedi boasts many very good performances, ones that enrich the characters and which salute writer/director Johnson's ability to find the humanity within technology, something he proved early on with his artful time-travel thriller Looper."
305,A blockbuster with the beating heart of its creator worn proudly on its sleeve.
306,"[G]ets off to a bit of an uneven start, but finds its footing eventually... not the best of the series, and not the best of the new films, but it's still a worthwhile entry in the continuing saga..."
307,"A spectacular, full-throttle joyride of thrills, exhilarating, screen-filling visuals, emotional heft and humor, with familiar characters and new faces we'll almost certainly be seeing again."
308,The Last Jedi may not be a flawless film but continues to push the story forward. The film has a lot going for it and Rian Johnson seems to understand exactly what Star Wars fans are looking for.
309,"Star Wars: The Last Jedi builds upon Star Wars history for a more expansive, high-stakes adventure with plenty of fresh - and classic - elements."
310,"Without giving away any surprises, there will be endearing reunions, unexpected appearances and outcomes... [Full review in Spanish]"
311,"There's a trick to taking something old and making it bigger and more impressive, yet familiar enough to sate our desire for the same. With Last Jedi, Johnson pulls it off assuredly enough to please nearly everybody."
312,"The Last Jedi, however, opens up some new possibilities. It doesn't provide a ton of satisfying answers, but it creates some interesting questions. And it manages to make ""Star Wars"" feel new again."
313,"Perhaps like no film in the franchise yet, 'The Last Jedi' seriously considers the hubris that comes with certainty, and how knots from the past that can keep you bound from moving forward."
314,"While the central story concept of THE LAST JEDI, Luke's Dharmic apotheosis and Rey's Gnostic enlightenment, is a brilliant one, it's hounded by lopsided execution and a ham-fisted subplot..."
315,"Every moment where The Last Jedi almost takes a bold risk for the series, it undermines itself to maintain the status quo."
316,"Disney found a true ""Star Wars"" champion in Johnson and I'm eager to see what he does when he's able to craft the next trilogy from scratch."
317,"""The Last Jedi"" may not possess its immediate predecessors' pleasant shock of the new, nor is it a stylistic detour from what's expected. But it makes up for this with wit, spirit and one wicked saber smackdown."
318,"It's a film of genuine beauty, one where you come away as eager to talk about the set design and the choreography as you do the fate of the galaxy or what might happen next."
319,"""The Last Jedi"" is a rousing, stirring adventure that is consistently guided by the courage and fallibility of its characters, culminating in a sustained, riveting finale that overpowers any quibbles about pacing and plotting."
320,[Johnson's]often-stirring addition to the saga finally lands on an affecting point about the importance of preserving essential cultural tradition without clinging too strictly to the dogma -- and the texts -- of the old way.
321,Fans can expect plenty of surprises and awe-inspiring visual wizardry.
322,After this - I never thought I'd say it - I'm up for more. Bring on the next Star Wars.
323,"The first half of the movie works in fits and starts, but Johnson makes up for it in the second, when the bundle of subplots intertwine tighter, and the narrative rockets forward, its action fleet of foot and tightly tied to its emotional highs."
324,Everything a fan could want from a Star Wars film and then some.
325,"[Rian] Johnson's passion ends up giving wings to these last Jedi who, although wounded and disenchanted, resist stronger than ever. [Full Review in Spanish]"
326,"While there are elements nodding to The Empire Strikes Back, The Last Jedi is no copycat. In its most daring moments, it even tweaks a few series tropes, updating them with a decidedly populist kick."
327,"Writer-director Rian Johnson has certainly made the busiest Star Wars film of them all, but he keeps it from becoming a slog by infusing it with humor, verve, and visual charm."
328,"Splits its attentions between two threads, but only half delivers spectacularly with heart, thrills, and some truly beautiful story beats while the other limps through space."
329,"""The Last Jedi"" has as much heart as it has guts and that's a stirring combination. You walk out of the cinema reminded why it's sometimes worth fighting a battle you may well lose."
330,Rian Johnson's main feat is being savvy enough to know that sometimes the best thing to do is cherishing the past before burning it to the ground.
331,"But gradually, Johnson's many additions become too much of a good thing and The Last Jedi grows crowded, busy and long."
332,So many elements in Episode VIII are recycled that it could have been called Rerun of the Jedi.
333,"Falsely epic, uselessly lyrical. [Full Review in Spanish]"
334,Last Jedi is deep. It's also rollicking. It's right up there with the very first Star Wars in terms of its enjoyability factor. It's a triumph.
335,"When everything pulls in the same direction, as it does consistently in ""The Last Jedi,"" it's like watching a mind-boggling clockwork click into a deft ballet."
336,"That said, I'd stop short of calling director Rian Johnson's undeniably impressive initiation into the Star Wars fold the masterpiece that some desperately want it to be. The film simply drags too much in the middle."
337,"You cannot kill the past. What you can do is build on it to enable an intriguing future. At the very least, The Last Jedi does that."
338,"[Carrie Fisher] is luminous here. Every time she's on screen, it's impossible to look away, and she is as tough, loving, and wily as we would ever want our Leia to be."
339,"The emotional pay-offs are huge, the visuals are stunning, the performances are brilliant and, even as it eagerly explores the darkness, The Last Jedi never loses sight of its heart."
340,"""The Last Jedi"" is the best directed, most beautiful-looking ""Star Wars"" movie since ""The Empire Strikes Back."""
341,"'The Last Jedi' walks a fine line for fans, creating a solid standalone film that shines within the franchise canon."
342,"It feels fresh, exciting and playful, without losing the operatic grandeur Star Wars thrives upon."
343,"If Star Wars: The Last Jedi isn't a complete deconstruction of the original trilogy, it's at least an acknowledgement that these archetypical characters must evolve in order to survive."
344,"It's not a perfect movie by any means; some of the comedy is a little too silly and one or two of the plot threads feel a bit less important than the others, but these quibbles were minor when compared to the parts that work. Those REALLY work."
345,"The Last Jedi at its heart is a love letter to a childhood. From Luke's sly wink to an old friend to General Leia's leadership, the familiar heroes dominate the screen, earn the biggest applause and serve as a compass to the next generation."
346,"The Last Jedi opens up with one of the best space fights the series has seen, and it carries that quality throughout. It has one of the best light saber fights, one of the best endings, and some of the most fun the series has seen."
347,"It provides top-drawer popcorn entertainment for the casual cinema goer, while hardcore fans will love it for the respect it has for the franchise history and for what it promises for the future."
348,"My favorite among the new castmembers is Laura Dern as Leia's Vice Admiral Amilyn Holdo, a poker player of near-Vulcan inscrutability."
349,"This is a GREAT Star Wars movie, possibly the best. It's certainly more satisfying and easily the most emotional."
350,"This mid-section marker in the current trilogy simply doesn't disappoint, realising the courage of its convictions with an intelligent story and a heart-swelling emotional resonance."
351,"The Last Jedi is a top-of-the-line, A-plus Star Wars and scifi movie -- one that we'll be watching and discussing for as long as there's a galaxy far, far away."
352,The movie suffers a little from uneven pacing and occasionally lost my focus here and there but it is a worthy addition to the canon.
353,"The Last Jedi is not just a bold, fresh and humorous new addition to the franchise -- it's the one that will change it forever."
354,Mark Hamill has never been better in his interpretation of Luke Skywalker. [Full Review in Spanish]
355,"An excellent middle chapter bursting with wit, wisdom, emotion, shocks, old-fashioned derring-do, state-of-the-art tech, and stonking set-pieces."
356,"Taken as a whole, this eighth episode of the franchise will be porgnip for the faithful, though the answer to one of its Big Questions seems disappointing, and generously entertaining for the rest of us."
357,For those hoping that there may have been a substantial uptick in quality between J.J. Abrams's The Force Awakens and Rian Johnson's The Last Jedi-in much the same way that The Empire Strikes Back improved on Star Wars-you may need a new hope.
358,"When the feelings come in The Last Jedi, and they do come, they're deep and they're real. Go ahead and try to watch the penultimate scene without crying, or pretending not to. And may the Force be with you."
359,"It took them 40 years, but they've finally done it. The best Star Wars film of the series. There. That's it. It's that simple."
360,"It supplies us with all the things we expect - nay, demand - in a Star Wars movie, and manages to surprise us by revealing that this fictional universe, in which we've already clocked so many hours, can still surprise us."
361,The future of the galaxy has never been in safer hands.
362,"Propped up by strong material, every member of the Star Wars: The Last Jedi cast delivers performances worthy of the iconic franchise, but deserving special mention is Mark Hamill."
363,"It certainly captures the sense of awe and imagination of what we love best about that universe. While it's not entirely without faults, it is entirely entertaining."
364,"Star Wars has been with us for four decades now, telling that same essential story in a format that's overwhelming and engulfing. With wit, skill, and love, The Last Jedi takes up the torch and carries it for a new generation."
365,"By breaking down some of the old mythology, [Rian] Johnson has staked out new territory. For the first time in a long time, a ""Star Wars"" film feels forward-moving."
366,"The Last Jedi works on several levels, but most importantly it's a rip-roaring good time. That's what Star Wars fans want the most, and that's what they get with this dynamite installment."
367,Star Wars: The Last Jedi is the perfect antidote to the year that is 2017 and introduces the tonic for what we need to enter 2018: hope.
368,"Sure, The Last Jedi can occasionally be too goofy or free-roaming for its own good, but it's an impossible film to sit in front of and not have a good time."
369,"Time and again, [Rian] Johnson finds a cinematic grammar that feels new to Star Wars; big close-ups (tender touching hands), top shots, elegant camera tracks and pulling out in-world sound, leaving just music and image."
370,"The Last Jedi is funny, it's emotional, it's fast-paced and it has a good story to tell."
371,"... The Last Jedi challenges itself with moments that, if mishandled, could easily have tainted beloved Star Wars moments in the same way that many people feel the prequel trilogy did. Instead, it navigates those narrative rapids with aplomb."
372,"[Rian] Johnson's ability to deliver a fresh and engaging riff on this beast of an enterprise suggests that not every free-spirited storyteller can be corrupted by Hollywood's dark side, and some may even give it a new hope."
373,"The Last Jedi is the best Star Wars film since The Empire Strikes Back, and is awful close to being its equal."
374,"You don't see many sci-fi action extravaganzas that are about late middle-aged disappointment, about wondering what it's all about and whether any of it was worth it. It's this element that gives ""The Last Jedi"" an extra something ..."
375,"A nuanced, touching, humorous adventure, laced with thrilling space battles and some jaw-dropping visuals."
376,"The Johnson and Abrams movies live dutifully in the universe of the original George Lucas trilogy - after the Phantom Menace trilogy debacle, it's what fans claim they wanted."
377,"The Last Jedi mounts some genuinely startling narrative twists and feints, while charting an onward course for the franchise that has you itching to discover what comes next."
378,"The Force is, to me, still silly Star Wars mumbo jumbo, but Johnson finds a way to underscore it with humanity, with a classical Greek rumble of true pathos."
379,"The Last Jedi, unlike its predecessor, has the freedom to be daring, and perhaps the most thrilling thing about it-and there are many, many thrilling things-is how abundantly it takes advantage of that freedom."
380,"I lost count of the jaw-dropping moments The Last Jedi presents, and it's a movie I can't wait to revisit."
381,Star Wars: The Last Jedi makes for an inventive nail-biter of a chapter in the franchise's long run.
382,"Everything is respected, but nothing is sacred. It's a sweeping gut-punch. How it deals with our own hopes and dreams for these characters, and how deep it cuts into existential concerns that drive us all - its effects will run around in the mind."
383,"A fresh visual style makes this middle ""Star Wars"" a welcome addition to the saga."
384,"No matter how many exotic creatures & internecine struggles that galaxy far away may accommodate, it is a remarkably closed system, reechoing the same themes across the ages, & preferring regression & eternal return to anything like real progress."
385,"Every new Star Wars movie since Disney bought Lucasfilm has been heralded as the first worthy successor to the Original Trilogy, but with The Last Jedi it's finally true."
386,"I really enjoyed spunky, relatable Rose, and I held my breath every time she raced into danger."
387,"The Last Jedi, written and directed by the gifted indie auteur Rian Johnson, nails the balance of novelty and nostalgia in much more satisfying fashion."
388,"No one could mistake The Last Jedi for an outstanding contribution to cinema, or even to escapism, but it has its attractions."
389,"[Director Rian Johnson] doesn't radically reinvent Star Wars... But he does dig into the impulses behind the new trilogy's younger characters, cracking them open and examining their psychology in a way Star Wars rarely has."
390,"This is grand powerful entertainment, and one of the finest films in the Star Wars Saga."
391,Star Wars: The Last Jedi is the quintessential Star Wars movie. It embraces everything in the franchise that came before while taking big risks to push the story into new and unexpected places.
392,"This is an emotional ride all right, an incident-packed epic that introduces new characters, reacquaints us with old friends, answers some questions and raises some more."
393,Watching The Last Jedi is a conversation with your younger self.
394,"The Last Jedi is a very satisfying entry into the Star Wars Saga with some fantastic, jaw-dropping moments."
395,"That's not to say Star Wars: The Last Jedi will go down in history as a better movie than the franchise's gold standard, The Empire Strikes Back, but director Rian Johnson has pulled off a complete rejuvenation of the saga."
396,'The Last Jedi' is not a great movie because it's a 'Star Wars' film. It reasserts 'Star Wars' as a top-tier blockbuster franchise by being a great movie.
397,"Writer/director Rian Johnson's entry into the Star Wars canon is rebelliously bold at times and full of rousing surprises, which make up for a few lulls in the lengthy two-and-a-half-hour run time."
398,"The Last Jedi provides a resoundingly positive answer to an old smuggler's long-ago query: ""Let's see what this piece of junk can do."""
399,"A more complicated visit to a galaxy far far away, one that manages to be a great stand-alone adventure in its own right."
400,Star Wars: The Last Jedi is the greatest Star Wars film since The Empire Strikes Back
401,[The film] not only delivers everything fans could want from the sequel but also gives them a whole load of other stuff they never knew they wanted into the bargain.
402,"Falls right behind Empire Strikes Back and maybe the original film in providing the thrills and the heartbreak, the heroism and villainy, and the romance and betrayal that makes these films such a treat."
403,"Optimistically, The Last Jedi leaves plenty of intriguing possibilities for the climactic installment. But there's also the kind of room for improvement that remind us when it comes to Star Wars, such hopes -- new or otherwise -- spring eternal."
404,"More than anyone else on screen, Driver seems to know exactly how to pitch his character. He is magnetic in his scenes, and his sequences sing with (space) operatic melodrama that, for all its showiness, is absolutely correct for the piece."
405,A stellar entry that owes much to George Lucas' original films while finding a signature vibe of its own and unleashing a few welcome twists.
406,"Star Wars: The Last Jedi is striking, stunning, visually hypnotizing, thrilling - everything ""epic"" about the famed franchise rolled into a tremendously overcharged start to Rian Johnson's Star Wars career."
407,"Star Wars: The Last Jedi is weird, wild, emotional, and fantastic."
408,Johnson is to be lauded for not locking himself into a retelling of the same old story. While there is plenty of familiarity -- this franchise basically demands it -- he isn't afraid to go in new directions.
409,"""I laughed. I cried. I screamed and cheered so much that my throat went raw, and I left the theater on a high of exhilaration."""
410,"One of the strongest aspects of The Last Jedi is its writing. Written and directed by Rian Johnson, he shakes the foundations of The Force and puts everything we think we know to the test."
411,"It is a satisfying, at times transporting entertainment. Remarkably, it has visual wit and a human touch, no small achievement for a seemingly indestructible machine that revved up 40 years ago and shows no signs of sputtering out (ever)."
412,Loaded with action and satisfying in the ways its loyal audience wants it to be ... generally pleasing even as it sometimes strains to find useful and/or interesting things for some of its characters to do.
413,"This is the first Star Wars movie made by an artist instead of a craftsman, and it leaves us on the verge of something new. I'm very, very excited to see what that might be."
414,"Still, this is no mere placeholder of a story. Huge, important things happen to characters secondary and primary. Surprises big and small abound."
415,"Put simply, The Last Jedi is lodged several parsecs up its own black hole."
416,"No romance, little pathos and lacks a single heartfelt punch-in-the-gut moment."
417,I'm so thrilled that I'm able to say that Star Wars: The Last Jedi made my heart soar and filled me with happiness. I'm heartened to say that it did our Carrie proud.
418,"Johnson has crafted such a powerful, screaming geekgasm of a movie."
419,The Last Jedi gives you an explosive sugar rush of spectacle. It's a film that buzzes with belief in itself and its own mythic universe - a euphoric certainty that I think no other movie franchise has.
420,"The most intelligent film in the franchise by several light years, The Last Jedi can be seen as the space-opera equivalent of Clint Eastwood's revisionist western, Unforgiven."
421,The miracle of Star Wars: The Last Jedi is its rejection of series formality. Writer/director Rian Johnson manages to honor mythology while also having fun disrupting it.
422,"It may sound like a backhanded compliment, but with so much on the line, Johnson deserves credit for not messing things up."
423,"The Last Jedi goes big on identity, confusion and loss as [Rian] Johnson puts characters through the existential wringer like no Star Wars director before him."
424,"Rian Johnson's Episode VIII is a true space opera-a masterful blend of humor, fun, and pathos that bares the souls of its characters and pushes the franchise to new heights."
425,The best Star Wars since The Empire Strikes Back.
426,"Johnson has made something that isn't just a worthy addition to one of the most fan obsessed franchises ever, but is also a powerful standalone story."
427,No one can say that Star Wars: The Last Jedi is a previous entry in a different skin as Rian Johnson has crafted an installment that largely defies saga standard narrative structure and tone
428,Rian Johnson has created a movie that is both quintessentially Star Wars and richer than anything that has come before.
429,"For all its strengths, The Last Jedi is a very manic film, fueled by excellent ideas that could have been parsed out in smarter ways."
