id,created_at,source,original_text,clean_text,sentiment,polarity,subjectivity,lang,favorite_count,retweet_count,original_author,possibly_sensitive,hashtags,user_mentions,place,place_coord_boundaries
1131732021233848320,Fri May 24 01:21:55 +0000 2019,"<a href=""http://twitter.com"" rel=""nofollow"">Twitter Web Client</a>","RT @MuseumGuyScott: @RealRonHoward yes, I am 1000% onboard with this!! #StarWarsSolo #Solo was a great flick. Very much #StarWars! Let's ma…",RT MuseumGuyScott RealRonHoward yes I 1000 onboard StarWarsSolo Solo great flick Very much StarWars Let 's ma…,"Sentiment(polarity=0.53, subjectivity=0.505)",0.53,0.505,en,0,1,mosaiccanyon,,"StarWarsSolo, Solo, StarWars","MuseumGuyScott, RealRonHoward",,
1131726449713401856,Fri May 24 00:59:46 +0000 2019,"<a href=""http://twitter.com"" rel=""nofollow"">Twitter Web Client</a>","@RealRonHoward yes, I am 1000% onboard with this!! #StarWarsSolo #Solo was a great flick. Very much #StarWars! Let'… https://t.co/MvGliEI4fk",RealRonHoward yes I 1000 onboard StarWarsSolo Solo great flick Very much StarWars Let'… https //t.co/MvGliEI4fk,"Sentiment(polarity=0.53, subjectivity=0.505)",0.53,0.505,en,3,1,MuseumGuyScott,False,"StarWarsSolo, Solo, StarWars",RealRonHoward,"Bozeman, MT",
1131603315656204288,Thu May 23 16:50:29 +0000 2019,"<a href=""http://twitter.com/#!/download/ipad"" rel=""nofollow"">Twitter for iPad</a>","Okay, I’ve made the decision to want to #MakeSolo2Happen. I enjoyed #StarWarsSolo...and I think it will be good to… https://t.co/AqywmuAu9k",Okay I ’ made decision want MakeSolo2Happen I enjoyed StarWarsSolo ... I think good to… https //t.co/AqywmuAu9k,"Sentiment(polarity=0.5666666666666667, subjectivity=0.6)",0.5666666666666667,0.6,en,4,1,coffee_graff,,"MakeSolo2Happen, StarWarsSolo",,"Aurora, IN",
1130661391264878592,Tue May 21 02:27:37 +0000 2019,"<a href=""http://instagram.com"" rel=""nofollow"">Instagram</a>",You wondered where I am in that scene in Solo? Now you know x #starwars #starwarssolo #solostarwarsstory #hansolo… https://t.co/wwDsGSyERX,You wondered I scene Solo Now know x starwars starwarssolo solostarwarsstory hansolo… https //t.co/wwDsGSyERX,"Sentiment(polarity=0.0, subjectivity=0.0)",0.0,0.0,en,2,0,lainfreefall,False,"starwars, starwarssolo, solostarwarsstory, hansolo",,LDN,
1130125320995131393,Sun May 19 14:57:27 +0000 2019,"<a href=""http://twitter.com"" rel=""nofollow"">Twitter Web Client</a>",Just finished Star Wars Solo again you know? It really was not that bad. I would watch a Disney+ sequel or series b… https://t.co/OY6OVMNk2v,Just finished Star Wars Solo know It really bad I would watch Disney+ sequel series b… https //t.co/OY6OVMNk2v,"Sentiment(polarity=-0.6999999999999998, subjectivity=0.6666666666666666)",-0.6999999999999998,0.6666666666666666,en,0,0,1000thghostauto,,,,"Denver, CO",
